,ASPUS,ASPUS_M_PCT_CHG,ASPUS_Q_PCT_CHG,ASPUS_Q_PCT_CHG1,ASPUS_A_PCT_CHG,ASPUS_2A_PCT_CHG
1962-01-01,18327.0,0.005838381,0.011676761,0.011676761,0.064222186,0.069460359
1962-02-01,18434.0,0.005838381,0.011676761,0.011676761,0.064222186,0.069460359
1962-03-01,18541.0,0.005804492,0.011676761,0.011676761,0.064222186,0.069460359
1962-04-01,18648.0,0.005770994000000001,0.011608983,0.011608983,0.064222186,0.069460359
1962-05-01,18755.0,0.005737880999999999,0.011541988000000001,0.011541988000000001,0.064222186,0.069460359
1962-06-01,18862.0,0.005705145,0.011475761000000001,0.011475761000000001,0.064222186,0.069460359
1962-07-01,18969.0,0.005672781,0.011410291000000001,0.011410291000000001,0.064222186,0.069460359
1962-08-01,19076.0,0.005640782,0.011345563000000001,0.011345563000000001,0.064222186,0.069460359
1962-09-01,19183.0,0.005609141999999999,0.011281565,0.011281565,0.064222186,0.069460359
1962-10-01,19290.0,0.005577855,0.011218285,0.011218285,0.064222186,0.069460359
1962-11-01,19397.0,0.005546916,0.011155711,0.011155711,0.064222186,0.069460359
1962-12-01,19504.0,0.005516317,0.011093831,0.011093831,0.064222186,0.069460359
1963-01-01,19611.0,0.005486054000000001,0.011032634,0.011032634,0.06384940900000001,0.069460359
1963-02-01,19333.33,-0.01415889,-0.008750513,-0.008750513,0.042733941,0.069460359
1963-03-01,19366.67,0.001724483,-0.012458823999999999,-0.012458823999999999,0.038538717,0.069460359
1963-04-01,19400.0,0.0017209979999999998,0.003448449,0.003448449,0.034390829,0.069460359
1963-05-01,19333.33,-0.003436598,-0.001721514,-0.001721514,0.024988336,0.069460359
1963-06-01,19266.67,-0.003447932,-0.00687268,-0.00687268,0.015692446000000002,0.069460359
1963-07-01,19200.0,-0.00346038,-0.00689638,-0.00689638,0.006500315,0.069460359
1963-08-01,19333.33,0.006944271,0.003459861,0.003459861,0.007836626,0.069460359
1963-09-01,19466.67,0.006896898,0.013889061999999999,0.013889061999999999,0.009158631,0.069460359
1963-10-01,19600.0,0.006849143,0.013793278,0.013793278,0.010465536,0.069460359
1963-11-01,19600.0,0.0,0.006849143,0.006849143,0.0049220670000000005,0.069460359
1963-12-01,19600.0,0.0,0.0,0.0,-0.00056091,0.069460359
1964-01-01,19600.0,0.0,0.0,0.0,0.013793278,0.063252685
1964-02-01,19800.0,0.010204082,0.010204082,0.010204082,0.022375039,0.067903565
1964-03-01,20000.0,0.01010101,0.020408163,0.020408163,0.030927835,0.072501073
1964-04-01,20200.0,0.01,0.02020202,0.02020202,0.044827766,0.077046121
1964-05-01,20300.0,0.004950495,0.015,0.015,0.053633035999999995,0.076237939
1964-06-01,20400.0,0.004926108,0.00990099,0.00990099,0.0625,0.075438874
1964-07-01,20500.0,0.004901961,0.009852217,0.009852217,0.06034501,0.074648773
1964-08-01,20633.33,0.006503902,0.011437745,0.011437745,0.059931154,0.075604963
1964-09-01,20766.67,0.00646236,0.013008293,0.013008293,0.05952398,0.076551063
1964-10-01,20900.0,0.006420384,0.012924235,0.012924235,0.066326531,0.077486209
1964-11-01,21100.0,0.009569378,0.016051201,0.016051201,0.076530612,0.081829368
1964-12-01,21300.0,0.009478673,0.019138756,0.019138756,0.086734694,0.086125134
1965-01-01,21500.0,0.009389671,0.018957346,0.018957346,0.085858586,0.11206915699999999
1965-02-01,21333.33,-0.007752093000000001,0.001564789,0.001564789,0.06666649999999999,0.101548692
1965-03-01,21166.67,-0.007812189000000001,-0.015503721000000002,-0.015503721000000002,0.04785495,0.091065464
1965-04-01,21000.0,-0.007874171999999999,-0.015624846000000001,-0.015624846000000001,0.034482759,0.086207084
1965-05-01,21200.0,0.00952381,0.001574645,0.001574645,0.039215686,0.10034583
1965-06-01,21400.0,0.009433961999999999,0.019047619,0.019047619,0.043902439,0.11458333300000001
1965-07-01,21600.0,0.009345794000000001,0.018867925,0.018867925,0.046849927,0.11724157199999999
1965-08-01,21633.33,0.0015430560000000001,0.010903271,0.010903271,0.04173322,0.111301008
1965-09-01,21666.67,0.00154114,0.0030865740000000003,0.0030865740000000003,0.036682775,0.10544234699999999
1965-10-01,21700.0,0.001538307,0.0030818190000000004,0.0030818190000000004,0.028436019,0.107142857
1965-11-01,22033.33,0.015360829,0.016922767,0.016922767,0.034428638,0.12414949
1965-12-01,22366.67,0.015128898,0.03072212,0.03072212,0.040310233,0.141156633
1966-01-01,22700.0,0.014902978,0.030257342000000003,0.030257342000000003,0.06406266599999999,0.146464646
1966-02-01,22866.67,0.007342291,0.022354691,0.022354691,0.080314948,0.1433335
1966-03-01,23033.33,0.007288337,0.014684141000000001,0.014684141000000001,0.09682523800000001,0.140263861
1966-04-01,23200.0,0.0072360359999999995,0.014577112,0.014577112,0.09433962300000001,0.14285714300000002
1966-05-01,23133.33,-0.002873707,0.004341535,0.004341535,0.080996729,0.133986765
1966-06-01,23066.67,-0.0028815570000000003,-0.005746983000000001,-0.005746983000000001,0.067901389,0.125203415
1966-07-01,23000.0,-0.002890318,-0.005763545,-0.005763545,0.063174278,0.114701311
1966-08-01,22933.33,-0.0028986959999999997,-0.005780635,-0.005780635,0.058461222,0.104333531
1966-09-01,22866.67,-0.002906686,-0.005796956999999999,-0.005796956999999999,0.053763594000000005,0.09409904300000001
1966-10-01,22800.0,-0.0029155970000000002,-0.0058138090000000005,-0.0058138090000000005,0.034795921,0.08056872
1966-11-01,23200.0,0.01754386,0.014577112,0.014577112,0.03725767,0.08920187800000001
1966-12-01,23600.0,0.017241378999999998,0.035087718999999996,0.035087718999999996,0.039647577,0.097674419
1967-01-01,24000.0,0.016949153,0.034482759,0.034482759,0.049562529,0.125000176
1967-02-01,24066.67,0.002777917,0.019774153,0.019774153,0.044862814,0.13700785199999999
1967-03-01,24133.33,0.0027698059999999997,0.005555416999999999,0.005555416999999999,0.040229741,0.14920619
1967-04-01,24200.0,0.0027625690000000003,0.0055400269999999995,0.0055400269999999995,0.046109660999999996,0.14150943400000002
1967-05-01,24100.0,-0.004132231,-0.0013810779999999998,-0.0013810779999999998,0.044797537000000005,0.126168224
1967-06-01,24000.0,-0.004149378,-0.008264463,-0.008264463,0.043478261,0.111111111
1967-07-01,23900.0,-0.004166667,-0.008298755,-0.008298755,0.042151314,0.10477675
1967-08-01,24066.67,0.00697364,0.002777917,0.002777917,0.05247812599999999,0.110769214
1967-09-01,24233.33,0.00692493,0.013946861999999999,0.013946861999999999,0.062865351,0.11674331800000001
1967-10-01,24400.0,0.0068777180000000005,0.013850275,0.013850275,0.051724137999999996,0.10741317800000001
1967-11-01,24733.33,0.013661066000000001,0.02063274,0.02063274,0.048022458,0.105811907
1967-12-01,25066.67,0.01347736,0.027322541000000002,0.027322541000000002,0.044444582999999996,0.10425859
1968-01-01,25400.0,0.013297738,0.026954316000000002,0.026954316000000002,0.055401516,0.11078701
1968-02-01,25833.33,0.017060236,0.030584836,0.030584836,0.070441999,0.12156297
1968-03-01,26266.67,0.016774453999999998,0.034120866,0.034120866,0.085399587,0.132184052
1968-04-01,26700.0,0.016497333,0.03354852,0.03354852,0.10788381699999999,0.15417884099999998
1968-05-01,26666.67,-0.001248315,0.015228423999999999,0.015228423999999999,0.11111125,0.156069342
1968-06-01,26633.33,-0.00125025,-0.002497004,-0.002497004,0.11436527199999999,0.15797087
1968-07-01,26600.0,-0.001251439,-0.002500125,-0.002500125,0.105263005,0.15988389
1968-08-01,26733.33,0.005012406,0.0037546940000000003,0.0037546940000000003,0.103163701,0.169095894
1968-09-01,26866.67,0.004987781,0.010025188,0.010025188,0.10109303300000001,0.17836271899999998
1968-10-01,27000.0,0.004962654,0.009975188000000001,0.009975188000000001,0.091644352,0.163793103
1968-11-01,27200.0,0.0074074069999999995,0.012406822,0.012406822,0.085106239,0.152542373
1968-12-01,27400.0,0.007352941,0.014814815,0.014814815,0.078740157,0.141666667
1969-01-01,27600.0,0.00729927,0.014705882,0.014705882,0.068387235,0.146814246
1969-02-01,27766.67,0.006038768000000001,0.013382116999999999,0.013382116999999999,0.057106592000000005,0.150552783
1969-03-01,27933.33,0.00600216,0.012077174,0.012077174,0.046192135,0.154269835
1969-04-01,28100.0,0.005966707,0.01200468,0.01200468,0.053749868,0.165975104
1969-05-01,28100.0,0.0,0.005966707,0.005966707,0.055068967999999996,0.170833333
1969-06-01,28100.0,0.0,0.0,0.0,0.056390977,0.175732218
1969-07-01,28100.0,0.0,0.0,0.0,0.051122325999999996,0.167589866
1969-08-01,27766.67,-0.011862278,-0.011862278,-0.011862278,0.033498755,0.145804972
1969-09-01,27433.33,-0.012005041000000001,-0.023724911,-0.023724911,0.016049259,0.124316803
1969-10-01,27100.0,-0.012150548,-0.024009721,-0.024009721,-0.0036764709999999997,0.095687479
1969-11-01,27066.67,-0.0012298889999999999,-0.013365493999999999,-0.013365493999999999,-0.012165328000000001,0.079787223
1969-12-01,27033.33,-0.001231773,-0.0024601479999999997,-0.0024601479999999997,-0.020531522,0.06430433099999999
1970-01-01,27000.0,-0.001232922,-0.002463177,-0.002463177,-0.027611161000000002,0.045161425
1970-02-01,27100.0,0.0037037040000000004,0.002466215,0.002466215,-0.02983282,0.031725757
1970-03-01,27200.0,0.003690037,0.0074074069999999995,0.0074074069999999995,-0.03202847,0.018726592
1970-04-01,27300.0,0.0036764709999999997,0.007380074,0.007380074,-0.028469751,0.023749872
1970-05-01,26866.67,-0.015872894,-0.012254778999999999,-0.012254778999999999,-0.043890747,0.008761203
1970-06-01,26433.33,-0.016129278,-0.031746154,-0.031746154,-0.0593121,-0.006265789
1970-07-01,26000.0,-0.016393319,-0.032258185,-0.032258185,-0.063625563,-0.0274313
1970-08-01,26100.0,0.003846154,-0.012610216,-0.012610216,-0.048602558,-0.028536101
1970-09-01,26200.0,0.003831418,0.007692308,0.007692308,-0.033210332,-0.02962963
1970-10-01,26300.0,0.003816794,0.007662835,0.007662835,-0.028325242999999996,-0.033088235
1970-11-01,26633.33,0.012674143999999998,0.016539313,0.016539313,-0.014796548999999999,-0.027980657000000003
1970-12-01,26966.67,0.012515896,0.025348669,0.025348669,-0.001234444,-0.022946739
1971-01-01,27300.0,0.012360814,0.025031417,0.025031417,0.007380074,-0.016806841
1971-02-01,27733.33,0.015872894,0.02842991,0.02842991,0.019607721,-0.007159905
1971-03-01,28166.67,0.015625242,0.031746154,0.031746154,0.031746154,0.002372598
1971-04-01,28600.0,0.015384495,0.031250124,0.031250124,0.064515997,0.017793594
1971-05-01,28500.0,-0.0034965029999999998,0.011834200000000001,0.011834200000000001,0.078184247,0.014234875
1971-06-01,28400.0,-0.0035087720000000003,-0.006993007,-0.006993007,0.092307692,0.010676157
1971-07-01,28300.0,-0.003521127,-0.0070175440000000006,-0.0070175440000000006,0.084291188,0.019207561
1971-08-01,28266.67,-0.001177739,-0.004694718,-0.004694718,0.078880534,0.030376917000000003
1971-09-01,28233.33,-0.001179481,-0.00235583,-0.00235583,0.073510646,0.041820295
1971-10-01,28200.0,-0.00118052,-0.002358608,-0.002358608,0.058823662,0.041871793
1971-11-01,28466.67,0.009456383,0.0082647,0.0082647,0.055624220999999995,0.053021215
1971-12-01,28733.33,0.009367446,0.018912411,0.018912411,0.05250293,0.064197407
1972-01-01,29000.0,0.00928086,0.018735243999999998,0.018735243999999998,0.045673202999999996,0.070110701
1972-02-01,29133.33,0.004597586,0.013921115,0.013921115,0.034319286000000004,0.071078309
1972-03-01,29266.67,0.004576888,0.009195517,0.009195517,0.02331014,0.072039194
1972-04-01,29400.0,0.004555694,0.009153434,0.009153434,0.031578947,0.09429266800000001
1972-05-01,29700.0,0.010204082,0.014806263,0.014806263,0.045774648,0.12358147800000001
1972-06-01,30000.0,0.01010101,0.020408163,0.020408163,0.060070671,0.153846154
1972-07-01,30300.0,0.01,0.02020202,0.02020202,0.071933836,0.16091954
1972-08-01,30733.33,0.01430132,0.024444333,0.024444333,0.088547826,0.173027863
1972-09-01,31166.67,0.014100002,0.02860297,0.02860297,0.105201064,0.18504448699999998
1972-10-01,31600.0,0.013903635,0.028199678,0.028199678,0.110070128,0.186483252
1972-11-01,32000.0,0.012658228,0.026737858,0.026737858,0.113689224,0.186650039
1972-12-01,32400.0,0.0125,0.025316456,0.025316456,0.117241379,0.186813187
1973-01-01,32800.0,0.012345678999999998,0.025,0.025,0.125858252,0.18269245
1973-02-01,33566.67,0.023374085,0.036008333,0.036008333,0.146924812,0.191715954
1973-03-01,34333.33,0.022839917999999997,0.046747866,0.046747866,0.16780034,0.200466084
1973-04-01,35100.0,0.022330196,0.045680134000000004,0.045680134000000004,0.181818182,0.23157894699999998
1973-05-01,35366.67,0.007597436,0.030097284,0.030097284,0.17888900000000002,0.24530528199999999
1973-06-01,35633.33,0.007539867,0.015194586999999999,0.015194586999999999,0.176017492,0.25912826899999997
1973-07-01,35900.0,0.007483724000000001,0.015080017,0.015080017,0.168112925,0.27004702
1973-08-01,36133.33,0.006499443000000001,0.014031807,0.014031807,0.159358058,0.279811131
1973-09-01,36366.67,0.00645775,0.012999163999999999,0.012999163999999999,0.15084398699999998,0.289598227
1973-10-01,36600.0,0.00641604,0.012915223,0.012915223,0.14375,0.285714135
1973-11-01,37066.67,0.012750546000000001,0.019248394,0.019248394,0.144033025,0.290023468
1973-12-01,37533.33,0.012589747,0.02550082,0.02550082,0.144308841,0.294252759
1974-01-01,38000.0,0.012433482,0.025179764,0.025179764,0.132075359,0.304347975
1974-02-01,38200.0,0.005263158,0.01776208,0.01776208,0.11262146699999999,0.305239031
1974-03-01,38400.0,0.005235602,0.010526316,0.010526316,0.09401709400000001,0.30612244899999996
1974-04-01,38600.0,0.005208333,0.010471204,0.010471204,0.091423083,0.29966329999999997
1974-05-01,38733.33,0.003454145,0.008680469,0.008680469,0.086997202,0.291111
1974-06-01,38866.67,0.003442513,0.006908549,0.006908549,0.082637047,0.282728383
1974-07-01,39000.0,0.0034304459999999998,0.006884768,0.006884768,0.079335893,0.268980615
1974-08-01,39100.0,0.002564103,0.006003344,0.006003344,0.075160305,0.25454532
1974-09-01,39200.0,0.002557545,0.005128205,0.005128205,0.071038251,0.240506329
1974-10-01,39300.0,0.00255102,0.00511509,0.00511509,0.060251703,0.228125
1974-11-01,39833.33,0.013570738,0.016156378,0.016156378,0.06127886900000001,0.229423765
1974-12-01,40366.67,0.01338929,0.02714173,0.02714173,0.062280789,0.23069115899999998
1975-01-01,40900.0,0.013212138,0.026778329,0.026778329,0.070680628,0.218470584
1975-02-01,41466.67,0.013855012,0.027250204,0.027250204,0.079861198,0.207767205
1975-03-01,42033.33,0.013665433000000001,0.02770978,0.02770978,0.08894637300000001,0.197530769
1975-04-01,42600.0,0.013481443999999999,0.027331107,0.027331107,0.09982797800000001,0.20452392
1975-05-01,42466.67,-0.003129812,0.010309438,0.010309438,0.09262434900000001,0.19176821300000002
1975-06-01,42333.33,-0.0031398740000000004,-0.006259859,-0.006259859,0.08547,0.17920139300000001
1975-07-01,42200.0,-0.003149528,-0.0062795130000000005,-0.0062795130000000005,0.079283887,0.167896787
1975-08-01,42933.33,0.017377488,0.014173228999999999,0.014173228999999999,0.09523801,0.18056808600000002
1975-09-01,43666.67,0.017080902,0.034755213,0.034755213,0.111111196,0.193078415
1975-10-01,44400.0,0.016793816,0.034161571,0.034161571,0.114644445,0.197841619
1975-11-01,44933.33,0.012011937,0.029007479,0.029007479,0.11312947,0.19715809899999998
1975-12-01,45466.67,0.011869585,0.024024099,0.024024099,0.111654523,0.19649131600000003
1976-01-01,46000.0,0.011730131000000001,0.023738948,0.023738948,0.10932467,0.204188482
1976-02-01,46600.0,0.013043478,0.024926611,0.024926611,0.108644021,0.213541667
1976-03-01,47200.0,0.012875536000000002,0.026086957,0.026086957,0.107981221,0.22279792699999998
1976-04-01,47800.0,0.012711864,0.025751073,0.025751073,0.125588609,0.23407928
1976-05-01,47900.0,0.00209205,0.014830508000000001,0.014830508000000001,0.131496152,0.232418419
1976-06-01,48000.0,0.002087683,0.0041841000000000005,0.0041841000000000005,0.137440758,0.23076923100000002
1976-07-01,48100.0,0.0020833329999999997,0.004175365,0.004175365,0.120341702,0.230179028
1976-08-01,48833.33,0.015245946000000002,0.017361042,0.017361042,0.11832044900000001,0.245748214
1976-09-01,49566.67,0.015017202,0.030492099999999998,0.030492099999999998,0.116366441,0.26123842199999997
1976-10-01,50300.0,0.014794821000000001,0.030034199999999997,0.030034199999999997,0.119436285,0.262761612
1976-11-01,50733.33,0.008614911,0.023537187,0.023537187,0.115835622,0.256812365
1976-12-01,51166.67,0.008541525,0.01723002,0.01723002,0.112318913,0.25101882600000003
1977-01-01,51600.0,0.00846899,0.017082853000000002,0.017082853000000002,0.10729613699999999,0.24437289
1977-02-01,52500.0,0.01744186,0.026058565,0.026058565,0.112288136,0.249008822
1977-03-01,53400.0,0.017142857,0.034883721,0.034883721,0.117154812,0.253521127
1977-04-01,54300.0,0.016853933,0.034285714,0.034285714,0.133611691,0.278649821
1977-05-01,54200.0,-0.001841621,0.014981273,0.014981273,0.12916666699999999,0.28031506100000003
1977-06-01,54100.0,-0.001845018,-0.003683241,-0.003683241,0.124740125,0.281990521
1977-07-01,54000.0,-0.001848429,-0.003690037,-0.003690037,0.10580212300000001,0.257764073
1977-08-01,55166.67,0.021605000000000003,0.019716636000000003,0.019716636000000003,0.112979145,0.263358759
1977-09-01,56333.33,0.021147914,0.043209815,0.043209815,0.11994691800000001,0.268768694
1977-10-01,57500.0,0.02071012,0.04229601,0.04229601,0.13337721,0.279673685
1977-11-01,58100.0,0.010434783000000001,0.031361007999999996,0.031361007999999996,0.135504812,0.277859144
1977-12-01,58700.0,0.010327022,0.020869565,0.020869565,0.137596899,0.27608695699999997
1978-01-01,59300.0,0.010221465,0.020654045,0.020654045,0.12952381,0.272532189
1978-02-01,60066.67,0.012928668,0.023282282999999997,0.023282282999999997,0.12484400699999999,0.27259894100000004
1978-03-01,60833.33,0.012763483999999999,0.025857167,0.025857167,0.12031915300000001,0.272663808
1978-04-01,61600.0,0.012602795,0.025527135,0.025527135,0.136531365,0.286012526
1978-05-01,62233.33,0.010281331,0.0230137,0.0230137,0.15033881699999999,0.296527708
1978-06-01,62866.67,0.010176862,0.020562825,0.020562825,0.164197593,0.306999376
1978-07-01,63500.0,0.010074178,0.020353563,0.020353563,0.151057332,0.300341386
1978-08-01,64466.67,0.01522315,0.025450688,0.025450688,0.144378825,0.300605225
1978-09-01,65433.33,0.014994725,0.030446142000000002,0.030446142000000002,0.137970957,0.300861431
1978-10-01,66400.0,0.014773358,0.029989605,0.029989605,0.14285714300000002,0.308804291
1978-11-01,67033.33,0.009538102,0.02445237,0.02445237,0.141964736,0.31009756899999996
1978-12-01,67666.67,0.009448136,0.019076355,0.019076355,0.141090556,0.311369574
1979-01-01,68300.0,0.009359556,0.018896121999999998,0.018896121999999998,0.13706985900000002,0.300952381
1979-02-01,69666.67,0.02000981,0.029556648999999997,0.029556648999999997,0.145205597,0.304619288
1979-03-01,71033.33,0.019617128,0.040019473,0.040019473,0.153138474,0.308164457
1979-04-01,72400.0,0.019239841,0.0392344,0.0392344,0.163363747,0.335793358
1979-05-01,73000.0,0.008287293000000001,0.02768658,0.02768658,0.161187637,0.34935305
1979-06-01,73600.0,0.008219178,0.016574586000000002,0.016574586000000002,0.159055118,0.36296296299999997
1979-07-01,74200.0,0.008152174,0.016438356,0.016438356,0.15098236,0.345015024
1979-08-01,73700.0,-0.006738544,0.0013586960000000002,0.0013586960000000002,0.126337296,0.30828410100000003
1979-09-01,73200.0,-0.006784261,-0.013477089,-0.013477089,0.10240963900000001,0.273043478
1979-10-01,72700.0,-0.0068306009999999995,-0.013568521000000002,-0.013568521000000002,0.084535111,0.251290878
1979-11-01,73000.0,0.004126547,-0.00273224,-0.00273224,0.078817681,0.243611584
1979-12-01,73300.0,0.004109589,0.008253095,0.008253095,0.073206442,0.23608769
1980-01-01,73600.0,0.0040927690000000004,0.008219178,0.008219178,0.05645928,0.225305148
1980-02-01,73866.67,0.0036232340000000004,0.007730831999999999,0.007730831999999999,0.039887473,0.21424669699999999
1980-03-01,74133.33,0.003610018,0.007246331999999999,0.007246331999999999,0.023941022000000003,0.20346314899999998
1980-04-01,74400.0,0.003597167,0.007220171,0.007220171,0.019178082,0.195500867
1980-05-01,75433.33,0.013888844,0.017535972,0.017535972,0.024909375,0.199893839
1980-06-01,76466.67,0.013698719,0.027777822999999997,0.027777822999999997,0.030548113,0.20419952800000002
1980-07-01,77500.0,0.013513468999999998,0.027397306,0.027397306,0.05156038,0.202171603
1980-08-01,78333.33,0.010752645,0.02441142,0.02441142,0.070127459,0.19714723399999998
1980-09-01,79166.67,0.010638383000000001,0.021505418999999998,0.021505418999999998,0.088950069,0.19226912699999998
1980-10-01,80000.0,0.010526273000000001,0.021276639,0.021276639,0.095890411,0.19343616100000002
1980-11-01,80300.0,0.00375,0.014315747,0.014315747,0.09549795400000001,0.186699449
1980-12-01,80600.0,0.00373599,0.0075,0.0075,0.09510869599999999,0.180087848
1981-01-01,80900.0,0.003722084,0.00747198,0.00747198,0.095216557,0.16124396400000002
1981-02-01,82033.33,0.014009023,0.017783251,0.017783251,0.10656475300000001,0.154856882
1981-03-01,83166.67,0.013815603999999999,0.028018171,0.028018171,0.117831586,0.148710912
1981-04-01,84300.0,0.013627213999999999,0.027631086000000003,0.027631086000000003,0.11754313400000001,0.154794521
1981-05-01,84133.33,-0.001977106,0.011623166,0.011623166,0.10026146,0.143115897
1981-06-01,83966.67,-0.001980903,-0.003954093,-0.003954093,0.083440903,0.13162628
1981-07-01,83800.0,-0.001984954,-0.003961926,-0.003961926,0.06978728,0.137042062
1981-08-01,83766.67,-0.00039773300000000005,-0.002381897,-0.002381897,0.058105261,0.144353415
1981-09-01,83733.33,-0.00039801,-0.000795585,-0.000795585,0.046666625,0.15176519900000002
1981-10-01,83700.0,-0.00039804900000000004,-0.000795901,-0.000795901,0.04234122,0.146575342
1981-11-01,82866.67,-0.009956153,-0.010350239,-0.010350239,0.028122457000000003,0.130513915
1981-12-01,82033.33,-0.010056395,-0.019912425,-0.019912425,0.014009023,0.114583288
1982-01-01,81200.0,-0.010158432,-0.02011267,-0.02011267,-0.010158432,0.099277929
1982-02-01,82700.0,0.018472906,0.008126819,0.008126819,-0.005611262,0.11555760400000001
1982-03-01,84200.0,0.018137848,0.036945813,0.036945813,-0.00118624,0.13172043
1982-04-01,85700.0,0.017814727,0.036275695,0.036275695,0.018621276000000003,0.136102569
1982-05-01,85100.0,-0.007001166999999999,0.010688836,0.010688836,0.013497378999999999,0.112903177
1982-06-01,84500.0,-0.007050529,-0.014002333999999998,-0.014002333999999998,0.008353221999999999,0.090322581
1982-07-01,83900.0,-0.007100591999999999,-0.014101058,-0.014101058,0.001591683,0.071063875
1982-08-01,84133.33,0.0027810490000000003,-0.00433929,-0.00433929,0.00477707,0.062736755
1982-09-01,84366.67,0.002773455,0.0055622169999999995,0.0055622169999999995,0.007964994,0.054583375
1982-10-01,84600.0,0.002765666,0.005546791,0.005546791,0.020917095,0.053549190999999996
1982-11-01,85300.0,0.008274232,0.011062781,0.011062781,0.039821253,0.058312655
1982-12-01,86000.0,0.008206330999999999,0.016548463,0.016548463,0.0591133,0.063040791
1983-01-01,86700.0,0.008139535,0.016412661000000002,0.016412661000000002,0.04836759400000001,0.056887487
1983-02-01,87500.0,0.00922722,0.01744186,0.01744186,0.039192398999999996,0.05210416599999999
1983-03-01,88300.0,0.009142856999999999,0.018454441000000002,0.018454441000000002,0.03033839,0.047449585
1983-04-01,89100.0,0.009060023,0.018285713999999998,0.018285713999999998,0.047003525,0.059033322
1983-05-01,90233.33,0.012719753,0.021895017000000003,0.021895017000000003,0.067850059,0.07463270799999999
1983-06-01,91366.67,0.012560103999999999,0.025439617999999997,0.025439617999999997,0.088994875,0.090294391
1983-07-01,92500.0,0.012404195,0.025120097,0.025120097,0.099445368,0.104257815
1983-08-01,91933.33,-0.006126161999999999,0.006202043000000001,0.006202043000000001,0.089687788,0.09792994
1983-09-01,91366.67,-0.006163815,-0.012252216000000002,-0.012252216000000002,0.079984279,0.091597013
1983-10-01,90800.0,-0.006202152,-0.012327738000000001,-0.012327738000000001,0.064478312,0.095736078
1983-11-01,92100.0,0.014317181000000002,0.008026231,0.008026231,0.070930233,0.12271438900000001
1983-12-01,93400.0,0.014115092,0.028634361,0.028634361,0.07727797,0.150246305
1984-01-01,94700.0,0.01391863,0.028230185,0.028230185,0.08228571400000001,0.145102781
1984-02-01,96200.0,0.015839493,0.029978587,0.029978587,0.089467724,0.142517815
1984-03-01,97700.0,0.015592516,0.031678986,0.031678986,0.09652076300000001,0.140023337
1984-04-01,99200.0,0.015353122,0.031185031000000002,0.031185031000000002,0.09937203900000001,0.165687427
1984-05-01,98966.67,-0.002352117,0.012964893,0.012964893,0.083181318,0.171203195
1984-06-01,98733.33,-0.0023577629999999997,-0.004704335,-0.004704335,0.067387351,0.176797735
1984-07-01,98500.0,-0.002363234,-0.004715426,-0.004715426,0.07142861,0.170760744
1984-08-01,98266.67,-0.002368832,-0.0047264690000000005,-0.0047264690000000005,0.07551988,0.16475700699999998
1984-09-01,98033.33,-0.002374559,-0.004737766,-0.004737766,0.079662225,0.158786407
1984-10-01,97800.0,-0.002380109,-0.004749016,-0.004749016,0.061889251,0.146541618
1984-11-01,98033.33,0.0023857870000000003,0.0,0.0,0.049607387999999995,0.13992244199999998
1984-12-01,98266.67,0.002380211,0.004771677,0.004771677,0.03766283,0.133410265
1985-01-01,98500.0,0.002374457,0.00476032,0.00476032,0.023908524,0.125714286
1985-02-01,99166.67,0.006768223,0.009158751,0.009158751,0.015011975,0.123065345
1985-03-01,99833.33,0.006722621999999999,0.013536345,0.013536345,0.006384375,0.12046386099999999
1985-04-01,100500.0,0.00667783,0.013445344,0.013445344,0.015493398,0.11377913199999999
1985-05-01,100500.0,0.0,0.00667783,0.00667783,0.01789335,0.099963477
1985-06-01,100500.0,0.0,0.0,0.0,0.020304568999999998,0.086486486
1985-07-01,100500.0,0.0,0.0,0.0,0.022727237999999997,0.093183506
1985-08-01,101600.0,0.010945274,0.010945274,0.010945274,0.036382218,0.11200287800000001
1985-09-01,102700.0,0.010826772,0.021890547000000003,0.021890547000000003,0.050102249,0.131057269
1985-10-01,103800.0,0.010710808,0.021653542999999997,0.021653542999999997,0.058823565,0.127035831
1985-11-01,104633.33,0.008028226999999999,0.018825024,0.018825024,0.064789618,0.12027119900000001
1985-12-01,105466.67,0.007964384,0.016056551000000002,0.016056551000000002,0.07072761400000001,0.11369239699999999
1986-01-01,106300.0,0.007901359,0.015928671999999998,0.015928671999999998,0.071932737,0.104989605
1986-02-01,108200.0,0.017873942,0.025916529,0.025916529,0.08380638,0.107471853
1986-03-01,110100.0,0.017560074,0.035747883,0.035747883,0.09552238800000001,0.10987903199999999
1986-04-01,112000.0,0.017257039,0.035120148,0.035120148,0.11442786099999999,0.131694135
1986-05-01,112800.0,0.007142857,0.024523161,0.024523161,0.12238806,0.142471342
1986-06-01,113600.0,0.007092199,0.014285714,0.014285714,0.130348259,0.15329949199999998
1986-07-01,114400.0,0.007042254,0.014184397,0.014184397,0.125984252,0.164179065
1986-08-01,114800.0,0.0034965029999999998,0.01056338,0.01056338,0.11781889,0.171030302
1986-09-01,115200.0,0.003484321,0.006993007,0.006993007,0.10982659,0.17791411
1986-10-01,115600.0,0.003472222,0.006968640999999999,0.006968640999999999,0.10481048400000001,0.179190792
1986-11-01,117333.33,0.014994203999999999,0.01851849,0.01851849,0.11251573599999999,0.19402977600000001
1986-12-01,119066.67,0.014772785,0.029988495,0.029988495,0.120100376,0.20879868
1987-01-01,120800.0,0.014557641999999999,0.029545484,0.029545484,0.11645101699999999,0.21815122
1987-02-01,122566.67,0.014624752,0.029395296,0.029395296,0.113230427,0.22771292899999998
1987-03-01,124333.33,0.01441387,0.029249421,0.029249421,0.11011901800000001,0.237147562
1987-04-01,126100.0,0.014209142,0.028827821,0.028827821,0.11790780099999999,0.254726368
1987-05-01,127366.67,0.010044964,0.024396837,0.024396837,0.121185475,0.26733005
1987-06-01,128633.33,0.009944988,0.020089849,0.020089849,0.12441722,0.279933632
1987-07-01,129900.0,0.009847136999999999,0.019890054,0.019890054,0.13153310099999999,0.278543307
1987-08-01,131100.0,0.009237875,0.019175979,0.019175979,0.138020833,0.276533593
1987-09-01,132300.0,0.009153318,0.018475751000000002,0.018475751000000002,0.14446366800000002,0.274566474
1987-10-01,133500.0,0.009070295,0.018306636,0.018306636,0.137784123,0.27588408
1987-11-01,134966.67,0.010986292,0.020156236,0.020156236,0.13353863,0.27970922
1987-12-01,136433.33,0.010866831,0.021972508999999998,0.021972508999999998,0.129414983,0.283474412
1988-01-01,137900.0,0.010750086,0.021733736,0.021733736,0.125101955,0.274491682
1988-02-01,136866.67,-0.0074933280000000005,0.003176203,0.003176203,0.100804346,0.243112352
1988-03-01,135833.33,-0.007549975,-0.01498673,-0.01498673,0.077187391,0.21279758899999998
1988-04-01,134800.0,-0.007607338000000001,-0.015099878,-0.015099878,0.058361658,0.19503546100000002
1988-05-01,137033.33,0.01656773,0.008834356,0.008834356,0.065301893,0.20627931300000002
1988-06-01,139266.67,0.016297787,0.033135534,0.033135534,0.072106774,0.217365997
1988-07-01,141500.0,0.016036357,0.032595501,0.032595501,0.079328757,0.232578397
1988-08-01,141133.33,-0.002591307,0.013403493999999998,0.013403493999999998,0.06676742299999999,0.225115712
1988-09-01,140766.67,-0.002597969,-0.005182544,-0.005182544,0.054431985,0.217704758
1988-10-01,140400.0,-0.002604807,-0.0051960090000000006,-0.0051960090000000006,0.040256828,0.19659094300000002
1988-11-01,141700.0,0.009259259,0.006630334,0.006630334,0.038602517,0.190089552
1988-12-01,143000.0,0.009174311999999999,0.018518519,0.018518519,0.036983321,0.183774834
1989-01-01,144300.0,0.009090909,0.018348623999999997,0.018348623999999997,0.054310739000000004,0.177318434
1989-02-01,145133.33,0.005774983000000001,0.014918391999999999,0.014918391999999999,0.068466259,0.16729223
1989-03-01,145966.67,0.0057418930000000005,0.011550035,0.011550035,0.08283879799999999,0.157546947
1989-04-01,146800.0,0.0057090430000000005,0.011483716000000001,0.011483716000000001,0.071272223,0.152577829
1989-05-01,147933.33,0.007720232,0.01347335,0.01347335,0.062230682999999995,0.15003887400000002
1989-06-01,149066.67,0.007661154,0.015440531,0.015440531,0.05347469999999999,0.147549423
1989-07-01,150200.0,0.00760284,0.01532224,0.01532224,0.064241877,0.14569031300000002
1989-08-01,150533.33,0.0022192410000000003,0.009838953000000001,0.009838953000000001,0.069381907,0.137818065
1989-09-01,150866.67,0.002214393,0.004438549,0.004438549,0.074548932,0.13008741599999998
1989-10-01,151200.0,0.002209434,0.00442872,0.00442872,0.06704304900000001,0.120276584
1989-11-01,150633.33,-0.003747817,-0.001546664,-0.001546664,0.05337993,0.104080139
1989-12-01,150066.67,-0.00376185,-0.0074955690000000005,-0.0074955690000000005,0.039963063,0.088228209
1990-01-01,149500.0,-0.0037761220000000002,-0.0075237659999999994,-0.0075237659999999994,0.030087299999999997,0.092303919
1990-02-01,150066.67,0.003790435,0.0,0.0,0.028088604,0.10478532800000001
1990-03-01,150633.33,0.003776055,0.0075808030000000005,0.0075808030000000005,0.026112602000000002,0.11745793800000001
1990-04-01,151200.0,0.0037619159999999997,0.007552176999999999,0.007552176999999999,0.022082042000000003,0.10338119900000001
1990-05-01,149300.0,-0.012566138000000001,-0.008851494,-0.008851494,0.0015652729999999998,0.072044015
1990-06-01,147400.0,-0.012726055,-0.025132275,-0.025132275,-0.018641811,0.041696113
1990-07-01,145500.0,-0.012890095,-0.02545211,-0.02545211,-0.033436648,0.030940033999999998
1990-08-01,147033.33,0.010538351000000001,-0.002487585,-0.002487585,-0.025408793,0.044518067
1990-09-01,148566.67,0.01042852,0.02107677,0.02107677,-0.017416203999999998,0.058167165
1990-10-01,150100.0,0.010320820999999999,0.020856971999999998,0.020856971999999998,-0.0035405840000000003,0.059280169
1990-11-01,150433.33,0.00222072,0.01256446,0.01256446,0.002443314,0.05198132900000001
1990-12-01,150766.67,0.002215865,0.004441506,0.004441506,0.008472709,0.044814068
1991-01-01,151100.0,0.0022109,0.004431664,0.004431664,0.0068858059999999995,0.041111645
1991-02-01,150133.33,-0.006397551,-0.004200796,-0.004200796,-0.0033193190000000003,0.028545284
1991-03-01,149166.67,-0.006438676999999999,-0.012795036000000001,-0.012795036000000001,-0.01344795,0.01612173
1991-04-01,148200.0,-0.006480469,-0.01287742,-0.01287742,-0.007367716,0.001802636
1991-05-01,147266.67,-0.006297773,-0.01273743,-0.01273743,-0.000904545,-0.012075134
1991-06-01,146333.33,-0.006337754,-0.012595614,-0.012595614,0.0057273540000000005,-0.025743475
1991-07-01,145400.0,-0.006378109,-0.012675441,-0.012675441,-0.01110857,-0.034100952999999996
1991-08-01,145066.67,-0.002292503,-0.008655991,-0.008655991,-0.023558447000000003,-0.038444542000000005
1991-09-01,144733.33,-0.00229784,-0.0045850759999999996,-0.0045850759999999996,-0.035753964,-0.042768981
1991-10-01,144400.0,-0.0023030629999999997,-0.0045956109999999994,-0.0045956109999999994,-0.040106338,-0.041380815
1991-11-01,144433.33,0.000230817,-0.002072778,-0.002072778,-0.04200756,-0.037538915
1991-12-01,144466.67,0.000230833,0.000461704,0.000461704,-0.043900265,-0.033667759
1992-01-01,144500.0,0.00023071099999999998,0.00046159699999999995,0.00046159699999999995,-0.037522181,-0.037094646
1992-02-01,144766.67,0.0018454670000000002,0.002076604,0.002076604,-0.029497206,-0.038946626
1992-03-01,145033.33,0.001841999,0.003690865,0.003690865,-0.021367544,-0.040784854
1992-04-01,145300.0,0.001838681,0.0036840659999999997,0.0036840659999999997,-0.013354481000000001,-0.026791695
1992-05-01,144100.0,-0.008258775,-0.006435279,-0.006435279,-0.015261937,-0.02238806
1992-06-01,142900.0,-0.00832755,-0.01651755,-0.01651755,-0.017193948,-0.017869416000000003
1992-07-01,141700.0,-0.008397481,-0.016655101000000002,-0.016655101000000002,-0.023207743,-0.036272932
1992-08-01,143533.33,0.012938109,0.00443198,0.00443198,-0.00829111,-0.033879335
1992-09-01,145366.67,0.012772921999999999,0.025876287999999997,0.025876287999999997,0.006694391,-0.03153451
1992-10-01,147200.0,0.012611763,0.025545774,0.025545774,0.019155343000000002,-0.021493442
1992-11-01,146366.67,-0.005661209,0.006879156,0.006879156,0.013151821999999999,-0.029184169
1992-12-01,145533.33,-0.005693509,-0.011322486000000001,-0.011322486000000001,0.007151073000000001,-0.036840966
1993-01-01,144700.0,-0.005726042,-0.01138695,-0.01138695,-0.000460534,-0.036190032000000004
1993-02-01,146100.0,0.00967519,0.003893747,0.003893747,0.007354654,-0.020558681000000002
1993-03-01,147500.0,0.009582478,0.01935038,0.01935038,0.015141087,-0.004723347
1993-04-01,148900.0,0.009491525,0.019164956,0.019164956,0.033310201,0.011090969
1993-05-01,148600.0,-0.002014775,0.007457627,0.007457627,0.039888033999999996,0.015489773
1993-06-01,148300.0,-0.0020188429999999998,-0.00402955,-0.00402955,0.046577275999999994,0.019944978999999998
1993-07-01,148000.0,-0.0020229270000000003,-0.004037685,-0.004037685,0.031119392000000003,0.020220565
1993-08-01,148100.0,0.0006756760000000001,-0.0013486179999999998,-0.0013486179999999998,0.018803003000000002,0.023261194
1993-09-01,148200.0,0.0006752189999999999,0.001351351,0.001351351,0.006793478,0.026315789
1993-10-01,148300.0,0.0006747639999999999,0.001350439,0.001350439,0.013208813,0.026771313999999997
1993-11-01,150066.67,0.011912812,0.012595614,0.012595614,0.03114984,0.038763266
1993-12-01,151833.33,0.011772501000000001,0.023825556,0.023825556,0.049297374000000005,0.050749689
1994-01-01,153600.0,0.011635588,0.023545068,0.023545068,0.051334702,0.061017705
1994-02-01,153800.0,0.001302083,0.012952821000000002,0.012952821000000002,0.042711864,0.060445899000000004
1994-03-01,154000.0,0.00130039,0.002604167,0.002604167,0.034251175,0.059876118
1994-04-01,154200.0,0.001298701,0.00260078,0.00260078,0.037685061,0.070090215
1994-05-01,153733.33,-0.0030263940000000004,-0.0017316229999999998,-0.0017316229999999998,0.036637424,0.075810567
1994-06-01,153266.67,-0.003035516,-0.006052724000000001,-0.006052724000000001,0.035585608,0.081627876
1994-07-01,152800.0,-0.0030448240000000002,-0.006071096999999999,-0.006071096999999999,0.031735314,0.064561102
1994-08-01,153900.0,0.007198953,0.00413221,0.00413221,0.038461537999999997,0.058702107999999996
1994-09-01,155000.0,0.007147498,0.014397906,0.014397906,0.045178692,0.05298913
1994-10-01,156100.0,0.007096774,0.014294997,0.014294997,0.040204331,0.066499634
1994-11-01,155233.33,-0.005552018000000001,0.001505355,0.001505355,0.022392975,0.066651399
1994-12-01,154366.67,-0.005582951,-0.011103972,-0.011103972,0.004991341,0.066804907
1995-01-01,153500.0,-0.00561436,-0.011165965,-0.011165965,-0.001950585,0.05065024
1995-02-01,155300.0,0.011726384,0.006046189,0.006046189,0.008441558,0.052881356
1995-03-01,157100.0,0.01159047,0.023452769,0.023452769,0.018806744,0.055070517
1995-04-01,158900.0,0.01145767,0.02318094,0.02318094,0.033608002000000005,0.069313594
1995-05-01,158500.0,-0.002517306,0.008911521,0.008911521,0.034145258,0.06877950099999999
1995-06-01,158100.0,-0.002523659,-0.005034613,-0.005034613,0.034685864,0.068243243
1995-07-01,157700.0,-0.002530044,-0.005047319000000001,-0.005047319000000001,0.024691357999999997,0.064821067
1995-08-01,158766.67,0.006763919,0.004216762,0.004216762,0.024301097,0.07130006700000001
1995-09-01,159833.33,0.006718413,0.013527774,0.013527774,0.023916272000000002,0.07777026299999999
1995-10-01,160900.0,0.006673639,0.013436888000000001,0.013436888000000001,0.03650421,0.072190114
1995-11-01,160966.67,0.00041435699999999996,0.007090761,0.007090761,0.042755343,0.060153723
1995-12-01,161033.33,0.000414123,0.000828651,0.000828651,0.049077068,0.048394075999999994
1996-01-01,161100.0,0.00041401400000000004,0.000828308,0.000828308,0.03734707,0.047464239000000005
1996-02-01,162733.33,0.01013861,0.010556821000000001,0.010556821000000001,0.035858243,0.056709935
1996-03-01,164366.67,0.010036910999999999,0.020277281,0.020277281,0.03440321,0.065931712
1996-04-01,166000.0,0.009937112,0.020073761000000002,0.020073761000000002,0.047318612,0.079791871
1996-05-01,165333.33,-0.0040160840000000005,0.005881119000000001,0.005881119000000001,0.045751613,0.078729837
1996-06-01,164666.67,-0.004032218,-0.008032108,-0.008032108,0.044176728,0.07766145299999999
1996-07-01,164000.0,-0.004048603,-0.008064495999999999,-0.008064495999999999,0.032962397000000004,0.065627031
1996-08-01,166333.33,0.014227621999999999,0.010121416999999999,0.010121416999999999,0.040667363,0.07311825799999999
1996-09-01,168666.67,0.014028096,0.028455305,0.028455305,0.048270167999999995,0.08050397200000001
1996-10-01,171000.0,0.013833972,0.028056132999999997,0.028056132999999997,0.062331724000000005,0.10156755599999999
1996-11-01,171400.0,0.002339181,0.016205514,0.016205514,0.064375928,0.110343314
1996-12-01,171800.0,0.0023337220000000003,0.004678363,0.004678363,0.066418374,0.119218241
1997-01-01,172200.0,0.002328289,0.004667445,0.004667445,0.058172902,0.108821636
1997-02-01,173866.67,0.009678688000000001,0.012029511000000001,0.012029511000000001,0.057797605999999994,0.106726098
1997-03-01,175533.33,0.009585851,0.019357317,0.019357317,0.057429699,0.10467797400000001
1997-04-01,177200.0,0.009494892,0.01917176,0.01917176,0.071774215,0.117981073
1997-05-01,176366.67,-0.004702765,0.004747474000000001,0.004747474000000001,0.07105263,0.11553871
1997-06-01,175533.33,-0.0047250420000000005,-0.009405587,-0.009405587,0.070325183,0.113083893
1997-07-01,174700.0,-0.004747417,-0.009450028000000001,-0.009450028000000001,0.050300622,0.100356895
1997-08-01,174933.33,0.001335604,-0.003418154,-0.003418154,0.03715411,0.09447341199999999
1997-09-01,175166.67,0.00133388,0.002671265,0.002671265,0.024366491,0.08866793
1997-10-01,175400.0,0.0013320460000000001,0.002667702,0.002667702,0.023337222999999997,0.089666575
1997-11-01,176933.33,0.008741904,0.010085594,0.010085594,0.029879686000000003,0.098737324
1997-12-01,178466.67,0.008666202,0.017483865,0.017483865,0.036391812,0.107800559
1998-01-01,180000.0,0.008591688,0.017332348,0.017332348,0.035276054,0.106104078
1998-02-01,179600.0,-0.0022222220000000003,0.006350373,0.006350373,0.023167509,0.09267894800000001
1998-03-01,179200.0,-0.002227171,-0.0044444440000000005,-0.0044444440000000005,0.011286682,0.079518072
1998-04-01,178800.0,-0.002232143,-0.0044543429999999995,-0.0044543429999999995,0.013796995,0.081451635
1998-05-01,180633.33,0.010253523,0.007998493,0.007998493,0.029054311,0.09696352
1998-06-01,182466.67,0.010149511,0.020507103,0.020507103,0.044457184000000004,0.112601646
1998-07-01,184300.0,0.010047479,0.020298967,0.020298967,0.053544227,0.108016054
1998-08-01,183366.67,-0.005064189,0.004932408,0.004932408,0.046812559000000004,0.087154148
1998-09-01,182433.33,-0.00509002,-0.010128432,-0.010128432,0.040098802999999995,0.066861579
1998-10-01,181500.0,-0.005116006,-0.010179985,-0.010179985,0.025810117,0.058926488
1998-11-01,184033.33,0.013957741000000001,0.008770327,0.008770327,0.031191594,0.07120681
1998-12-01,186566.67,0.013765659,0.027915537,0.027915537,0.0364815,0.083430139
1999-01-01,189100.0,0.013578685,0.027531262999999997,0.027531262999999997,0.052895323,0.08761501
1999-02-01,190000.0,0.004759387,0.018402698000000002,0.018402698000000002,0.060267857,0.082415516
1999-03-01,190900.0,0.004736842,0.009518773000000001,0.009518773000000001,0.06767337799999999,0.07731377
1999-04-01,191800.0,0.00471451,0.009473684,0.009473684,0.061819543,0.087507067
1999-05-01,192200.0,0.002085506,0.006809848,0.006809848,0.053343057,0.09494874800000001
1999-06-01,192600.0,0.002081165,0.004171011,0.004171011,0.045035269,0.10246136199999999
1999-07-01,193000.0,0.002076843,0.004162331,0.004162331,0.052535883,0.10327746
1999-08-01,196933.33,0.020379948000000002,0.022499117000000003,0.022499117000000003,0.07948109,0.12426256699999999
1999-09-01,200866.67,0.019972952,0.040759948,0.040759948,0.106703416,0.145191961
1999-10-01,204800.0,0.019581795,0.039945853999999996,0.039945853999999996,0.112841897,0.157498138
1999-11-01,204166.67,-0.003092432,0.016428808,0.016428808,0.09433625,0.14400448
1999-12-01,203533.33,-0.003102073,-0.006184912,-0.006184912,0.076326441,0.130740722
2000-01-01,202900.0,-0.003111677,-0.006204098000000001,-0.006204098000000001,0.067894737,0.129732739
2000-02-01,202733.33,-0.000821439,-0.00393056,-0.00393056,0.061987060999999996,0.131324386
2000-03-01,202566.67,-0.000822065,-0.001642829,-0.001642829,0.05613488,0.13292321
2000-04-01,202400.0,-0.000822791,-0.00164418,-0.00164418,0.053069719,0.120501958
2000-05-01,202966.67,0.002799753,0.001974659,0.001974659,0.05382487,0.112349285
2000-06-01,203533.33,0.0027918870000000003,0.0055994569999999995,0.0055994569999999995,0.054576839,0.10435881699999999
2000-07-01,204100.0,0.002784163,0.005583823000000001,0.005583823000000001,0.036391351,0.113070331
2000-08-01,206766.67,0.013065506999999999,0.015886047,0.015886047,0.029372718,0.133382096
2000-09-01,209433.33,0.012896953000000001,0.026130965,0.026130965,0.022623682000000003,0.153902645
2000-10-01,212100.0,0.012732786999999999,0.025793953999999997,0.025793953999999997,0.038857126,0.152508624
2000-11-01,211733.33,-0.00172876,0.010982015,0.010982015,0.040288242,0.134893655
2000-12-01,211366.67,-0.001731707,-0.003457473,-0.003457473,0.04172829,0.11775076699999999
2001-01-01,211000.0,-0.0017347579999999999,-0.00346346,-0.00346346,0.040776078,0.110526316
2001-02-01,211066.67,0.00031597200000000003,-0.001419334,-0.001419334,0.041961492999999996,0.105639969
2001-03-01,211133.33,0.00031582400000000003,0.000631896,0.000631896,0.043148864,0.100799426
2001-04-01,211200.0,0.000315772,0.000631696,0.000631696,0.040564936,0.098855359
2001-05-01,210066.67,-0.005366146,-0.005052068,-0.005052068,0.032099607,0.090688837
2001-06-01,208933.33,-0.005395144,-0.010732338999999999,-0.010732338999999999,0.023681186,0.082556114
2001-07-01,207800.0,-0.005424361999999999,-0.010790241,-0.010790241,0.004997566,0.055179436
2001-08-01,209933.33,0.010266266,0.004786215999999999,0.004786215999999999,0.002387395,0.045137703
2001-09-01,212066.67,0.010161988,0.020532579,0.020532579,-0.000157143,0.035481787
2001-10-01,214200.0,0.010059714,0.020323928999999998,0.020323928999999998,0.01164989,0.04914284
2001-11-01,218666.67,0.020852801,0.031122287999999998,0.031122287999999998,0.034537139,0.074353129
2001-12-01,223133.33,0.020426798,0.041705556,0.041705556,0.05750393400000001,0.0997207
2002-01-01,227600.0,0.020017942,0.040853642999999995,0.040853642999999995,0.078332263,0.12265703900000001
2002-02-01,227600.0,0.0,0.020017942,0.020017942,0.077991807,0.12358069599999999
2002-03-01,227600.0,0.0,0.0,0.0,0.077651515,0.124505929
2002-04-01,227600.0,0.0,0.0,0.0,0.083465549,0.12136638
2002-05-01,224766.67,-0.012448726,-0.012448726,-0.012448726,0.075781782,0.10432365099999999
2002-06-01,221933.33,-0.012605695,-0.024897496,-0.024897496,0.06801410000000001,0.087375453
2002-07-01,219100.0,-0.012766582,-0.025211345,-0.025211345,0.043664672,0.05964854
2002-08-01,223566.67,0.020386445,0.007359598,0.007359598,0.054228229,0.067483719
2002-09-01,228033.33,0.019979096000000002,0.040772842999999996,0.040772842999999996,0.064581373,0.075121782
2002-10-01,232500.0,0.019587794,0.039958237,0.039958237,0.063262179,0.09807936199999999
2002-11-01,232700.0,0.000860215,0.020464859,0.020464859,0.042874231,0.100930435
2002-12-01,232900.0,0.0008594760000000001,0.00172043,0.00172043,0.023286467,0.103791469
2003-01-01,233100.0,0.0008587380000000001,0.001718951,0.001718951,0.024165202,0.10439038099999999
2003-02-01,235733.33,0.011296997,0.012165436000000002,0.012165436000000002,0.035735193,0.116514053
2003-03-01,238366.67,0.011170843,0.022594037,0.022594037,0.047305228,0.128630066
2003-04-01,241000.0,0.011047392,0.022341642999999998,0.022341642999999998,0.07222303,0.14725482199999998
2003-05-01,243366.67,0.009820207,0.020976087,0.020976087,0.09657558,0.164805395
2003-06-01,245733.33,0.009724668,0.019640373,0.019640373,0.12155787300000001,0.182547305
2003-07-01,248100.0,0.00963105,0.019449377,0.019449377,0.10973608,0.181803766
2003-08-01,250733.33,0.010613986,0.02034726,0.02034726,0.09954685099999999,0.182332566
2003-09-01,253366.67,0.010502553000000001,0.021228012999999997,0.021228012999999997,0.089749118,0.182850934
2003-10-01,256000.0,0.010393356,0.021005065,0.021005065,0.100128921,0.170731689
2003-11-01,258300.0,0.008984375,0.019471109,0.019471109,0.10905968199999999,0.157603842
2003-12-01,260600.0,0.008904375,0.01796875,0.01796875,0.117975118,0.144991213
2004-01-01,262900.0,0.008825787,0.01780875,0.01780875,0.115243228,0.155096661
2004-02-01,263700.0,0.003042982,0.011895625,0.011895625,0.10627882699999999,0.158611599
2004-03-01,264500.0,0.00303375,0.006085964,0.006085964,0.09751037300000001,0.16212653800000001
2004-04-01,265300.0,0.003024575,0.0060675009999999995,0.0060675009999999995,0.090124626,0.180335145
2004-05-01,268200.0,0.010931021,0.013988658000000001,0.013988658000000001,0.091427036,0.20847103
2004-06-01,271100.0,0.010812826000000001,0.021862042999999998,0.021862042999999998,0.092704555,0.23733455
2004-07-01,274000.0,0.01069716,0.021625652000000002,0.021625652000000002,0.09279448400000001,0.22558519100000002
2004-08-01,278100.0,0.014963503999999999,0.02582073,0.02582073,0.09761872,0.21955856199999998
2004-09-01,282200.0,0.014742898,0.029927007000000002,0.029927007000000002,0.10234375,0.21376344100000003
2004-10-01,286300.0,0.014528703,0.029485796,0.029485796,0.10840108400000001,0.230339493
2004-11-01,287033.33,0.0025614039999999998,0.017127321,0.017127321,0.10143257900000001,0.232431644
2004-12-01,287766.67,0.002554895,0.005122843,0.005122843,0.09458604,0.234520249
2005-01-01,288500.0,0.002548349,0.005109755,0.005109755,0.094046265,0.223840515
2005-02-01,288266.67,-0.000808769,0.0017375189999999999,0.0017375189999999999,0.089855085,0.209341348
2005-03-01,288033.33,-0.0008094589999999999,-0.0016175739999999999,-0.0016175739999999999,0.08568914400000001,0.195159046
2005-04-01,287800.0,-0.00081008,-0.0016188829999999998,-0.0016188829999999998,0.07307979099999999,0.182577713
2005-05-01,290066.67,0.007875851,0.007059391,0.007059391,0.069961896,0.18041240100000003
2005-06-01,292333.33,0.007814271999999999,0.015751668,0.015751668,0.066909964,0.178288311
2005-07-01,294600.0,0.007753716999999999,0.015628579,0.015628579,0.059331176,0.174953485
2005-08-01,294466.67,-0.00045258,0.0072976280000000004,0.0072976280000000004,0.043468001,0.162215496
2005-09-01,294333.33,-0.00045281900000000003,-0.000905193,-0.000905193,0.028059134,0.14973957
2005-10-01,294200.0,-0.00045299,-0.000905603,-0.000905603,0.024968076000000002,0.138985676
2005-11-01,297900.0,0.012576479,0.012117791999999999,0.012117791999999999,0.035213703,0.143131236
2005-12-01,301600.0,0.012420275,0.025152957000000004,0.025152957000000004,0.045407279,0.14720426
2006-01-01,305300.0,0.012267905,0.024840551000000002,0.024840551000000002,0.05908879400000001,0.157755025
2006-02-01,304400.0,-0.00294792,0.00928382,0.00928382,0.056822139,0.150850662
2006-03-01,303500.0,-0.002956636,-0.00589584,-0.00589584,0.054551772000000005,0.143987938
2006-04-01,302600.0,-0.002965404,-0.005913272,-0.005913272,0.043208446,0.128262491
2006-05-01,304433.33,0.006058592,0.0030752220000000003,0.0030752220000000003,0.041391107,0.122955847
2006-06-01,306266.67,0.00602214,0.012117217,0.012117217,0.039601731,0.11776156900000001
2006-07-01,308100.0,0.005986058000000001,0.012044246000000002,0.012044246000000002,0.046298381,0.107874865
2006-08-01,305266.67,-0.009196138000000001,-0.003265128,-0.003265128,0.037146116,0.081738731
2006-09-01,302433.33,-0.009281524000000001,-0.018392308,-0.018392308,0.027985486,0.056351135
2006-10-01,299600.0,-0.009368445,-0.018563016,-0.018563016,0.005706613,0.043781222
2006-11-01,307100.0,0.025033378,0.015430408999999999,0.015430408999999999,0.018236073999999998,0.06718404900000001
2006-12-01,314600.0,0.024422012000000003,0.050066756,0.050066756,0.030461841,0.09046793800000001
2007-01-01,322100.0,0.023839797000000003,0.048844025,0.048844025,0.058147175,0.117368165
2007-02-01,318100.0,-0.012418503999999999,0.011125238,0.011125238,0.048105437,0.104386079
2007-03-01,314100.0,-0.012574662,-0.024837007,-0.024837007,0.038003966,0.091382905
2007-04-01,310100.0,-0.012734798,-0.025149324,-0.025149324,0.018613829,0.06906457099999999
2007-05-01,307133.33,-0.009566817,-0.022179783999999998,-0.022179783999999998,0.0028297559999999997,0.050627139
2007-06-01,304166.67,-0.009659193,-0.019133602,-0.019133602,-0.012766406999999999,0.032473422
2007-07-01,301200.0,-0.009753435999999999,-0.019318418,-0.019318418,-0.013321697,0.022866187000000003
2007-08-01,302733.33,0.005090737,-0.004712351,-0.004712351,0.000991954,0.028539072000000002
2007-09-01,304266.67,0.005064986,0.010181507,0.010181507,0.015576335,0.034217097
2007-10-01,305800.0,0.005039428,0.010129938,0.010129938,-0.004233149,0.026518966
2007-11-01,300666.67,-0.01678656,-0.011831726,-0.011831726,-0.044289034000000005,-0.003094595
2007-12-01,295533.33,-0.017073193,-0.033573152,-0.033573152,-0.082479572,-0.031990403
2008-01-01,290400.0,-0.017369716,-0.034146352000000005,-0.034146352000000005,-0.087079535,-0.045992116
2008-02-01,295000.0,0.01584022,-0.001804636,-0.001804636,-0.06080866,-0.02800659
2008-03-01,299600.0,0.01559322,0.031680441000000004,0.031680441000000004,-0.033860045,-0.009914078
2008-04-01,304200.0,0.015353805,0.031186441000000002,0.031186441000000002,-0.009550673,-0.00076644
2008-05-01,297833.33,-0.020929224,-0.005896762,-0.005896762,-0.020821938999999998,-0.027535938
2008-06-01,291466.67,-0.021376587000000002,-0.041858416,-0.041858416,-0.032315172999999996,-0.05398679
2008-07-01,285100.0,-0.021843561,-0.042753207,-0.042753207,-0.058247072000000004,-0.066062469
2008-08-01,282266.67,-0.009938022,-0.031564501,-0.031564501,-0.072304995,-0.06668134099999999
2008-09-01,279433.33,-0.010037813000000001,-0.019876078999999998,-0.019876078999999998,-0.086221942,-0.06731198299999999
2008-10-01,276600.0,-0.010139556,-0.02007559,-0.02007559,-0.080044356,-0.099316184
2008-11-01,270066.67,-0.023620137000000003,-0.033520196,-0.033520196,-0.086171871,-0.141555404
2008-12-01,263533.33,-0.024191582000000003,-0.04724031099999999,-0.04724031099999999,-0.092516081,-0.1818276
2009-01-01,257000.0,-0.024791285,-0.048383127000000005,-0.048383127000000005,-0.128813559,-0.19207796300000002
2009-02-01,262466.67,0.021271089,-0.004047534,-0.004047534,-0.123943024,-0.164385005
2009-03-01,267933.33,0.020828016,0.04254214,0.04254214,-0.11921982199999999,-0.135977652
2009-04-01,273400.0,0.020403098,0.04165607,0.04165607,-0.082036923,-0.10983285300000001
2009-05-01,273633.33,0.000853438,0.021273949,0.021273949,-0.061184835,-0.100383582
2009-06-01,273866.67,0.0008527469999999999,0.0017069129999999998,0.0017069129999999998,-0.039401368,-0.09074810800000001
2009-07-01,274100.0,0.000851984,0.001705457,0.001705457,-0.028932463,-0.094582681
2009-08-01,273700.0,-0.001459321,-0.000608581,-0.000608581,-0.020517703,-0.10046013300000001
2009-09-01,273300.0,-0.0014614539999999998,-0.002918643,-0.002918643,-0.011930586000000002,-0.10627861300000001
2009-10-01,272900.0,-0.0014635929999999998,-0.0029229079999999997,-0.0029229079999999997,0.010491223999999999,-0.092350343
2009-11-01,273700.0,0.002931477,0.0014635929999999998,0.0014635929999999998,0.038578308,-0.073877725
2009-12-01,274500.0,0.0029229079999999997,0.005862953000000001,0.005862953000000001,0.068093385,-0.054752065999999995
2010-01-01,275300.0,0.00291439,0.005845817,0.005845817,0.048895084000000005,-0.06677966099999999
2010-02-01,273133.33,-0.007870214,-0.004978761,-0.004978761,0.019407813,-0.08834002
2010-03-01,270966.67,-0.007932609,-0.015740392,-0.015740392,-0.008900256,-0.109248291
2010-04-01,268800.0,-0.007996076,-0.015865255,-0.015865255,-0.017663528,-0.097481803
2010-05-01,267866.67,-0.00347221,-0.011440521,-0.011440521,-0.021908471000000002,-0.080969807
2010-06-01,266933.33,-0.003484345,-0.006944456999999999,-0.006944456999999999,-0.026146187999999997,-0.063720344
2010-07-01,266000.0,-0.0034964909999999996,-0.006968653000000001,-0.006968653000000001,-0.028132992000000002,-0.057628730999999996
2010-08-01,270000.0,0.015037594,0.011488523999999998,0.011488523999999998,-0.012074643000000001,-0.033758786
2010-09-01,274000.0,0.014814815,0.030075188,0.030075188,0.004030781,-0.009399855
2010-10-01,278000.0,0.01459854,0.02962963,0.02962963,0.015710632,0.02937545
2010-11-01,274700.0,-0.011870503999999999,0.002554745,0.002554745,0.000728597,0.042372895
2010-12-01,271400.0,-0.012013105,-0.023741007,-0.023741007,-0.014166363999999999,0.056031128
2011-01-01,268100.0,-0.012159175,-0.02402621,-0.02402621,-0.018428106,0.02146303
2011-02-01,267933.33,-0.000621671,-0.012773287,-0.012773287,-0.011194513,0.0
2011-03-01,267766.67,-0.00062202,-0.001243305,-0.001243305,-0.003844234,-0.020604718
2011-04-01,267600.0,-0.000622445,-0.001244078,-0.001244078,-0.000995533,-0.022048959
2011-05-01,266066.67,-0.005729933,-0.006348810999999999,-0.006348810999999999,-0.003246728,-0.028481012000000003
2011-06-01,264533.33,-0.005762992,-0.011459903,-0.011459903,-0.005513796999999999,-0.034902116000000004
2011-07-01,263000.0,-0.005796358000000001,-0.011525946,-0.011525946,-0.025925926000000002,-0.039093897999999995
2011-08-01,261900.0,-0.00418251,-0.009954625,-0.009954625,-0.044160584,-0.041712404
2011-09-01,260800.0,-0.004200076,-0.008365019,-0.008365019,-0.06187050400000001,-0.044338586
2011-10-01,259700.0,-0.004217790999999999,-0.008400153,-0.008400153,-0.054605024,-0.051150895
2011-11-01,265800.0,0.023488641,0.019171779,0.019171779,-0.020633751000000002,-0.031693989
2011-12-01,271900.0,0.022949586,0.046977280999999996,0.046977280999999996,0.014173816,-0.012350163
2012-01-01,278000.0,0.022434719,0.045899172,0.045899172,0.037571547999999996,0.017817928
2012-02-01,279566.67,0.005635504,0.028196653,0.028196653,0.044068218,0.031738221000000004
2012-03-01,281133.33,0.005603886999999999,0.011270971000000001,0.011270971000000001,0.050572982,0.045882924000000005
2012-04-01,282700.0,0.005572694,0.01120781,0.01120781,0.06251564700000001,0.055375796
2012-05-01,286633.33,0.013913442,0.019563671,0.019563671,0.083543348,0.0738012
2012-06-01,290566.67,0.013722548999999999,0.027826919,0.027826919,0.104816236,0.09235590199999999
2012-07-01,294500.0,0.013536756,0.027445063999999998,0.027445063999999998,0.12447499,0.090740741
2012-08-01,295566.67,0.003621969,0.017207755,0.017207755,0.133307784,0.078710474
2012-09-01,296633.33,0.0036088640000000003,0.007243905,0.007243905,0.142215364,0.067026367
2012-10-01,297700.0,0.0035959209999999998,0.007217762,0.007217762,0.120015049,0.083727703
2012-11-01,300933.33,0.010861035,0.014496011000000001,0.014496011000000001,0.106779441,0.10881846
2012-12-01,304166.67,0.010744373,0.021722103,0.021722103,0.094124712,0.13452693
2013-01-01,307400.0,0.010630126,0.021488713,0.021488713,0.099558828,0.147300338
2013-02-01,311733.33,0.014096714,0.02487669,0.02487669,0.10884515199999999,0.164197658
2013-03-01,316066.67,0.013900791000000001,0.028193461,0.028193461,0.118028546,0.18111610600000003
2013-04-01,320400.0,0.013710176999999999,0.027801551,0.027801551,0.117804409,0.204209456
2013-05-01,321733.33,0.004161454,0.017928686,0.017928686,0.107261648,0.216229841
2013-06-01,323066.67,0.00414424,0.00832294,0.00832294,0.09700057699999999,0.22839038
2013-07-01,324400.0,0.004127105,0.008288448,0.008288448,0.097552711,0.238640703
2013-08-01,327733.33,0.01027537,0.014444882,0.014444882,0.10484324199999999,0.256646204
2013-09-01,331066.67,0.010170891,0.020550771000000002,0.020550771000000002,0.112081525,0.27480427399999996
2013-10-01,334400.0,0.010068455,0.020341752,0.020341752,0.111209583,0.258088789
2013-11-01,333400.0,-0.0029904309999999996,0.0070479159999999996,0.0070479159999999996,0.09610957699999999,0.226186098
2013-12-01,332400.0,-0.0029994,-0.005980861,-0.005980861,0.081327261,0.195683453
2014-01-01,331400.0,-0.0030084240000000004,-0.0059988,-0.0059988,0.063088121,0.185405971
2014-02-01,334466.67,0.009253681,0.006217419,0.006217419,0.058215565999999996,0.189708349
2014-03-01,337533.33,0.009168806,0.018507333,0.018507333,0.053474812999999996,0.193962964
2014-04-01,340600.0,0.009085532,0.018337642,0.018337642,0.058640707,0.188277721
2014-05-01,340533.33,-0.00019574299999999999,0.008888011,0.008888011,0.054065187,0.17196280600000002
2014-06-01,340466.67,-0.00019575200000000002,-0.000391456,-0.000391456,0.049527343,0.156083769
2014-07-01,340400.0,-0.00019581900000000002,-0.000391533,-0.000391533,0.038649319,0.151686014
2014-08-01,350066.67,0.028397972999999996,0.028196593,0.028196593,0.057390252999999995,0.180132624
2014-09-01,359733.33,0.027613769,0.056795917,0.056795917,0.075757566,0.208375311
2014-10-01,369400.0,0.026871766000000002,0.055227566,0.055227566,0.107978404,0.227514413
2014-11-01,362266.67,-0.019310585,0.007042272,0.007042272,0.089851594,0.19101369699999998
2014-12-01,355133.33,-0.019690854,-0.038621197,-0.038621197,0.071615359,0.155280839
2015-01-01,348000.0,-0.020086343,-0.03938168,-0.03938168,0.040462417,0.11633876300000001
2015-02-01,345233.33,-0.007950201,-0.027876854,-0.027876854,0.022812562,0.09228008800000001
2015-03-01,342466.67,-0.008013884,-0.015900374,-0.015900374,0.0054805340000000004,0.068872253
2015-04-01,339700.0,-0.008078655,-0.016027798,-0.016027798,-0.0024471320000000003,0.055843359
2015-05-01,342266.67,0.007555696,-0.0005839980000000001,-0.0005839980000000001,0.0052868609999999995,0.059430457
2015-06-01,344833.33,0.007499006999999999,0.015111363000000001,0.015111363000000001,0.013023884,0.06298807
2015-07-01,347400.0,0.007443219,0.014998042,0.014998042,-0.007617606,0.060008147000000005
2015-08-01,353833.33,0.018518509,0.026099565,0.026099565,-0.016401038,0.068767599
2015-09-01,360266.67,0.018181837,0.037037047000000003,0.037037047000000003,-0.02472477,0.077352482
2015-10-01,366700.0,0.017857133,0.036363646,0.036363646,0.012237753,0.099880024
2015-11-01,363466.67,-0.008817371,0.008882309,0.008882309,0.023465384,0.09346170300000001
2015-12-01,360233.33,-0.008895835999999999,-0.01763477,-0.01763477,0.035153247,0.08700461699999999
2016-01-01,357000.0,-0.008975655,-0.017791645,-0.017791645,0.034083239,0.067370928
2016-02-01,357300.0,0.000840336,-0.008142861,-0.008142861,0.043313208,0.058562128
2016-03-01,357600.0,0.0008396310000000001,0.001680672,0.001680672,0.052693553,0.04991192
2016-04-01,357900.0,0.000838926,0.001679261,0.001679261,0.045675876,0.050998444000000004
2016-05-01,358200.0,0.000838223,0.001677852,0.001677852,0.038762697,0.052085362999999996
2016-06-01,358500.0,0.000837521,0.001676446,0.001676446,0.031951641,0.053172738
2016-07-01,358800.0,0.00083682,0.001675042,0.001675042,0.01403675,0.024947619
2016-08-01,360833.33,0.0056670290000000005,0.006508590999999999,0.006508590999999999,0.00157289,0.0030578209999999996
2016-09-01,362866.67,0.005635121999999999,0.011334086,0.011334086,-0.010453585999999999,-0.017686329
2016-10-01,364900.0,0.005603518,0.011270216999999999,0.011270216999999999,0.003943498,0.007269037
2016-11-01,368200.0,0.009043574,0.014697768,0.014697768,0.022115305,0.036793702000000005
2016-12-01,371500.0,0.00896252,0.018087146999999998,0.018087146999999998,0.040616246,0.06752873599999999
2017-01-01,374800.0,0.008882906999999999,0.017925041,0.017925041,0.048978449,0.085642571
2017-02-01,375500.0,0.0018676629999999999,0.01076716,0.01076716,0.050055928,0.096457065
2017-03-01,376200.0,0.0018641810000000001,0.0037353259999999998,0.0037353259999999998,0.051131601,0.10744774800000001
2017-04-01,376900.0,0.001860712,0.0037283620000000003,0.0037283620000000003,0.052205472,0.10118814699999999
2017-05-01,375666.67,-0.0032722999999999997,-0.0014176770000000002,-0.0014176770000000002,0.047884714,0.08941519699999999
2017-06-01,374433.33,-0.00328307,-0.006544627,-0.006544627,0.043571154,0.077816149
2017-07-01,373200.0,-0.0032938570000000003,-0.0065661140000000005,-0.0065661140000000005,0.034272527000000004,0.054733877
2017-08-01,382033.33,0.023669159,0.020297338,0.020297338,0.052820117,0.06041819
2017-09-01,390866.67,0.023121909,0.047338344000000004,0.047338344000000004,0.071161058,0.065903109
2017-10-01,399700.0,0.022599342999999997,0.046243792,0.046243792,0.085551331,0.099688178
2017-11-01,391333.33,-0.020932374,0.001193911,0.001193911,0.05338716,0.086332933
2017-12-01,382966.67,-0.021379881,-0.041864724,-0.041864724,0.021789408,0.07273577
2018-01-01,374600.0,-0.021846993,-0.042759787,-0.042759787,-0.0023968039999999998,0.048418696
2018-02-01,375866.67,0.003381393,-0.018539471999999998,-0.018539471999999998,-0.000886045,0.051081292
2018-03-01,377133.33,0.003369972,0.00676276,0.00676276,0.000619077,0.053739395999999995
2018-04-01,378400.0,0.00335868,0.00673997,0.00673997,0.007275945,0.05639307599999999
2018-05-01,383233.33,0.012773071,0.016174651,0.016174651,0.023502181,0.068991158
2018-06-01,388066.67,0.012612003,0.025546167999999998,0.025546167999999998,0.039835665,0.08156820000000001
2018-07-01,392900.0,0.012454896000000002,0.02522398,0.02522398,0.028444298,0.08886837
2018-08-01,388233.33,-0.011877501,0.000429462,0.000429462,-0.0067371819999999995,0.069906283
2018-09-01,383566.67,-0.012020246000000002,-0.023754976,-0.023754976,-0.040363598,0.051155577
2018-10-01,378900.0,-0.012166516,-0.024040517,-0.024040517,-0.031771712,0.029060292999999997
2018-11-01,378900.0,0.0,-0.012166516,-0.012166516,-0.010618861,0.019919246
2018-12-01,378900.0,0.0,0.0,0.0,0.011478911000000001,0.010939168
