,ASPUS_M,ASPUS_PCT_CHG,ASPUS_Q_PCT_CHG,ASPUS_A_PCT_CHG,ASPUS_2A_PCT_CHG,ASPUS_3A_PCT_CHG
1962-01-01,19300.0,0.0,0.0,0.0,0.015544041450777257,0.10362694300518127
1962-02-01,19300.0,0.0,0.0,0.0,0.015544041450777257,0.10362694300518127
1962-03-01,19300.0,0.0,0.0,0.0,0.015544041450777257,0.10362694300518127
1962-04-01,19300.0,0.0,0.0,0.0,0.015544041450777257,0.10362694300518127
1962-05-01,19300.0,0.0,0.0,0.0,0.015544041450777257,0.10362694300518127
1962-06-01,19300.0,0.0,0.0,0.0,0.015544041450777257,0.10362694300518127
1962-07-01,19300.0,0.0,0.0,0.0,0.015544041450777257,0.10362694300518127
1962-08-01,19300.0,0.0,0.0,0.0,0.015544041450777257,0.10362694300518127
1962-09-01,19300.0,0.0,0.0,0.0,0.015544041450777257,0.10362694300518127
1962-10-01,19300.0,0.0,0.0,0.0,0.015544041450777257,0.10362694300518127
1962-11-01,19300.0,0.0,0.0,0.0,0.015544041450777257,0.10362694300518127
1962-12-01,19300.0,0.0,0.0,0.0,0.015544041450777257,0.10362694300518127
1963-01-01,19300.0,0.0,0.0,0.0,0.015544041450777257,0.10362694300518127
1963-02-01,19333.33333,0.0017271155440414798,0.0017271155440414798,0.0017271155440414798,0.015544041450777257,0.10362694300518127
1963-03-01,19366.66667,0.0017241382761592483,0.003454231606217606,0.003454231606217606,0.015544041450777257,0.10362694300518127
1963-04-01,19400.0,0.001721170223456081,0.0034482760350771358,0.005181347150259086,0.015544041450777257,0.10362694300518127
1963-05-01,19333.33333,-0.0034364262886596997,-0.001721170739806932,0.0017271155440414798,0.015544041450777257,0.10362694300518127
1963-06-01,19266.66667,-0.003448275517835997,-0.006872852061855728,-0.0017271155440414798,0.015544041450777257,0.10362694300518127
1963-07-01,19200.0,-0.003460207784868441,-0.006896551552913244,-0.005181347150259086,0.015544041450777257,0.10362694300518127
1963-08-01,19333.33333,0.006944444270833294,0.0034602072658374006,0.0017271155440414798,0.015544041450777257,0.10362694300518127
1963-09-01,19466.66667,0.0068965520701544936,0.013888889062499965,0.008635578756476692,0.015544041450777257,0.10362694300518127
1963-10-01,19600.0,0.006849314896087533,0.013793103623067626,0.015544041450777257,0.015544041450777257,0.10362694300518127
1963-11-01,19600.0,0.0,0.006849314896087533,0.015544041450777257,0.015544041450777257,0.10362694300518127
1963-12-01,19600.0,0.0,0.0,0.015544041450777257,0.015544041450777257,0.10362694300518127
1964-01-01,19600.0,0.0,0.0,0.013793103623067626,0.015544041450777257,0.10362694300518127
1964-02-01,19800.0,0.010204081632652962,0.010204081632652962,0.022375214970331347,0.02590673575129543,0.10362694300518127
1964-03-01,20000.0,0.010101010101010166,0.020408163265306145,0.030927835051546282,0.03626943005181338,0.10362694300518127
1964-04-01,20200.0,0.010000000000000009,0.02020202020202011,0.0448275863870391,0.04663212435233155,0.10362694300518127
1964-05-01,20300.0,0.004950495049504955,0.014999999999999902,0.05363321781079011,0.051813471502590636,0.10362694300518127
1964-06-01,20400.0,0.0049261083743843415,0.00990099009900991,0.0625,0.05699481865284972,0.10362694300518127
1964-07-01,20500.0,0.004901960784313708,0.009852216748768461,0.060344827769024834,0.06217616580310881,0.10362694300518127
1964-08-01,20633.33333,0.006504064878048776,0.011437908333333358,0.059931506496587295,0.06908462849740937,0.10362694300518127
1964-09-01,20766.66667,0.006462035865341109,0.01300813024390246,0.059523809693877494,0.07599309170984458,0.10362694300518127
1964-10-01,20900.0,0.006420545584844284,0.012924071246029678,0.06632653061224492,0.08290155440414515,0.10362694300518127
1964-11-01,21100.0,0.009569377990430672,0.016051364202881002,0.07653061224489788,0.09326424870466332,0.10362694300518127
1964-12-01,21300.0,0.009478672985782088,0.019138755980861344,0.08673469387755106,0.10362694300518127,0.10362694300518127
1965-01-01,21500.0,0.009389671361502261,0.018957345971563955,0.08585858585858586,0.11206896570897729,0.11398963730569944
1965-02-01,21333.33333,-0.007751938139534786,0.0015649450704224854,0.06666666649999997,0.10154905299456995,0.10535405854922297
1965-03-01,21166.66667,-0.007812499688720775,-0.015503875813953516,0.04785478564356427,0.09106529226804128,0.0967184803108807
1965-04-01,21000.0,-0.007874015904271725,-0.015624999846191479,0.034482758620689724,0.08620689673900106,0.08808290155440424
1965-05-01,21200.0,0.00952380952380949,0.001574802991878066,0.03921568627450989,0.10034602057087438,0.09844559585492219
1965-06-01,21400.0,0.009433962264151052,0.01904761904761898,0.04390243902439028,0.11458333333333326,0.10880829015544036
1965-07-01,21600.0,0.009345794392523255,0.018867924528301883,0.046849757842786666,0.11724137950297253,0.11917098445595853
1965-08-01,21633.33333,0.0015432097222223273,0.010903426635514135,0.041733547023798945,0.11130136950148972,0.12089810000000001
1965-09-01,21666.66667,0.0015408323577104088,0.003086419907407434,0.036682615789473516,0.10544217704081627,0.12262521606217613
1965-10-01,21700.0,0.001538461384378742,0.0030816642531712457,0.028436018957346043,0.1071428571428572,0.12435233160621761
1965-11-01,22033.33333,0.015360982949308877,0.01692307661278125,0.03442879483568073,0.12414965969387759,0.14162348860103635
1965-12-01,22366.66667,0.015128593345707708,0.030721966359446906,0.04031007767441852,0.14115646275510207,0.1588946461139895
1966-01-01,22700.0,0.014903129505975832,0.030257186237557798,0.0640625001662598,0.1464646464646464,0.17413793123692023
1966-02-01,22866.66667,0.007342144052863375,0.022354694482510373,0.08031496061727328,0.1433333335,0.18072289153515952
1966-03-01,23033.33333,0.00728862944500186,0.014684287665198248,0.09682539666666679,0.1402640262376238,0.18728522319587637
1966-04-01,23200.0,0.007235890160236735,0.014577259327321235,0.09433962264150941,0.1428571428571428,0.20000000020689646
1966-05-01,23133.33333,-0.0028735633620688983,0.004341534009311365,0.08099688457943932,0.1339869279411765,0.200692041141749
1966-06-01,23066.66667,-0.002881844092634367,-0.005747126293103477,0.06790123472222209,0.12520325219512185,0.20138888906249997
1966-07-01,23000.0,-0.002890173554495612,-0.005763688617545282,0.06317411418538876,0.11470113103630064,0.18965517261890597
1966-08-01,22933.33333,-0.002898550869565142,-0.005780347108991113,0.05846153814485211,0.10433386804103795,0.17808219140786274
1966-09-01,22866.66667,-0.0029069764539110254,-0.005797101304347851,0.0537634410138248,0.09409888373205733,0.1666666668367347
1966-10-01,22800.0,-0.002915452040391231,-0.005813953343868361,0.034795764150498565,0.08056872037914697,0.16326530612244894
1966-11-01,23200.0,0.01754385964912286,0.014577259327321235,0.037257823988486205,0.08920187793427226,0.18367346938775508
1966-12-01,23600.0,0.01724137931034475,0.03508771929824572,0.0396475770925111,0.0976744186046512,0.20408163265306123
1967-01-01,24000.0,0.016949152542372836,0.034482758620689724,0.049562682062745944,0.12500000017578117,0.21212121212121215
1967-02-01,24066.66667,0.0027777779166666683,0.01977401144067792,0.04486251838565303,0.13700787399417202,0.20333333349999982
1967-03-01,24133.33333,0.002770082825101161,0.0055555554166666354,0.0402298849137932,0.1492063490476192,0.1947194717821783
1967-04-01,24200.0,0.0027624310777296657,0.0055401660657146135,0.046109510237191564,0.14150943396226423,0.19211822660098532
1967-05-01,24100.0,-0.004132231404958664,-0.0013812153316825615,0.04479768771028936,0.12616822429906538,0.18137254901960786
1967-06-01,24000.0,-0.004149377593360981,-0.008264462809917328,0.04347826086956519,0.11111111111111116,0.1707317073170731
1967-07-01,23900.0,-0.004166666666666652,-0.008298755186721962,0.04215116294217314,0.10477657952307795,0.15831987094641664
1967-08-01,24066.66667,0.0069735008368201346,0.0027777779166666683,0.052478134103137286,0.11076923075218925,0.15890850719760707
1967-09-01,24233.33333,0.006925207478265305,0.013947001255230074,0.06286549692982457,0.11674347142857155,0.15948963301435404
1967-10-01,24400.0,0.006877579230657016,0.013850415372042901,0.051724137931034475,0.10741301075755105,0.1563981042654028
1967-11-01,24733.33333,0.013661202049180421,0.020632737279316693,0.04802259872881365,0.10581222025248715,0.16118935821596247
1967-12-01,25066.66667,0.013477089220145011,0.027322404508196563,0.04444444458333319,0.10425844361233483,0.1658914730232557
1968-01-01,25400.0,0.013297872205678463,0.02695417803597766,0.05540166190368412,0.11078717184973952,0.190625000186035
1968-02-01,25833.33333,0.01706036732283467,0.030585106112954286,0.07044198896000586,0.12156295226071823,0.22047244059520144
1968-03-01,26266.66667,0.01677419380861589,0.034120735039369965,0.08539944917355369,0.1321839081896552,0.25079365095238093
1968-04-01,26700.0,0.01649746179993694,0.0335483872301352,0.10788381742738595,0.15417867451789302,0.25943396226415105
1968-05-01,26666.66667,-0.0012484393258427318,0.015228426394006567,0.11111111124999984,0.15606936413929628,0.24610591915887836
1968-06-01,26633.33333,-0.0012500002498436746,-0.0024968790262172025,0.11436541129707112,0.15797101434782612,0.23302469120370373
1968-07-01,26600.0,-0.001251564330569721,-0.0025000001246874293,0.1052631577416534,0.1598837210988202,0.2295839755361453
1968-08-01,26733.33333,0.0050125312030075975,0.0037546933671783744,0.10316368639658369,0.16909620959634175,0.2338461535024854
1968-09-01,26866.66667,0.004987531422068203,0.010025062781954919,0.10109289631147544,0.178362573245614,0.23809523824884793
1968-10-01,27000.0,0.004962779031642439,0.009975062470071627,0.09164420499887393,0.1637931034482758,0.22541603649401143
1968-11-01,27200.0,0.007407407407407307,0.012406947765210008,0.0851063828344274,0.15254237288135597,0.21609537984857008
1968-12-01,27400.0,0.007352941176470562,0.014814814814814836,0.07874015748031504,0.1416666666666666,0.2070484581497798
1969-01-01,27600.0,0.007299270072992803,0.014705882352941124,0.06838709691204992,0.1468144042732944,0.20699708437215802
1969-02-01,27766.66667,0.006038647463768143,0.013381995255474344,0.05710659897752457,0.15055248648488284,0.20549927673017354
1969-03-01,27933.33333,0.006002400719567591,0.012077294565217445,0.04619225955056194,0.1542699723140497,0.204022988362069
1969-04-01,28100.0,0.005966587232215437,0.012004801799279097,0.05374999986828133,0.1659751037344399,0.21469740651508595
1969-05-01,28100.0,0.0,0.005966587232215437,0.05506883617710501,0.1708333333333334,0.21820809230950755
1969-06-01,28100.0,0.0,0.0,0.0563909774436091,0.17573221757322166,0.22173913043478266
1969-07-01,28100.0,0.0,0.0,0.051122194644778185,0.16759002753911512,0.2252906978525131
1969-08-01,27766.66667,-0.011862396085409288,-0.011862396085409288,0.033498759301054726,0.1458046770489414,0.2142857142544774
1969-09-01,27433.33333,-0.012004802159423122,-0.023724792526690353,0.016049382592592698,0.12431693975409841,0.20321637412280702
1969-10-01,27100.0,-0.012150668166725498,-0.02400960395870233,-0.003676470588235281,0.09568733168405474,0.1681034482758621
1969-11-01,27066.66667,-0.0012300121771218198,-0.013365734874042134,-0.012165450000000022,0.07978723403194321,0.1468926555084744
1969-12-01,27033.33333,-0.0012315273397497384,-0.002460024723247134,-0.020531401086956502,0.06430446181102378,0.12638888874999998
1970-01-01,27000.0,-0.0012330454995355122,-0.002463054310041457,-0.027611044534500473,0.045161290457440106,0.12188365635430976
1970-02-01,27100.0,0.0037037037037037646,0.0024660913689846797,-0.029832935445087472,0.03172588819394351,0.1229281769506807
1970-03-01,27200.0,0.0036900369003689537,0.007407407407407307,-0.03202846975088969,0.01872659176029967,0.12396694214876036
1970-04-01,27300.0,0.003676470588235281,0.007380073800737907,-0.028469750889679735,0.02374999987203119,0.13278008298755184
1970-05-01,26866.66667,-0.01587301575091582,-0.0122549018382353,-0.043890865836298976,0.00876095144039546,0.11944444458333336
1970-06-01,26433.33333,-0.01612903250420228,-0.03174603186813185,-0.05931198113878999,-0.00626566428571429,0.10599721046025112
1970-07-01,26000.0,-0.016393442498914723,-0.03225806463619618,-0.0636254502924819,-0.027431421325116223,0.08033240982266876
1970-08-01,26100.0,0.0038461538461538325,-0.012610340354679783,-0.04860267303142196,-0.028535980269412398,0.07702888598033408
1970-09-01,26200.0,0.003831417624521105,0.007692307692307665,-0.03321033210332103,-0.029629629629629672,0.07377049180327866
1970-10-01,26300.0,0.003816793893129722,0.00766283524904221,-0.028325123272373687,-0.03308823529411764,0.06334231820260672
1970-11-01,26633.33333,0.012674271102661727,0.0165394400763359,-0.01479654747408099,-0.02798053540145984,0.06249999972573139
1970-12-01,26966.66667,0.012515644807573834,0.025348542585551304,-0.0012345677777778619,-0.022946859782608797,0.061679790157480374
1971-01-01,27300.0,0.012360939306259588,0.025031289239678456,0.007380073800737907,-0.016806722807106045,0.05677419368474501
1971-02-01,27733.33333,0.01587301575091571,0.028430160441479613,0.019607843014705972,-0.0071599045354605595,0.05583756319088362
1971-03-01,28166.66667,0.015625000242262432,0.03174603186813174,0.03174603186813174,0.002372479359430635,0.05493133595505606
1971-04-01,28600.0,0.015384615264451673,0.031250000123948185,0.0645161289001841,0.017793594306049876,0.07249999986593747
1971-05-01,28500.0,-0.0034965034965035446,0.011834319406883509,0.07818411110695878,0.014234875444839812,0.07008760964581828
1971-06-01,28400.0,-0.0035087719298245723,-0.006993006993006978,0.0923076923076922,0.01067615658362997,0.06766917293233088
1971-07-01,28300.0,-0.0035211267605633756,-0.007017543859649145,0.08429118773946365,0.019207682950875382,0.05860349140381582
1971-08-01,28266.66667,-0.0011778561837456625,-0.004694835563380351,0.07888040725190826,0.030376670963593755,0.05210918113497409
1971-09-01,28233.33333,-0.001179245518728722,-0.002355712720848002,0.07351077300380227,0.041820418081180755,0.04567901222222237
1971-10-01,28200.0,-0.0011806374263495512,-0.0023584906836841,0.05882352954428316,0.04187192105395665,0.03676470588235303
1971-11-01,28466.66667,0.00945626489361695,0.008264463047020554,0.05562422743440987,0.05302096202873252,0.03892944051094882
1971-12-01,28733.33333,0.00936768126354015,0.018912529432624225,0.05250305238095243,0.06419753074074075,0.04106280181159416
1972-01-01,29000.0,0.009280742576482703,0.01873536287836819,0.04567307704875878,0.07011070110701101,0.04441776698146249
1972-02-01,29133.33333,0.004597701034482871,0.01392111369071003,0.034319526386471066,0.07107843125000013,0.04295942721276358
1972-03-01,29266.66667,0.004576659268258121,0.009195402413793019,0.02331002342657329,0.07203907216117211,0.04151838683274023
1972-04-01,29400.0,0.004555808541622408,0.009153318193267035,0.03157894736842115,0.09429280383445504,0.0462633451957295
1972-05-01,29700.0,0.010204081632652962,0.014806378016536836,0.045774647887323994,0.12358133683777828,0.05693950177935947
1972-06-01,30000.0,0.010101010101010166,0.020408163265306145,0.060070671378091856,0.15384615384615374,0.06761565836298922
1972-07-01,30300.0,0.010000000000000009,0.02020202020202011,0.07193396213774372,0.16091954022988508,0.09123649446683846
1972-08-01,30733.33333,0.014301430033003326,0.02444444433333337,0.08854781583099736,0.1730279896946565,0.12029161605349836
1972-09-01,31166.66667,0.014099783298709312,0.028602860396039542,0.10520094574468075,0.18504436007604563,0.15006150073800728
1972-10-01,31600.0,0.013903743207069219,0.0281995662720389,0.11007025748125643,0.18648310402834567,0.16748768458528485
1972-11-01,32000.0,0.012658227848101333,0.026737967804626894,0.11368909525680837,0.1866501852674105,0.1837237979264763
1972-12-01,32400.0,0.012499999999999956,0.025316455696202445,0.11724137931034484,0.18681318681318682,0.19999999999999996
1973-01-01,32800.0,0.012345679012345734,0.02499999999999991,0.1258581236986107,0.18269230783445822,0.21033210332103325
1973-02-01,33566.66667,0.023373983841463275,0.036008230555555576,0.14692482914044147,0.19171597630867265,0.2340686275735293
1973-03-01,34333.33333,0.02284011896496141,0.04674796737804887,0.16780045340136063,0.20046620034965046,0.2576312575091575
1973-04-01,35100.0,0.022330097186634035,0.04568023822783718,0.18181818181818188,0.2315789473684211,0.3064516127411352
1973-05-01,35366.66667,0.0075973410256409135,0.03009708757573759,0.178888889,0.24530516443661976,0.3379571251371949
1973-06-01,35633.33333,0.007540056361212022,0.015194681766381724,0.1760176016501651,0.2591283862190814,0.3705128203846155
1973-07-01,35900.0,0.007483629654582158,0.01508011300517631,0.1681127983913353,0.2700471696615512,0.3754789272030652
1973-08-01,36133.33333,0.006499535654596045,0.014031805426943933,0.15935828853910605,0.2798110980259516,0.37913485992366414
1973-09-01,36366.66667,0.006457564760743217,0.012999071587743716,0.15084388196202525,0.28959810886524817,0.38276299125475277
1973-10-01,36600.0,0.006416131896753718,0.012915129244733814,0.14375000000000004,0.2857142855637338,0.3742177723872613
1973-11-01,37066.66667,0.012750455464480837,0.01924839596523853,0.1440329219135803,0.2900232021218123,0.37453646472502644
1973-12-01,37533.33333,0.012589927876565765,0.025500910655737785,0.14430894298780483,0.2942528734482759,0.37484737472527474
1974-01-01,38000.0,0.012433392629878526,0.025179856022915503,0.13207547158569266,0.3043478262361954,0.3701923078569942
1974-02-01,38200.0,0.0052631578947368585,0.017761989433193737,0.11262135933132233,0.3052391798057814,0.3562130175909808
1974-03-01,38400.0,0.005235602094240788,0.010526315789473717,0.09401709401709413,0.30612244897959173,0.3426573426573427
1974-04-01,38600.0,0.005208333333333259,0.010471204188481575,0.09142318557102525,0.29966329966329974,0.3543859649122807
1974-05-01,38733.33333,0.003454231347150394,0.008680555468750129,0.08699719364705305,0.291111111,0.3638497651408452
1974-06-01,38866.66667,0.0034423409641515246,0.006908462953367778,0.08263695459610032,0.28272827293729375,0.37338044770318013
1974-07-01,39000.0,0.003430531646360979,0.00688468167012779,0.07933579345750319,0.2689804773610607,0.379716980969373
1974-08-01,39100.0,0.002564102564102555,0.006003430445454372,0.075160403201177,0.2545454544112786,0.38488783959679895
1974-09-01,39200.0,0.002557544757033181,0.00512820512820511,0.0710382513661203,0.240506329113924,0.3900709219858156
1974-10-01,39300.0,0.0025510204081633514,0.005115089514066584,0.06025179846580464,0.2281249999999999,0.3805620607282716
1974-11-01,39833.33333,0.013570822646310488,0.016156462500000135,0.06127886323812426,0.2294238682098766,0.3863109049172053
1974-12-01,40366.66667,0.013389121507396462,0.027141645547073656,0.06228070184210521,0.23069105701219517,0.3919540231034482
1975-01-01,40900.0,0.013212221221039488,0.026778242763747073,0.07068062827225141,0.21847070494354814,0.4038901603436944
1975-02-01,41466.66667,0.013854930806845855,0.02725020643870768,0.07986111119791661,0.20776699050560832,0.41685649197985697
1975-03-01,42033.33333,0.013665594693435201,0.02770986136919329,0.08894645932642486,0.19753086410256415,0.4297052153061225
1975-04-01,42600.0,0.013481364077199132,0.027331189628028163,0.09982788305506252,0.20452403381672735,0.43434343434343425
1975-05-01,42466.66667,-0.0031298903755868634,0.010309278509937236,0.09262435676735636,0.1917680076886592,0.4155555556666666
1975-06-01,42333.33333,-0.003139717582171131,-0.0062597809859155085,0.08547008538461531,0.17920148551532034,0.39713971386138613
1975-07-01,42200.0,-0.003149606220720469,-0.006279434928863403,0.07928388746803061,0.1678966790745291,0.3731019524265837
1975-08-01,42933.33333,0.01737756706161142,0.01417322834757262,0.09523809515306136,0.18056828577630002,0.3775401066975894
1975-09-01,43666.66667,0.017080745498220473,0.03475513436018951,0.11111111119592865,0.19307832431693983,0.3818565401898735
1975-10-01,44400.0,0.016793893052153175,0.03416149076352193,0.11464435155771069,0.19784172651098553,0.38749999999999996
1975-11-01,44933.33333,0.012012011936936906,0.029007633432900137,0.113129644747058,0.19715808172266058,0.38683127561728403
1975-12-01,45466.66667,0.011869436351028773,0.024024024099098984,0.11165444180929085,0.19649122815789477,0.38617886189024375
1976-01-01,46000.0,0.011730205204418587,0.02373887247950579,0.10932475875326975,0.20418848167539272,0.3704071498142596
1976-02-01,46600.0,0.01304347826086949,0.02492668614186755,0.10864393347411916,0.21354166666666674,0.35728155352983304
1976-03-01,47200.0,0.012875536480686733,0.026086956521739202,0.107981220657277,0.2227979274611398,0.3447293447293447
1976-04-01,47800.0,0.012711864406779627,0.025751072961373467,0.12558869692891772,0.23407917394441302,0.35155513653614
1976-05-01,47900.0,0.0020920502092049986,0.014830508474576343,0.13149606308122008,0.23241852476565894,0.3442469599012392
1976-06-01,48000.0,0.0020876826722338038,0.004184100418409997,0.13744075829383884,0.23076923076923084,0.3370473537604457
1976-07-01,48100.0,0.002083333333333437,0.0041753653444676075,0.12034161499381524,0.2301790281329923,0.33118081193092075
1976-08-01,48833.33333,0.01524601517671531,0.01736111104166671,0.11832061052531917,0.245748299234694,0.3428047660547384
1976-09-01,49566.66667,0.015017064983960049,0.03049203056133054,0.11636636644144138,0.26123833765903304,0.3542805101092896
1976-10-01,50300.0,0.014794888970087738,0.030034129763142126,0.1194362018634596,0.26276150638182094,0.35701438836717503
1976-11-01,50733.33333,0.008614976739562685,0.023537323333992166,0.11583577697097991,0.25681255142388015,0.3516873890187999
1976-12-01,51166.66667,0.008541393036040734,0.01722995367793234,0.11231884065217379,0.251018744987775,0.3464912281578947
1977-01-01,51600.0,0.008469055308894635,0.017082785874972473,0.10729613733905574,0.24437299025366777,0.3507853403141361
1977-02-01,52500.0,0.01744186046511631,0.02605863185498003,0.11228813559322037,0.24900872333457635,0.3671875
1977-03-01,53400.0,0.017142857142857126,0.03488372093023262,0.11715481171548126,0.2535211267605635,0.383419689119171
1977-04-01,54300.0,0.016853932584269593,0.03428571428571425,0.13361169102296455,0.2786499214066993,0.401893287556101
1977-05-01,54200.0,-0.0018416206261510082,0.014981273408239737,0.12916666666666665,0.28031496073073336,0.39451114910853247
1977-06-01,54100.0,-0.0018450184501844769,-0.0036832412523020164,0.12474012474012475,0.2819905213270142,0.38717948717948714
1977-07-01,54000.0,-0.001848428835489857,-0.0036900369003689537,0.10580204785705138,0.25776397525293193,0.38107416879795397
1977-08-01,55166.666670000006,0.021604938333333434,0.019716574306839263,0.11297915264875735,0.26335877860585066,0.4073129252551022
1977-09-01,56333.333329999994,0.021148036131652503,0.043209876481481446,0.11994698469184883,0.2687687686936935,0.433418150890585
1977-10-01,57500.0,0.02071005923199487,0.04229607244457423,0.13337713542269225,0.27967359059938235,0.44351464447226063
1977-11-01,58100.0,0.01043478260869568,0.03136094680658941,0.13550488591951115,0.27785923744297225,0.4393063582626502
1977-12-01,58700.0,0.010327022375215211,0.02086956521739136,0.13759689922480622,0.2760869565217392,0.4352078239608801
1978-01-01,59300.0,0.010221465076660996,0.0206540447504302,0.1295238095238096,0.2725321888412018,0.43006430856671507
1978-02-01,60066.666670000006,0.012928611635750542,0.023282226064736067,0.12484394513108632,0.2725988701271187,0.429024583856386
1978-03-01,60833.333329999994,0.01276359589274323,0.025857223102866644,0.12031921418047875,0.2726638771966525,0.428012519483568
1978-04-01,61600.0,0.012602739781512495,0.025527191951968398,0.13653136531365306,0.28601252609603334,0.4505494504355927
1978-05-01,62233.333329999994,0.010281385227272732,0.023013698631398016,0.15033887855822536,0.2965277777083333,0.47007874019449414
1978-06-01,62866.666670000006,0.01017675425871345,0.020562770616883164,0.16419753092592604,0.30699930706860723,0.4897314376777253
1978-07-01,63500.0,0.01007423112353778,0.02035350835674099,0.1510574017431383,0.300341297017088,0.4790372671955774
1978-08-01,64466.666670000006,0.015223097165354416,0.025450689288152084,0.14437869835173855,0.30060524544044376,0.4763358778262341
1978-09-01,65433.333329999994,0.014994829264994847,0.030446194173228358,0.13797101443478255,0.300861497614314,0.47372372364864845
1978-10-01,66400.0,0.014773306215729809,0.029989658685108944,0.1428571428571428,0.30880420507942197,0.47774480723128665
1978-11-01,67033.33333,0.009538152560240931,0.024452368824475323,0.1419647926746166,0.31009771971921185,0.47434017577167586
1978-12-01,67666.66667,0.009448035903006025,0.019076305271084504,0.14109050033726822,0.31136950910852734,0.4710144928260871
1979-01-01,68300.0,0.00935960586160789,0.01889607165683227,0.13706992224544545,0.30095238095238086,0.4656652360515021
1979-02-01,69666.66667,0.020009760907760077,0.029556650244849436,0.1452054795696005,0.3046192260299627,0.4759887006355934
1979-03-01,71033.33333,0.019617224783750276,0.04001952166910683,0.15313852808441553,0.30816451804788203,0.48605299853556483
1979-04-01,72400.0,0.019239793571996344,0.039234449711041286,0.16336368511855204,0.33579335793357923,0.5114822546972859
1979-05-01,73000.0,0.008287292817679592,0.02768653219275863,0.16118769877194117,0.34935304990757854,0.5208333333333333
1979-06-01,73600.0,0.008219178082191858,0.016574585635359185,0.1590551181102362,0.36296296296296293,0.5301455301455302
1979-07-01,74200.0,0.008152173913043459,0.016438356164383494,0.15098241979570926,0.34501510565891125,0.5194539250183927
1979-08-01,73700.0,-0.006738544474393482,0.0013586956521738358,0.1263372389773989,0.30828402374605246,0.4868863482523951
1979-09-01,73200.0,-0.006784260515603768,-0.013477088948787075,0.10240963855421681,0.2730434782608695,0.45526838966202776
1979-10-01,72700.0,-0.006830601092896127,-0.013568521031207648,0.08453505723941013,0.25129087779690185,0.43298291730834304
1979-11-01,73000.0,0.004126547455295837,-0.002732240437158473,0.07881773393700398,0.24361158432708696,0.42671009762692447
1979-12-01,73300.0,0.004109589041095818,0.008253094910591452,0.07320644216691075,0.23608768971332217,0.4205426356589148
1980-01-01,73600.0,0.004092769440654953,0.008219178082191858,0.05645933009299231,0.22530521635819611,0.401904761904762
1980-02-01,73866.66667,0.0036231884510871115,0.007730786766712239,0.0398873769141197,0.21424657546379455,0.3832709114232211
1980-03-01,74133.33333,0.003610108212833252,0.007246376766304241,0.02394106809392249,0.20346320340909085,0.3652547574585634
1980-04-01,74400.0,0.003597122347284154,0.007220216561045989,0.019178082191780854,0.19550080349199273,0.37269372693726943
1980-05-01,75433.33333,0.013888888844086011,0.01753597122381012,0.024909420244565217,0.19989395534465015,0.3943314848428834
1980-06-01,76466.66667,0.013698630225970065,0.02777777782258073,0.03054806832884105,0.20419947511811043,0.4160493827777778
1980-07-01,77500.0,0.013513513469332272,0.027397260319372396,0.05156037991858886,0.20217166488096305,0.4048338367731217
1980-08-01,78333.33333,0.010752688129032073,0.02441150819422777,0.0701275045081966,0.19714722364733306,0.3905325444018066
1980-09-01,79166.66667,0.010638297957899612,0.02150537638709693,0.0889500229711142,0.1922690763554218,0.37681159426086963
1980-10-01,80000.0,0.010526315746925086,0.021276595788139563,0.09589041095890405,0.1934361015014141,0.37693631669535277
1980-11-01,80300.0,0.00374999999999992,0.014315789430976,0.09549795361527957,0.18669950733070428,0.36797274275979563
1980-12-01,80600.0,0.0037359900373599153,0.007500000000000062,0.09510869565217384,0.18008784773060027,0.3591905564924114
1981-01-01,80900.0,0.003722084367245637,0.007471980074719831,0.09521660644877183,0.16124401908319386,0.34683684787198454
1981-02-01,82033.33333,0.014009064647713121,0.01778329193548389,0.10656474820623041,0.15485687471397735,0.348493150704027
1981-03-01,83166.66667,0.013815522227298649,0.02801812941903603,0.11783154126344098,0.14871086560773494,0.35010822516233775
1981-04-01,84300.0,0.013627254468391525,0.027631044332695254,0.11754308445062067,0.1547945205479453,0.354579539440524
1981-05-01,84133.33333,-0.0019770660735469736,0.011623246412359567,0.10026155178290042,0.1431159419836956,0.3382820783489775
1981-06-01,83966.66667,-0.001980982488192451,-0.003954132028469726,0.08344086025806452,0.13162623544474394,0.32230971133858266
1981-07-01,83800.0,-0.001984914688289652,-0.003961965095244047,0.06978723408807608,0.13704206241519667,0.29989658731644786
1981-08-01,83766.66667,-0.00039777243436744936,-0.002381897578309533,0.05810526315544817,0.14435336980874336,0.2801833928823325
1981-09-01,83733.33333,-0.0003979308396182546,-0.0007955449880668874,0.046666666624999964,0.15176524525447044,0.2610441766566265
1981-10-01,83700.0,-0.00039808913218142283,-0.0007958615598570029,0.04234122042341215,0.14657534246575343,0.24863252119585444
1981-11-01,82866.66667,-0.009956192712066825,-0.01035031839213163,0.02812241526054593,0.1305138699863575,0.22463054186085563
1981-12-01,82033.33333,-0.010056315446095976,-0.01991238554360819,0.014009064647713121,0.11458333328804349,0.2010736944363103
1982-01-01,81200.0,-0.010158472125565088,-0.020112630771516038,-0.010158472125565088,0.09927797828974372,0.1655502391786816
1982-02-01,82700.0,0.018472906403940836,0.008126777773593163,-0.005611222484745104,0.11555755400699463,0.16424213989508418
1982-03-01,84200.0,0.018137847642079707,0.03694581280788167,-0.0011862396204033177,0.131720430107527,0.16298342541436472
1982-04-01,85700.0,0.017814726840855055,0.03627569528415964,0.01862123617347944,0.13610251883058355,0.17397260273972592
1982-05-01,85100.0,-0.007001166861143493,0.010688836104512989,0.01349741957072248,0.11290322575793788,0.15625
1982-06-01,84500.0,-0.007050528789659172,-0.014002333722287097,0.00835322195704058,0.0903225806451613,0.13881401617250666
1982-07-01,83900.0,-0.007100591715976323,-0.014101057579318454,0.0015917230003346106,0.07106382983281123,0.13839891451831754
1982-08-01,84133.33333,0.002781088557806788,-0.00433925053254447,0.004777070063884503,0.0627368420184109,0.1493624771857922
1982-09-01,84366.66667,0.0027733756736441073,0.005562177234803345,0.007964954241338251,0.0545833333750001,0.16047684552957375
1982-10-01,84600.0,0.0027657052152205708,0.00554675122842907,0.020917135920317076,0.0535491905354919,0.1589041095890411
1982-11-01,85300.0,0.008274231678486954,0.011062820979412802,0.03982121093213431,0.058312655086848686,0.16371077762619368
1982-12-01,86000.0,0.008206330597889888,0.016548463356973908,0.059113300492610765,0.06304079110012362,0.1684782608695652
1983-01-01,86700.0,0.008139534883720989,0.016412661195779554,0.048367593712212775,0.05688744417134872,0.17373646204089632
1983-02-01,87500.0,0.009227220299884653,0.01744186046511631,0.039192399049881255,0.052104208374665006,0.18030575544875482
1983-03-01,88300.0,0.00914285714285712,0.018454440599769306,0.03033838973162184,0.04744958481613293,0.18682795698924726
1983-04-01,89100.0,0.009060022650056565,0.01828571428571424,0.047003525264394774,0.05903328054909007,0.1811754308962077
1983-05-01,90233.33333,0.012719790460157032,0.021895054699886618,0.06785009857988156,0.07463279070763651,0.18003487348822844
1983-06-01,91366.66667,0.01256002962735736,0.025439581032547842,0.088994835160906,0.09029435167064448,0.17892473122580643
1983-07-01,92500.0,0.012404231995169379,0.025120059143890705,0.0994453249247007,0.104257859088569,0.18085106388003624
1983-08-01,91933.33333,-0.006126126162162238,0.00620211594286002,0.08968787032438996,0.09792993630963087,0.16126315780373623
1983-09-01,91366.66667,-0.006163886802253771,-0.012252252216216175,0.07998423959810874,0.09159697335722816,0.142083333375
1983-10-01,90800.0,-0.006202116052309359,-0.012327773713282308,0.06447831184056274,0.09573612224071848,0.1307596513075966
1983-11-01,92100.0,0.014317180616740144,0.008026267748703741,0.07093023255813957,0.12271434380831847,0.14267990074441683
1983-12-01,93400.0,0.014115092290988063,0.028634361233480066,0.07727797001153403,0.1502463054187193,0.15451174289245984
1984-01-01,94700.0,0.013918629550321304,0.028230184581976125,0.0822857142857143,0.14510278113663855,0.1544087769668594
1984-02-01,96200.0,0.015839493136219573,0.02997858672376874,0.08946772366930911,0.14251781472684089,0.156713426807346
1984-03-01,97700.0,0.015592515592515621,0.03167898627243937,0.09652076318742986,0.14002333722287053,0.158956109134045
1984-04-01,99200.0,0.01535312180143289,0.031185031185031242,0.09937199856296175,0.16568742655699187,0.1790808241354629
1984-05-01,98966.66667,-0.0023521505040321466,0.01296485844421702,0.08318132068284645,0.1712031558579883,0.17864231837321776
1984-06-01,98733.33333,-0.0023576962612881225,-0.00470430110887099,0.0673873873513513,0.1767977750893921,0.17820206837708819
1984-07-01,98500.0,-0.002363268028438892,-0.004715392421532072,0.07142857146741943,0.17076069735224886,0.17588539589431407
1984-08-01,98266.66667,-0.0023688662944161276,-0.004726536056877895,0.07551988325153158,0.16475701303181522,0.1735668790674192
1984-09-01,98033.33333,-0.0023744912482235314,-0.0047377326903553785,0.0796622613436122,0.1587864459810875,0.17124651529271206
1984-10-01,97800.0,-0.0023801427746473758,-0.00474898239468291,0.061889250814332275,0.14654161781946073,0.18020917131213943
1984-11-01,98033.33333,0.002385821370143093,0.0,0.049607423233404724,0.13992248058139523,0.19504266559102157
1984-12-01,98266.66667,0.002380142876653668,0.00477164284253595,0.03766279482576573,0.13341022687427917,0.21018062401477833
1985-01-01,98500.0,0.0023744911464593788,0.004760285651300933,0.023908523908523938,0.12571428571428567,0.19105199516324056
1985-02-01,99166.66667,0.006768189543147285,0.00915875169575453,0.015011941351074753,0.12306530770101931,0.1777513856294537
1985-03-01,99833.33333,0.006722689008177296,0.013536378984771558,0.006384408568548272,0.12046389820426473,0.16491637491248534
1985-04-01,100500.0,0.006677796360823995,0.01344537811719504,0.01549343209782772,0.113779091286065,0.18096357226792015
1985-05-01,100500.0,0.0,0.006677796360823995,0.017893315361846573,0.09996351692448147,0.18934911242603558
1985-06-01,100500.0,0.0,0.0,0.020304568527918843,0.08648648648648649,0.197854588796186
1985-07-01,100500.0,0.0,0.0,0.022727272692580458,0.09318346631954988,0.19453248816143165
1985-08-01,101600.0,0.010945273631840724,0.010945273631840724,0.03638218296621498,0.11200291860226175,0.2042670880598867
1985-09-01,102700.0,0.010826771653543288,0.02189054726368167,0.05010224948875264,0.13105726872246692,0.21394799054373514
1985-10-01,103800.0,0.0107108081791627,0.021653543307086576,0.05882352944776703,0.12703583061889256,0.21688159437280197
1985-11-01,104633.3333,0.008028259152215833,0.01882505647517041,0.0647896875486842,0.12027123447537469,0.21666666627906972
1985-12-01,105466.6667,0.007964320486767873,0.01605651926782281,0.07072758071065999,0.11369236219640966,0.21645520991926182
1986-01-01,106300.0,0.00790139032620063,0.015928640017817353,0.07193277307321222,0.10498960498960508,0.21485714285714286
1986-02-01,108200.0,0.017873941674506177,0.025916560990544735,0.08380634394269815,0.10747185261003067,0.22536806342015847
1986-03-01,110100.0,0.01756007393715331,0.03574788334901213,0.09552238805970159,0.1098790322580645,0.23569023569023573
1986-04-01,112000.0,0.0172570390554041,0.03512014787430684,0.11442786069651745,0.13169417308414633,0.24122644999044063
1986-05-01,112800.0,0.0071428571428571175,0.02452316076294281,0.12238805970149258,0.14247130321210233,0.2345859175032985
1986-06-01,113600.0,0.007092198581560183,0.014285714285714235,0.1303482587064677,0.15329949238578688,0.228108108108108
1986-07-01,114400.0,0.007042253521126751,0.014184397163120588,0.12598425196850394,0.16417910443812134,0.2443799855418558
1986-08-01,114800.0,0.0034965034965035446,0.010563380281690238,0.1178188899707886,0.1710302618555264,0.25647573873562646
1986-09-01,115200.0,0.0034843205574912606,0.006993006993007089,0.10982658959537561,0.17791411042944794,0.2687224669603525
1986-10-01,115600.0,0.003472222222222321,0.006968641114982521,0.10481044953960184,0.1791907514851816,0.2551574375678609
1986-11-01,117333.3333,0.014994232698961829,0.018518518229166725,0.112515802113617,0.19402985036655251,0.2562455385438971
1986-12-01,119066.6667,0.01477272784510597,0.029988466262975688,0.12010034524929436,0.20879864670050763,0.2573037666314677
1987-01-01,120800.0,0.014557670488645647,0.029545454837939022,0.11645101663585944,0.2181512604632554,0.2557172557172558
1987-02-01,122566.6667,0.014624724337748418,0.02939529674429031,0.11323039691189818,0.2277128551328118,0.2545206417604913
1987-03-01,124333.3333,0.014413923847045318,0.02924944784768213,0.11011904732142863,0.2371475950248756,0.25336021471774184
1987-04-01,126100.0,0.014209115553407203,0.02882784850997333,0.11790780141843982,0.254726368159204,0.2741663859456325
1987-05-01,127366.6667,0.01004493814432994,0.024396783384556864,0.12118544630281702,0.2673300169154229,0.2900067525756249
1987-06-01,128633.3333,0.009945040039271102,0.020089875495638454,0.12441724912587415,0.27993366467661684,0.3059221654822335
1987-07-01,129900.0,0.009847110912113877,0.01989008086367705,0.13153310104529625,0.2785433070866141,0.32191316142055926
1987-08-01,131100.0,0.009237875288683695,0.019175952583357248,0.13802083333333326,0.27653359298928915,0.33730023805975184
1987-09-01,132300.0,0.009153318077803174,0.018475750577367167,0.14446366782006925,0.27456647398843925,0.352760736196319
1987-10-01,133500.0,0.009070294784580435,0.01830663615560635,0.13778409123232493,0.2758840399094884,0.3617817069487175
1987-11-01,134966.6667,0.010986267415730389,0.02015621088435382,0.13353863378120412,0.27970922873586934,0.3734735416766122
1987-12-01,136433.3333,0.010866880214653651,0.021972534082397077,0.12941501076158946,0.28347444308560665,0.38510998274111663
1988-01-01,137900.0,0.010750061326838534,0.02173376117023129,0.12510198500813097,0.27449168207024033,0.39058823524737507
1988-02-01,136866.6667,-0.007493352429296607,0.0031761548993833877,0.10080429010745418,0.2431123224341507,0.3709515863562922
1988-03-01,135833.3333,-0.007549927421444225,-0.014986705583756366,0.07718741712926258,0.21279761875000003,0.35157545572139304
1988-04-01,134800.0,-0.007607361719658257,-0.015099854112250455,0.05836168514567874,0.1950354609929077,0.3412935323383084
1988-05-01,137033.3333,0.01656775445103853,0.008834355830388718,0.06530189169870493,0.20627934242957746,0.3635157542288556
1988-06-01,139266.6667,0.016297738267160744,0.03313550964391698,0.07210674903772141,0.21736596765734273,0.3857379771144278
1988-07-01,141500.0,0.016036380800374284,0.032595475804572116,0.0793287566742944,0.23257839721254348,0.39271653543307083
1988-08-01,141133.3333,-0.002591284098939939,0.013403541882861747,0.0667674474678761,0.22511574045138882,0.37422914605647506
1988-09-01,140766.6667,-0.0025980155887099787,-0.005182567491166079,0.05443196029962549,0.2177047292387544,0.3561335905587668
1988-10-01,140400.0,-0.0026047835655683693,-0.005196031885969732,0.04025685328716788,0.19659090943084978,0.3418286082643609
1988-11-01,141700.0,0.0092592592592593,0.006630357327342962,0.03860249231336499,0.1900895853331217,0.34355246480924384
1988-12-01,143000.0,0.00917431192660545,0.0185185185185186,0.03698332124728054,0.1837748344370862,0.3452492944496708
1989-01-01,144300.0,0.009090909090909038,0.0183486238532109,0.05431076447776162,0.17731846582069122,0.33364140480591487
1989-02-01,145133.3333,0.0057750055440055625,0.01491841468531474,0.06846625768551329,0.1672922252459228,0.3181955794732061
1989-03-01,145966.6667,0.005741847038525982,0.011550011781011893,0.0828387737388725,0.1575469206978588,0.3032738098214285
1989-04-01,146800.0,0.00570906576713659,0.011483693388030236,0.07127219680643937,0.1525778588975195,0.301418439716312
1989-05-01,147933.3333,0.007720254087193457,0.013473395292652679,0.062230731914257875,0.1500388702125004,0.3022300466549295
1989-06-01,149066.6667,0.007661109059860616,0.015440508855585788,0.0534746763250884,0.14754939722863747,0.30303030332167835
1989-07-01,150200.0,0.00760286202871141,0.015322217443740849,0.06424185192825749,0.14569031273836774,0.3083623693379791
1989-08-01,150533.3333,0.002219262982689818,0.00983899776166397,0.06938195546545534,0.13781808994709,0.30671296267361114
1989-09-01,150866.6667,0.0022143494247595097,0.0044385266311584015,0.0745489081196582,0.1300873910112359,0.3050749714532872
1989-10-01,151200.0,0.002209456252273645,0.004428698185214408,0.0670430486944249,0.1202766112323348,0.2886363640024536
1989-11-01,150633.3333,-0.00374779563492067,-0.0015466199731448693,0.053379953146853065,0.104080136844388,0.2651175805528785
1989-12-01,150066.6667,-0.003761893782642578,-0.007495590608465608,0.03996304019404029,0.08822818491660622,0.24227373096026494
1990-01-01,149500.0,-0.0037760997326130585,-0.007523788229148898,0.030087276304567645,0.092303945179663,0.2197443564808963
1990-02-01,150066.6667,0.003790412709030022,0.0,0.0280886046978559,0.10478527659013137,0.20697050997505917
1990-03-01,150633.3333,0.003776099066242544,0.007580824749163773,0.026112624659400563,0.11745796216617199,0.19455458604282305
1990-04-01,151200.0,0.0037618944465063198,0.007552198798855603,0.0220820191577471,0.10338117273251801,0.1871237892731945
1990-05-01,149300.0,-0.012566137566137559,-0.008851515602755322,0.001565294945982787,0.07204403995403452,0.16066338459721785
1990-06-01,147400.0,-0.01272605492297385,-0.025132275132275117,-0.018641810918774926,0.041696113074204844,0.13471901462663594
1990-07-01,145500.0,-0.012890094979647215,-0.0254521098459477,-0.03343666940510115,0.03094000969082189,0.10983981693363853
1990-08-01,147033.3333,0.01053837319587636,-0.0024875624151967646,-0.025408749883913284,0.04451811459992472,0.11136306349206349
1990-09-01,148566.6667,0.010428474724649472,0.02107674707903784,-0.017416225529100493,0.058167141737891725,0.11285892659176033
1990-10-01,150100.0,0.010320843390100753,0.020856948769180983,-0.0035406061083294027,0.059280169371912494,0.11212645070088256
1990-11-01,150433.3333,0.002220741505662982,0.012564504821053424,0.0024433580625402573,0.05198135174825169,0.10261421942404447
1990-12-01,150766.6667,0.0022158214053213943,0.004441483677548375,0.008472686956521702,0.04481404504504516,0.09330432704858604
1991-01-01,151100.0,0.0022109217328740716,0.0044316421458967525,0.00688582829700457,0.041111621736589665,0.10399415462640182
1991-02-01,150133.3333,-0.006397529450694939,-0.004200752154720155,-0.0033193184340162274,0.028545329520770713,0.10527607364546654
1991-03-01,149166.6667,-0.006438720694147082,-0.012795058239576385,-0.013447971560846539,0.01612170776566768,0.10657764614243326
1991-04-01,148200.0,-0.00648044714938989,-0.012877442054368915,-0.007367716008037539,0.0018026140157283432,0.08148868914655538
1991-05-01,147266.6667,-0.006297795546558738,-0.012737430164751373,-0.0009045678426051751,-0.012075134165457246,0.057443752978113105
1991-06-01,146333.3333,-0.006337709822014981,-0.012595591767881276,0.005727376632302494,-0.025743453395472682,0.03415783250883386
1991-07-01,145400.0,-0.006378131892113448,-0.012675418964989693,-0.01110859193178615,-0.03410097409966806,0.030231459855982967
1991-08-01,145066.6667,-0.0022925261348005765,-0.008656035992860134,-0.023558447380848446,-0.038444542634015755,0.030547004491937813
1991-09-01,144733.3333,-0.0022977945766778918,-0.004585052957359004,-0.03575394203864091,-0.042768959656084626,0.03086419729344736
1991-10-01,144400.0,-0.0023030859056432096,-0.00459558846401753,-0.040106359193464725,-0.04138083625611433,0.019054340155257643
1991-11-01,144433.3333,0.00023084002770090706,-0.0020727775223566836,-0.04200751756754206,-0.03753887204852535,0.010023309790209822
1991-12-01,144466.6667,0.00023078744524140937,0.00046168074792252156,-0.04390028656518863,-0.033667781270902974,0.0011550013860013308
1992-01-01,144500.0,0.00023073350248492552,0.00046157419812176137,-0.03752220227298453,-0.03709462482516779,-0.004363803170501557
1992-02-01,144766.6667,0.001845444290657472,0.0020766035989669973,-0.029497206697319034,-0.038946669183214544,-0.008221055033518776
1992-03-01,145033.3333,0.001842044208647975,0.0036908878892734087,-0.021367521592442706,-0.04078483267195765,-0.012034514305177102
1992-04-01,145300.0,0.0018386580100755445,0.003684089108062505,-0.013354459254559914,-0.02679169457468189,-0.017800810954889723
1992-05-01,144100.0,-0.008258774948382674,-0.006435302001019383,-0.01526195877340819,-0.02238805970149249,-0.033318425976449406
1992-06-01,142900.0,-0.00832755031228316,-0.01651754989676535,-0.01719394773039895,-0.017869415807560185,-0.048601864181091914
1992-07-01,141700.0,-0.00839748075577329,-0.01665510062456632,-0.023207720812682076,-0.036272953760207005,-0.05868024779864489
1992-08-01,143533.3333,0.012938131968948552,0.004432003498950232,-0.008291110089426734,-0.03387929144404778,-0.048608042852715916
1992-09-01,145366.6667,0.012772875525493,0.025876264643613256,0.006694367728531825,-0.03153453231179215,-0.038580246693121656
1992-10-01,147200.0,0.012611786055351626,0.025545750354283747,0.019155319875180155,-0.02149346311134359,-0.0227926530256235
1992-11-01,146366.6667,-0.0056612316576086785,0.006879156155267241,0.013151822793458168,-0.02918416979235372,-0.02465570856849053
1992-12-01,145533.3333,-0.0056934643576194155,-0.011322463994565268,0.007151095501729987,-0.036840944407677045,-0.026532887625418056
1993-01-01,144700.0,-0.00572606482036786,-0.011386928032023014,-0.00046051139754532677,-0.0361900530719782,-0.03576188382146561
1993-02-01,146100.0,0.009675190048376026,0.003893724462641801,0.007354631350805496,-0.02055865943674673,-0.030095153580459222
1993-03-01,147500.0,0.00958247775496246,0.01935038009675183,0.015141087405368125,-0.004723346828609976,-0.02447089947089942
1993-04-01,148900.0,0.009491525423728886,0.019164955509924697,0.03331020124913264,0.011090991169965703,-0.0026791694574681557
1993-05-01,148600.0,-0.002014775016789816,0.007457627118644172,0.03988803358992299,0.015489749661842689,0.008141112618724522
1993-06-01,148300.0,-0.0020188425302826163,-0.004029550033579632,0.04657727593507399,0.019944979367262805,0.019243986254295464
1993-07-01,148000.0,-0.0020229265003371966,-0.004037685060565233,0.031119368562730898,0.020220588000868345,0.006574473136834014
1993-08-01,148100.0,0.0006756756756756133,-0.0013486176668914274,0.018803026595092254,0.023261170203422665,-0.0031411265418126444
1993-09-01,148200.0,0.0006752194463199857,0.0013513513513514486,0.006793478260869623,0.026315789473684292,-0.012658227848101222
1993-10-01,148300.0,0.0006747638326585204,0.0013504388926401933,0.013208836025231374,0.026771290336203846,-0.014181253936224492
1993-11-01,150066.6667,0.011912789615643904,0.012595591767881276,0.031149794326878144,0.03876326718071921,-0.004642936103328998
1993-12-01,151833.3333,0.0117725450884556,0.023825578556978977,0.04929739668279187,0.050749711418685006,0.004853297816015845
1994-01-01,153600.0,0.011635565534936498,0.023545090843281935,0.05133470225872694,0.061017729435639545,0.023090586372799926
1994-02-01,153800.0,0.0013020833333332593,0.012952799344226662,0.042711864406779654,0.06044587475533114,0.03106145228356172
1994-03-01,154000.0,0.0013003901170351995,0.0026041666666667407,0.03425117528542643,0.059876118375774334,0.03913630229419707
1994-04-01,154200.0,0.0012987012987013546,0.002600780234070177,0.037685060565275874,0.0700902151283831,0.047080126517184295
1994-05-01,153733.3333,-0.0030263728923476396,-0.0017316019480519973,0.0366374463924477,0.07581058992302303,0.0505694760935238
1994-06-01,153266.6667,-0.0030355589772409486,-0.00605274513618681,0.03558558581081073,0.08162785250529292,0.05410362242090794
1994-07-01,152800.0,-0.0030448023046879547,-0.006071118604959014,0.031735313977042434,0.06456107781341403,0.05330882328738307
1994-08-01,153900.0,0.007198952879581055,0.004132231186574131,0.03846153846153855,0.058702132295642695,0.06333486896898544
1994-09-01,155000.0,0.007147498375568606,0.014397905759162333,0.045178691840863205,0.052989130434782705,0.07340720221606656
1994-10-01,156100.0,0.007096774193548372,0.014294996751137212,0.0402043533895593,0.06649965814928271,0.08077544451437246
1994-11-01,155233.3333,-0.005551996796925085,0.001505376129032232,0.02239297475793478,0.06665139717513768,0.07452699536812935
1994-12-01,154366.6667,-0.0055829929150919,-0.011103992953235053,0.004991319661458382,0.06680488389771932,0.06828143044982693
1995-01-01,153500.0,-0.005614338370629635,-0.011165986474375389,-0.0019505851755526882,0.05065023956194392,0.06032696268470472
1995-02-01,155300.0,0.011726384364820763,0.006046210104503125,0.008441558441558472,0.052881355932203444,0.07078832476919983
1995-03-01,157100.0,0.011590470057952329,0.02345276872964175,0.018806744487678273,0.05507051712558764,0.08121128699242952
1995-04-01,158900.0,0.01145767027371103,0.023180940115904658,0.03360797940884819,0.06931359353970401,0.10270645385149213
1995-05-01,158500.0,-0.0025173064820641633,0.008911521323997418,0.034145280331851824,0.06877950101146335,0.10916724982505244
1995-06-01,158100.0,-0.0025236593059937418,-0.005034612964128438,0.03468586387434547,0.06824324324324316,0.11573747353563868
1995-07-01,157700.0,-0.0025300442757748565,-0.0050473186119873725,0.024691358024691468,0.06482106684672528,0.09869948934015316
1995-08-01,158766.6667,0.0067638979074191585,0.004216740670461849,0.02430107548387106,0.07130004520917677,0.09218069248058236
1995-09-01,159833.3333,0.00671845433409235,0.01352779518072289,0.02391629276105056,0.07777028523263652,0.08582427513586954
1995-10-01,160900.0,0.006673618562392791,0.013436909298039756,0.036504187467576665,0.07219013747841174,0.0992940102256219
1995-11-01,160966.6667,0.000414336233685475,0.007090719918058541,0.042755344408819784,0.06015367773000091,0.10604672517316693
1995-12-01,161033.3333,0.0004141640090258303,0.0008286718458669906,0.0490770899022801,0.04839409700520836,0.11287721700069109
1996-01-01,161100.0,0.0004139931692017651,0.0008283286392982703,0.03734707018673533,0.04746423927178145,0.10266940451745388
1996-02-01,162733.3333,0.010138630043451169,0.010556820536236078,0.03585826416295346,0.05670995649350652,0.10327683593220338
1996-03-01,164366.6667,0.01003687054691449,0.020277260707634914,0.034403188797986095,0.06593169066147864,0.10387284553391529
1996-04-01,166000.0,0.009937132222685552,0.020073740479326974,0.04731861198738163,0.07979184758885349,0.11709286675639308
1996-05-01,165333.3333,-0.004016064457831314,0.005881159601321961,0.04575163377609104,0.07872988210553933,0.11485727107215093
1996-06-01,164666.6667,-0.004032257662103245,-0.00803212831325295,0.04417670703868115,0.07766143128272263,0.11261261283783774
1996-07-01,164000.0,-0.004048583197561073,-0.008064515929045224,0.03296241842683978,0.06562703053931118,0.1073598919648886
1996-08-01,166333.3333,0.014227642073170621,0.010121457082971297,0.040667361843726324,0.07311827935483861,0.12235717476383257
1996-09-01,168666.6667,0.014028056515837273,0.028455284756097488,0.04827014729645751,0.08050395067264571,0.13733423263654765
1996-10-01,171000.0,0.013833991894499187,0.028056112430472124,0.06233174548305409,0.10156753298294352,0.13949355816537246
1996-11-01,171400.0,0.002339181286549641,0.01620553339600672,0.0643759058299267,0.11034333813207864,0.1288693745617715
1996-12-01,171800.0,0.002333722287047868,0.004678362573099504,0.06641837368094361,0.11921824104234524,0.11848958333333326
1997-01-01,172200.0,0.002328288707799775,0.004667444574095736,0.05817288018397648,0.10882163554410829,0.11963589076723014
1997-02-01,173866.6667,0.00967866840882703,0.01202949185098956,0.057797606964551385,0.10672607702100567,0.1290043292207792
1997-03-01,175533.3333,0.009585889185278695,0.019357336236933698,0.057429718674698815,0.10467799433606051,0.13834846498054465
1997-04-01,177200.0,0.00949487296040541,0.01917177894571087,0.0717741937644707,0.11798107255520507,0.15264527345027012
1997-05-01,176366.6667,-0.00470278386004519,0.004747436765048851,0.07105263156456432,0.11553868880455398,0.15071770331650325
1997-06-01,175533.3333,-0.004725005102112045,-0.009405568284424404,0.07032520304878043,0.11308391439441978,0.14877835929319372
1997-07-01,174700.0,-0.004747436195356558,-0.009450009637223644,0.05030060141288595,0.10035691767785915,0.13515269655620532
1997-08-01,174933.3333,0.0013356227819119049,-0.0034181541973828944,0.037154149795028735,0.09447340982157937,0.1286021503225807
1997-09-01,175166.6667,0.0013338418447663702,0.002671246136233485,0.024366471929824662,0.08866790988191431,0.12214392504804605
1997-10-01,175400.0,0.0013320645097369965,0.0026676831178864546,0.023337222870478458,0.08966659741361216,0.12991196073221212
1997-11-01,176933.3333,0.0087419230330672,0.010085632348223461,0.029879704889406167,0.09873732148597347,0.14618872767303204
1997-12-01,178466.6667,0.008666164658754028,0.017483846636259903,0.036391792682926916,0.10780053817504665,0.16264929446254062
1998-01-01,180000.0,0.008591706946471378,0.017332328752323267,0.03527607342115102,0.10610405594143879,0.15904700579523512
1998-02-01,179600.0,-0.0022222222222222365,0.006350392042145936,0.023167489749936765,0.09267896956141164,0.14322087842138775
1998-03-01,179200.0,-0.00222717149220486,-0.004444444444444473,0.011286681715575675,0.07951807228915664,0.12775330396475781
1998-04-01,178800.0,-0.0022321428571429047,-0.0044543429844098315,0.013797013605405972,0.08145161312126037,0.1280757097791798
1998-05-01,180633.3333,0.010253541946308786,0.00799851171874999,0.029054310677754325,0.09696356232854986,0.14252582732447827
1998-06-01,182466.6667,0.010149474443651885,0.020507084451901525,0.0444571648540355,0.1126016262195122,0.15704924984147106
1998-07-01,184300.0,0.010047497075256207,0.020298948333696165,0.05354420751782474,0.10801603228617562,0.16082301046382041
1998-08-01,183366.6667,-0.005064206728160547,0.004932407744805856,0.04681255945826601,0.08715415018040429,0.147236705348746
1998-09-01,182433.3333,-0.00508998400198335,-0.010128413998914843,0.04009882155074118,0.066861598245614,0.13383053635798636
1998-10-01,181500.0,-0.00511602393661903,-0.010179967458611161,0.025810098158592698,0.058926487747958056,0.12756264213552226
1998-11-01,184033.3333,0.013957759228650168,0.008770327061715655,0.031191632044977213,0.07120682945285206,0.14282757196084206
1998-12-01,186566.6667,0.013765622534643418,0.0279155190082645,0.03648148166666676,0.08343012020905927,0.1580798677839852
1999-01-01,189100.0,0.013578702695447697,0.02753124452590683,0.05289532293986632,0.08761503046633146,0.1620237609918116
1999-02-01,190000.0,0.004759386567953383,0.018402715558620164,0.060267857142857206,0.08241549583790642,0.1559521392910257
1999-03-01,190900.0,0.00473684210526315,0.009518773135906988,0.06767337807606255,0.07731376975169302,0.1499999999999999
1999-04-01,191800.0,0.004714510214772094,0.0094736842105263,0.061819524093341904,0.08750708730154844,0.16008064539517752
1999-05-01,192200.0,0.002085505735140769,0.006809848088004111,0.053343076168552495,0.09494872789497699,0.16720647749651696
1999-06-01,192600.0,0.0020811654526535772,0.004171011470281538,0.04503526858383067,0.10246136233543224,0.17439024390243896
1999-07-01,193000.0,0.0020768431983384517,0.004162330905306932,0.05253590237183503,0.10327743923461852,0.1603206415150944
1999-08-01,196933.3333,0.0203799652849741,0.02249913447559715,0.07948108899679895,0.12426260663667699,0.16758893237794692
1999-09-01,200866.6667,0.019972918419088215,0.040759931088082846,0.10670339779614335,0.1451919424173318,0.17465886959064325
1999-10-01,204800.0,0.019581811978164332,0.039945836330390394,0.11284187667321888,0.1574981162693101,0.19486581096849465
1999-11-01,204166.6667,-0.003092447753906269,0.016428808493788694,0.09433625154648273,0.14400448260291276,0.18839736146682196
1999-12-01,203533.3333,-0.0031020411423506866,-0.006184895996093731,0.07632645848757269,0.13074074055555562,0.18195896225319386
2000-01-01,202900.0,-0.0031116932530480534,-0.006204081794905503,0.06789473684210523,0.12973273942093533,0.1669861960952863
2000-02-01,202733.3333,-0.0008214228684081393,-0.003930560105458669,0.06198707857517016,0.13132440457589278,0.1549563236146898
2000-03-01,202566.6667,-0.0008220976653768863,-0.0016428452439625207,0.05613486287799785,0.132923191834452,0.14315274661399546
2000-04-01,202400.0,-0.0008227745596802727,-0.0016441958240125398,0.05306971904266389,0.12050193783364116,0.14760914739224917
2000-05-01,202966.6667,0.002799736660079155,0.0019746585483009227,0.053824853063343836,0.11234928752057916,0.15628560618235587
2000-06-01,203533.3333,0.0027919195265573293,0.00559947282608686,0.05457685647668398,0.1043588350515463,0.16504483858042351
2000-07-01,204100.0,0.0027841469051399503,0.005583839545806546,0.03639133396012051,0.11307035064296111,0.16673018314914834
2000-08-01,206766.6667,0.013065490935815882,0.015886014087108657,0.029372718216167826,0.13338205776235745,0.18039961937575644
2000-09-01,209433.3333,0.012896985005175443,0.02613098138167569,0.02262369775390627,0.15390266280991738,0.19403268700114018
2000-10-01,212100.0,0.012732771130468334,0.025793970493987795,0.038857142687533486,0.15250860372260622,0.1987565940464877
2000-11-01,211733.3333,-0.0017287444601603585,0.01098201496275375,0.040288241080951304,0.13489369266841278,0.18640268916951763
2000-12-01,211366.6667,-0.0017317377206755857,-0.0034574884488448587,0.04172827353376052,0.117750749338974,0.17425925944444454
2001-01-01,211000.0,-0.0017347423116645944,-0.003463475913643488,0.04077606067753625,0.11052631578947358,0.17483296213808464
2001-02-01,211066.6667,0.0003159559241705523,-0.0014193344896042959,0.04196149415139683,0.10563995128339454,0.1778273811383928
2001-03-01,211133.3333,0.0003158556537719015,0.0006319113744075455,0.04314887994071137,0.10079944369134508,0.18083519742729304
2001-04-01,211200.0,0.000315756394113631,0.000631711781327926,0.04056495302339225,0.09885535900104059,0.1692194133916256
2001-05-01,210066.6667,-0.005366161458333352,-0.005052099464011972,0.03209957452212575,0.09068881983385246,0.15126050417404824
2001-06-01,208933.3333,-0.005395112979150296,-0.01073232339015151,0.023681201861832424,0.0825561310880829,0.13365888931090608
2001-07-01,207800.0,-0.005424377633284072,-0.010790225482261162,0.004997581653232608,0.05517941791726133,0.13324850006666988
2001-08-01,209933.3333,0.010266281520692866,0.004786215699551066,0.002387394557120448,0.04513773613588823,0.15073999637323965
2001-09-01,212066.6667,0.0101619564957387,0.020532563522617897,-0.00015715841584162948,0.03548177099609373,0.16841138677685952
2001-10-01,214200.0,0.010059729486001201,0.020323912515135545,0.011649874214680445,0.049142856971568616,0.1639195799970874
2001-11-01,218666.6667,0.020852785714285726,0.03112228858360222,0.034537139247037274,0.07435309565580628,0.17205645878648257
2001-12-01,223133.3333,0.02042682896030068,0.04170557096171801,0.05750394928909941,0.09972071611631339,0.17997532152300377
2002-01-01,227600.0,0.020017926653722373,0.040853658377918656,0.07833228030980233,0.12265702090145636,0.19789473684210535
2002-02-01,227600.0,0.0,0.020017926653722373,0.0779917905080505,0.1235807139832843,0.1922472498690413
2002-03-01,227600.0,0.0,0.0,0.07765151515151514,0.12450592885375489,0.18665276329509917
2002-04-01,227600.0,0.0,0.0,0.08346556631490554,0.12136639823922368,0.18418314255983348
2002-05-01,224766.6667,-0.012448740333919184,-0.012448740333919184,0.07578174889530653,0.1043236164599286,0.16701280737279345
2002-06-01,221933.3333,-0.012605665428947699,-0.024897481107205577,0.06801411597690077,0.08737546937775598,0.1499136440414508
2002-07-01,219100.0,-0.012766596427270405,-0.02521133041298962,0.04366465561188715,0.05964855697893778,0.11255924189447519
2002-08-01,223566.6667,0.020386429484253732,0.007359567739164907,0.054228230107791875,0.06748368646625558,0.11301028873000152
2002-09-01,228033.3333,0.01997912598479501,0.040772858512095,0.06458138795518198,0.07512179773691652,0.11344401025390627
2002-10-01,232500.0,0.01958777971343184,0.039958252416884,0.06326219495986862,0.09807934526103268,0.13877551001815913
2002-11-01,232700.0,0.0008602150537635467,0.020464844470174715,0.042874215871358645,0.10093045243637744,0.14330167067528699
2002-12-01,232900.0,0.0008594757198108205,0.0017204301075268713,0.02328646748681895,0.1037914691943127,0.1478560867422376
2003-01-01,233100.0,0.0008587376556461468,0.001718951439621863,0.024165202108963113,0.10439039780410764,0.14978625471058638
2003-02-01,235733.3333,0.01129701115401116,0.012165449978531528,0.035735207820738024,0.1165140511709053,0.1637321043008504
2003-03-01,238366.6667,0.01117081476402304,0.022594022737022712,0.04730521397188059,0.1286300506628788,0.17770092243083013
2003-04-01,241000.0,0.011047405815823419,0.022341629103837857,0.07222304596289142,0.14725483955137175,0.18738709128142772
2003-05-01,243366.6667,0.009820193775933683,0.020976087257589704,0.09657554852757211,0.16480536090695685,0.19570913891184238
2003-06-01,245733.3333,0.00972469497195938,0.019640387136929505,0.12155788817891366,0.18254732098171322,0.20398497452229303
2003-07-01,248100.0,0.009631036490725942,0.019449390354821405,0.10973609645001692,0.18180374740898753,0.19990327241658812
2003-08-01,250733.3333,0.010613999596936763,0.020347259905093118,0.09954684989030071,0.18233259946835378,0.19719879041814403
2003-09-01,253366.6667,0.01050252619123948,0.021227999596936664,0.08974910408602144,0.1828509183006537,0.19456231353135323
2003-10-01,256000.0,0.010393369160585086,0.02100505198364866,0.10012892135797169,0.17073170713860786,0.20906801026591126
2003-11-01,258300.0,0.008984375000000044,0.019471122086637038,0.1090596822670673,0.1576038244932183,0.22204699554927498
2003-12-01,260600.0,0.008904374758033295,0.01796875000000009,0.11797511797511806,0.14499121265377846,0.23507109004739335
2004-01-01,262900.0,0.00882578664620115,0.01780874951606659,0.1152432128273817,0.15509666080843587,0.24557801622779873
2004-02-01,263700.0,0.003042982122479998,0.011895625479662275,0.10627884196528048,0.1586115992970123,0.24897379242958229
2004-03-01,264500.0,0.0030337504740234333,0.006085964244959996,0.0975103734439835,0.16212653778558872,0.2523674242424243
2004-04-01,265300.0,0.003024574669187041,0.006067500948047089,0.09012464031089928,0.18033516221558132,0.2629324022115309
2004-05-01,268200.0,0.01093102148511127,0.013988657844990593,0.09142702130920055,0.20847101249751754,0.2836630506196016
2004-06-01,271100.0,0.010812826249067875,0.021862042970222317,0.09270455461507465,0.23733455043359197,0.30461982675649657
2004-07-01,274000.0,0.010697159719660565,0.02162565249813575,0.09279446970124905,0.22558520929989778,0.3051762466346739
2004-08-01,278100.0,0.014963503649634946,0.025820730357801525,0.0976187342326511,0.21955854425077592,0.3113800689545143
2004-09-01,282200.0,0.014742898238043978,0.029927007299270114,0.10234374999999996,0.21376344086021515,0.31746031746031744
2004-10-01,286300.0,0.014528703047484104,0.029485796476087733,0.10840108401084003,0.2303394929093252,0.30929878028821656
2004-11-01,287033.3333,0.002561415647921672,0.0171273327427357,0.10143259132770521,0.23243165865178184,0.2863758590209704
2004-12-01,287766.6667,0.0025548719083212656,0.005122831645127501,0.09458602776721192,0.23452023466323468,0.2643526656414763
2005-01-01,288500.0,0.0025483608244469824,0.0051097434682509935,0.09404626469472888,0.223840497910611,0.26757469244288234
2005-02-01,288266.6667,-0.0008087809358752196,0.0017375188229193927,0.08985507258979197,0.20934135083074512,0.2665495021968365
2005-03-01,288033.3333,-0.0008094359388518546,-0.0016175622183708382,0.08568915680361844,0.19515905933609967,0.26552431151142364
2005-04-01,287800.0,-0.000810091308970029,-0.0016188715308026458,0.07307979120059649,0.1825777289162338,0.2804389735606645
2005-05-01,290066.6667,0.007875839819319053,0.0070593683609605495,0.06996188380671331,0.18041237142979005,0.30699909917497736
2005-06-01,292333.3333,0.007814295333507859,0.015751679291174492,0.06690997554744516,0.17828832446594123,0.33424615837517124
2005-07-01,294600.0,0.007753705930188648,0.01562859101176417,0.0593311758360302,0.17495346997805816,0.3177277469333939
2005-08-01,294466.6667,-0.0004525909708078535,0.007297605702086374,0.04346798972360033,0.16221549793945322,0.29133167699040086
2005-09-01,294333.3333,-0.0004527962417418818,-0.0009051822810590693,0.028059145302130606,0.14973958320312497,0.26594982064516137
2005-10-01,294200.0,-0.00045300101930390024,-0.0009055921438866354,0.024968064223082953,0.13898567557104147,0.2642887838418564
2005-11-01,297900.0,0.012576478585995865,0.012117780409073298,0.03521371469533019,0.14313123561013041,0.279089738085015
2005-12-01,301600.0,0.012420275260154323,0.025152957171991952,0.045407279029462844,0.14720426017497146,0.2938652938652939
2006-01-01,305300.0,0.012267904509283722,0.02484055052030887,0.05908880653803328,0.15775502464922253,0.2951074662464801
2006-02-01,304400.0,-0.0029479200786112214,0.009283819628647105,0.056822127190929494,0.15085066162570882,0.27702419224206065
2006-03-01,303500.0,-0.002956636005256197,-0.005895840157222443,0.054551772063933246,0.14398793818318878,0.2593360995850622
2006-04-01,302600.0,-0.0029654036243822457,-0.005913272010512505,0.043208457705905756,0.12826249067859807,0.24339131608774256
2006-05-01,304433.3333,0.006058603106411153,0.003075233278418521,0.04139110604804919,0.12295585872371828,0.2388768312857945
2006-06-01,306266.6667,0.006022117815178252,0.012117206543291514,0.03960171995926687,0.11776155729927007,0.23444847521160828
2006-07-01,308100.0,0.005986068675883027,0.01204423530187726,0.04629839245570544,0.10787486515641853,0.22879553326625834
2006-08-01,305266.6667,-0.009196148328464826,-0.0032651284280295068,0.037146093095939525,0.0817387197023387,0.20484146820091542
2006-09-01,302433.3333,-0.009281502728840207,-0.018392296981499467,0.027985497280761384,0.05635114669926655,0.18138020820312506
2006-10-01,299600.0,-0.009368455748855808,-0.018563005130097898,0.0057066129573681845,0.043781210201344845,0.15989159891598925
2006-11-01,307100.0,0.025033377837116122,0.015430397995749079,0.018236074270556957,0.06718406103704577,0.1784343821949348
2006-12-01,314600.0,0.02442201237381969,0.050066755674232244,0.030461840812315844,0.09046793760831884,0.19665271966527187
2007-01-01,322100.0,0.02383979656706936,0.04884402474763916,0.0581471747700395,0.11736817748411554,0.2214637846037164
2007-02-01,318100.0,-0.012418503570319817,0.011125238397965642,0.048105436573311344,0.10438606655530447,0.20264650283553864
2007-03-01,314100.0,-0.012574662055957253,-0.024837007140639522,0.038003965631196346,0.09138290479499656,0.1839427063701471
2007-04-01,310100.0,-0.012734797835084355,-0.025149324111914506,0.01861381813408669,0.06906458273166338,0.15622669649515286
2007-05-01,307133.3333,-0.009566806514027748,-0.02217977300222862,0.0028297777532837465,0.05062713797612628,0.13291528329029867
2007-06-01,304166.6667,-0.009659214023188478,-0.019133612705578895,-0.012766417721518986,0.032473410386965273,0.1100973237226277
2007-07-01,301200.0,-0.009753424766054453,-0.01931842837196862,-0.013321686065372207,0.022866198661663395,0.08306364617044237
2007-08-01,302733.3333,0.005090748007968049,-0.004712328985784997,0.0009919541497842577,0.028539071350910383,0.07276163465627206
2007-09-01,304266.6667,0.005064963885164531,0.010181496347941632,0.0155763240987985,0.034217085995921215,0.06275468634299686
2007-10-01,305800.0,0.005039438978413635,0.010129927440005515,-0.004233148811462084,0.02651896609600546,0.06538148891712714
2007-11-01,300666.6667,-0.016786570634401587,-0.011831726554356714,-0.044289044183089654,-0.0030946064323607025,0.04482798563131851
2007-12-01,295533.3333,-0.017073170951544037,-0.03357314159581426,-0.08247956131636136,-0.03199039207337051,0.024378971577122988
2008-01-01,290400.0,-0.01736972693631511,-0.03414634157049379,-0.08707953473750396,-0.04599211563731931,0.0074005549251385805
2008-02-01,295000.0,0.015840220385674897,-0.0018046468533503557,-0.06080865966252791,-0.028006589785831926,0.024187015510263477
2008-03-01,299600.0,0.015593220338983027,0.031680440771349794,-0.033860045146726914,-0.009914077990746839,0.04100069492703273
2008-04-01,304200.0,0.015353805073431204,0.031186440677966054,-0.009550683634637624,-0.0007664512209314411,0.04872443104473412
2008-05-01,297833.3333,-0.020929213346482567,-0.00589675133511347,-0.02082191802511546,-0.027535916627390522,0.01881413911274965
2008-06-01,291466.6667,-0.021376608620187643,-0.04185842636423409,-0.03231518359893759,-0.05398680071405393,-0.01063589035980994
2008-07-01,285100.0,-0.021843549974629006,-0.042753217576133484,-0.05824708203680329,-0.0660624591541753,-0.0318089201911016
2008-08-01,282266.6667,-0.00993803332164156,-0.03156450136875977,-0.07230499560995785,-0.06668136207061404,-0.04099660226964852
2008-09-01,279433.3333,-0.010037789559513732,-0.01987606699403721,-0.08622193165467629,-0.06731197162883851,-0.050192612848402485
2008-10-01,276600.0,-0.010139568055605341,-0.020075578764752522,-0.0800443459999951,-0.09931618365353301,-0.07150050352467274
2008-11-01,270066.6667,-0.023620149313087535,-0.03352021925724924,-0.086171892407644,-0.14155541417673234,-0.10455349237400535
2008-12-01,263533.3333,-0.02419155788395566,-0.047240298987707874,-0.0925160699035813,-0.18182758987891956,-0.13680532820176872
2009-01-01,257000.0,-0.02479129762519494,-0.04838311539763229,-0.12881355932203387,-0.19207796290474688,-0.15571616294349544
2009-02-01,262466.6667,0.02127107665369654,-0.004047558563628595,-0.12394303504672899,-0.16438501528175742,-0.13520043920922564
2009-03-01,267933.3333,0.020828041399437724,0.04254215291828789,-0.11921981163708084,-0.1359776417284747,-0.11456267911434237
2009-04-01,273400.0,0.020403085471560445,0.04165608317987601,-0.08203693330520834,-0.1098328629379024,-0.10193802683695807
2009-05-01,273633.3333,0.0008534502560351154,0.0212739487461151,-0.06118481266454889,-0.1003835618520128,-0.10655202458570401
2009-06-01,273866.6667,0.0008527228652519536,0.0017069008778347605,-0.039401379515959345,-0.09074811852589637,-0.11111111100292115
2009-07-01,274100.0,0.00085199598334329,0.001705445365051128,-0.0289324516971029,-0.09458269093752292,-0.102096527724165
2009-08-01,273700.0,-0.0014593214155417256,-0.0006085687681830487,-0.020517714305203105,-0.10046012279793382,-0.09500716401355747
2009-09-01,273300.0,-0.001461454146876151,-0.002918642831083562,-0.01193058568329719,-0.10627861347285805,-0.08778371161548737
2009-10-01,272900.0,-0.0014635931211123276,-0.002922908293752302,0.01049123660695006,-0.09235033269486137,-0.11136437642461738
2009-11-01,273700.0,0.0029314767314034818,0.0014635931211124387,0.038578295097214665,-0.07387773506359996,-0.1300063572790846
2009-12-01,274500.0,0.002922908293752302,0.0058629534628069635,0.06809338521400776,-0.05475206611570249,-0.1477801924868053
2010-01-01,275300.0,0.0029143897996357637,0.005845816587504604,0.04889509765698552,-0.0667796610169491,-0.13454888399874254
2010-02-01,273133.3333,-0.007870202324736675,-0.0049787493624772194,0.019407812891192755,-0.088340009012016,-0.1304255546004457
2010-03-01,270966.6667,-0.007932633391253718,-0.015740404286233245,-0.00890026810534017,-0.10924830144641684,-0.12619585069332473
2010-04-01,268800.0,-0.007996063598475045,-0.015865267148628903,-0.01766353989738867,-0.09748181299356262,-0.12481007153514323
2010-05-01,267866.6667,-0.003472222098214295,-0.011440521587964048,-0.021908471272893304,-0.08096980785899244,-0.11934246574034602
2010-06-01,266933.3333,-0.003484320805937746,-0.006944444568452335,-0.026146175483400258,-0.06372033216415296,-0.11376715371845947
2010-07-01,266000.0,-0.003496503372064974,-0.006968641238555451,-0.02813299232736577,-0.05762871999791819,-0.12133891203714364
2010-08-01,270000.0,0.015037593984962516,0.01148851161482134,-0.01207464324917673,-0.03375879745124166,-0.11262050842324489
2010-09-01,274000.0,0.014814814814814836,0.03007518796992481,0.004030780505679843,-0.009399855386840184,-0.10398953564421187
2010-10-01,278000.0,0.014598540145985384,0.029629629629629672,0.01571063207891843,0.029375462721627388,-0.07538802671004563
2010-11-01,274700.0,-0.011870503597122273,0.002554744525547381,0.0007285974499089409,0.04237288148777796,-0.07049402200208599
2010-12-01,271400.0,-0.012013105205678887,-0.023741007194244657,-0.014166363966581885,0.056031128404669284,-0.06542699724517909
2011-01-01,268100.0,-0.01215917464996319,-0.024026210411357884,-0.018428118015429318,0.0214630427963598,-0.09118644067796611
2011-02-01,267933.3333,-0.0006216587094367565,-0.012773274502579257,-0.011194489111674977,0.0,-0.10569648431241652
2011-03-01,267766.6667,-0.0006220450361560381,-0.0012433170458784337,-0.003844245907738131,-0.020604730431602047,-0.11976769658119657
2011-04-01,267600.0,-0.0006224325904864436,-0.0012440904455391921,-0.0009955202835993937,-0.02204897052284671,-0.10151091204269846
2011-05-01,266066.6667,-0.005729945067264541,-0.006348811153199407,-0.0032467529974083975,-0.02848101265476133,-0.0871454711702716
2011-06-01,264533.3333,-0.0057629669248605575,-0.011459890508221271,-0.0055137845864661195,-0.03490210397665083,-0.07213843107681517
2011-07-01,263000.0,-0.005796370842464205,-0.011525933473875538,-0.025925925925925908,-0.039093898428936846,-0.06825696751673871
2011-08-01,261900.0,-0.0041825095057034245,-0.00995463697202048,-0.044160583941605824,-0.04171240395170139,-0.06274603352770436
2011-09-01,260800.0,-0.004200076365024841,-0.008365019011406849,-0.06187050359712232,-0.04433858556247705,-0.057122198120028944
2011-10-01,259700.0,-0.004217791411042948,-0.008400152730049681,-0.0546050236621769,-0.051150895140664954,-0.03838558392515612
2011-11-01,265800.0,0.02348864073931467,0.01917177914110435,-0.020633750921149607,-0.031693989071038264,0.00860106261176341
2011-12-01,271900.0,0.022949586155003754,0.04697728147862912,0.014173815740395446,-0.012350163458045738,0.05797665369649807
2012-01-01,278000.0,0.022434718646561214,0.04589917231000751,0.03757153533684643,0.017817915672176943,0.059182118229720304
2012-02-01,279566.6667,0.005635491726618813,0.02819664104450159,0.04406821859279608,0.03173822117951297,0.04341876114001231
2012-03-01,281133.3333,0.005603910575223026,0.011270983093525144,0.05057299439461893,0.045882936383928596,0.028285783833211342
2012-04-01,282700.0,0.005572682120651207,0.01120782150814259,0.06251566010241594,0.055375808728798326,0.033134364847500875
2012-05-01,286633.3333,0.013913453484258875,0.0195636708583784,0.08354334678472064,0.0738011988104148,0.04661635807611786
2012-06-01,290566.6667,0.013722526109282818,0.027826907322249683,0.10481622319391626,0.09235588984962417,0.060075398394746404
2012-07-01,294500.0,0.013536767120163162,0.02744505186968782,0.12447499045437183,0.09074074074074079,0.07599561563755941
2012-08-01,295566.6667,0.0036219582342953416,0.017207754959595256,0.13330777108895697,0.07871046240875912,0.08147335053055249
2012-09-01,296633.3333,0.0036088866579893075,0.007243916129032302,0.14221537658837113,0.06702637877697848,0.0869671429094907
2012-10-01,297700.0,0.0035959097655462458,0.007217773654311754,0.1200150489089542,0.08372770294867138,0.0876872488125684
2012-11-01,300933.3333,0.010861045683574044,0.014496010789357916,0.10677945310776016,0.10881847199705241,0.09629629617486346
2012-12-01,304166.6667,0.010744351131008578,0.021722091703056723,0.09412470035971232,0.13452691794106686,0.10485530948056665
2013-01-01,307400.0,0.01063013687554748,0.021488701929717413,0.09955884093244793,0.14730032360628265,0.1254576520777957
2013-02-01,311733.3333,0.014096725113858177,0.02487671210686271,0.10884515059388722,0.1641976842818127,0.15044900945375206
2013-03-01,316066.6667,0.01390077010413826,0.028193450553025468,0.11802853448885742,0.18111609379671156,0.17584325409226187
2013-04-01,320400.0,0.013710187617199887,0.027801539887489568,0.11780439598997616,0.20420947115958277,0.1961174712299505
2013-05-01,321733.3333,0.004161464731585518,0.01792870681101788,0.10726167235204054,0.21622983873692414,0.20529470532034155
2013-06-01,323066.6667,0.0041442190223937025,0.00832292977528093,0.09700056604414264,0.22839036768060827,0.21453634097744367
2013-07-01,324400.0,0.004127115042908969,0.008288437733971143,0.09755272345804067,0.23864070255822822,0.20148148148148137
2013-08-01,327733.3333,0.010275380086313124,0.014444902804947812,0.10484324082535612,0.2566462166411043,0.196107055839416
2013-09-01,331066.6667,0.010170870830977563,0.020550760480887886,0.11208151394020827,0.2748042614555257,0.19088729028776985
2013-10-01,334400.0,0.010068465464149412,0.02034174135682898,0.11120957034904855,0.25808878856282913,0.21732799417546422
2013-11-01,333400.0,-0.0029904306220095433,0.00704792579469915,0.09610958892097421,0.2261860978300847,0.22844509948415626
2013-12-01,332400.0,-0.0029994001199760145,-0.005980861244019087,0.08132726089785303,0.1956834532374101,0.23983588213353224
2014-01-01,331400.0,-0.0030084235860409203,-0.005998800239952029,0.06308810960897016,0.18540598531233976,0.23687484464255726
2014-02-01,334466.6667,0.009253671394085616,0.006217408844765293,0.058215566330076296,0.18970832371232027,0.24909747289317852
2014-03-01,337533.3333,0.009168825791392443,0.018507342486421274,0.053474823033707874,0.19396297594623269,0.2613353262331839
2014-04-01,340600.0,0.009085522517191968,0.01833765188176817,0.05864069633844182,0.1882777068482704,0.280130292999232
2014-05-01,340533.3333,-0.00019573311802700832,0.008888011061513712,0.0540652082073807,0.1719628310001189,0.2872983871329762
2014-06-01,340466.6667,-0.00019577114332380852,-0.0003914659424545386,0.04952733261405662,0.15608375789473694,0.29455006349809887
2014-07-01,340400.0,-0.00019580977088351492,-0.00039154258030460465,0.038649308486436995,0.15168602671121167,0.29973272241313476
2014-08-01,350066.6667,0.028397963278495864,0.028196592908929174,0.05739025371955386,0.18013259941343218,0.3422801637269939
2014-09-01,359733.3333,0.027613787656864064,0.05679592626321983,0.07575757565789476,0.20837532180047025,0.38518803735078944
2014-10-01,369400.0,0.026871756952082215,0.05522757559938807,0.10797840431913608,0.22751439978151478,0.3897667419112114
2014-11-01,362266.6667,-0.01931059366540333,0.007042253707101764,0.08985158453670272,0.19101369860920392,0.33235258072820884
2014-12-01,355133.3333,-0.01969083566252383,-0.038621187601516005,0.07161536904043442,0.1552808500325309,0.2774580334532375
2015-01-01,348000.0,-0.020086352451669454,-0.039381671049007916,0.040462427641970944,0.11633875118865888,0.2447835935084317
2015-02-01,345233.3333,-0.007950191666666662,-0.027876853766461096,0.022812561724551816,0.09228010946084364,0.22800569127673764
2015-03-01,342466.6667,-0.008013903447717907,-0.015900383045976962,0.005480524662360597,0.06887224313358309,0.21141374849663963
2015-04-01,339700.0,-0.008078645220159775,-0.01602780718509489,-0.0024471416408033964,0.05584334863819351,0.18513780685953463
2015-05-01,342266.6667,0.007555686488077695,-0.000583998442614031,0.005286861170424206,0.05943045810364933,0.17792818628221552
2015-06-01,344833.3333,0.007499025904996293,0.01511137268177798,0.013023893360752048,0.06298808045622684,0.17091114872665525
2015-07-01,347400.0,0.007443209377229865,0.014998052102162207,-0.007617596742752086,0.06000813680431327,0.17536934688447392
2015-08-01,353833.3333,0.018518518422567576,0.02609956500977284,-0.016401037807301844,0.06876761960644706,0.1928306551514587
2015-09-01,360266.6667,0.018181818371943548,0.037037037132988004,-0.02472477883053603,0.07735247218899532,0.2101668347329526
2015-10-01,366700.0,0.01785714276296657,0.03636363646126828,0.012237762144623021,0.0998800239952009,0.2185423129395816
2015-11-01,363466.6667,-0.008817380147259302,0.008882309399622201,0.023465365311006625,0.09346169283995187,0.19495890408822358
2015-12-01,360233.3333,-0.008895818231025698,-0.01763476056722113,0.03515325660919544,0.08700462673506326,0.17187161125569284
2016-01-01,357000.0,-0.008975663829830283,-0.017791636186923032,0.03408322883403336,0.06737093870167721,0.1452095809607794
2016-02-01,357300.0,0.0008403361344537785,-0.008142870270023361,0.04331321772987029,0.05856211742628492,0.1304577092247987
2016-03-01,357600.0,0.0008396305625524292,0.001680672268907557,0.05269355313511914,0.04991192014092771,0.11610486891385774
2016-04-01,357900.0,0.0008389261744965459,0.0016792611251048584,0.04567588614670082,0.05099843393216519,0.11241193546543848
2016-05-01,358200.0,0.0008382229673093988,0.001677852348993314,0.03876268738895727,0.052085372914422834,0.10874948399620821
2016-06-01,358500.0,0.0008375209380233617,0.0016764459346185756,0.031951640759930955,0.053172737955346605,0.10511713933415545
2016-07-01,358800.0,0.0008368200836819106,0.0016750418760469454,0.014036740557139549,0.024947628925447773,0.09479251435056879
2016-08-01,360833.3333,0.005667038182831652,0.006508600557880051,0.0015729087711349177,0.003057820608141082,0.08991139729259845
2016-09-01,362866.6667,0.005635104111375133,0.011334076644370139,-0.010453595036814867,-0.01768633811586351,0.0851275918062202
2016-10-01,364900.0,0.005603527374094863,0.011270207945613953,0.0039435068778481686,0.007269046650048905,0.09448110377924412
2016-11-01,368200.0,0.0090435735818033,0.014697776868023427,0.022115295736292673,0.03679369260717036,0.10770156438026479
2016-12-01,371500.0,0.008962520369364402,0.018087147163606376,0.04061624649859952,0.06752873563218387,0.1210018105009052
2017-01-01,374800.0,0.00888290713324369,0.017925040738729026,0.04897844948222785,0.08564256069186471,0.12058999390865166
2017-02-01,375500.0,0.001867662753468613,0.010767160161507361,0.05005592841163309,0.09645707600774212,0.11248271786613495
2017-03-01,376200.0,0.0018641810918775814,0.003735325506937004,0.051131601005867555,0.10744774801295254,0.10452143276570758
2017-04-01,376900.0,0.0018607123870282294,0.0037283621837549408,0.05220547180346169,0.10118815727491359,0.10679326557427493
2017-05-01,375666.6667,-0.0032723091005572025,-0.001417685539606639,0.04788470488145058,0.08941517661569987,0.1033875073327406
2017-06-01,374433.3333,-0.0032830525285463263,-0.006544618466436725,0.0435711630434783,0.0778161580310881,0.09998041509988242
2017-07-01,373200.0,-0.0032938661981032347,-0.006566104790899141,0.03427251741656101,0.054733867268462966,0.06608265082212128
2017-08-01,382033.3333,0.023669167470525165,0.0202973382017535,0.05282013576586264,0.06041820854363267,0.061990363237767854
2017-09-01,390866.6667,0.023121891809015027,0.047338335209003324,0.0711610487804879,0.06590309980910836,0.05811225419599353
2017-10-01,399700.0,0.022599351780436594,0.046243783356272994,0.08555133079847899,0.09968818772013122,0.10333087954514797
2017-11-01,391333.3333,-0.020932366024518423,0.0011939278525332497,0.05338716904441454,0.08633293236664508,0.10193354609554484
2017-12-01,382966.6667,-0.021379897616812582,-0.041864731798849086,0.021789398879402455,0.0727357610644257,0.10047892729885066
2018-01-01,374600.0,-0.02184698415685904,-0.04275979548916187,-0.002396804260985319,0.04841869577385949,0.08506324235638352
2018-02-01,375866.6667,0.0033813846769887856,-0.018539472537336676,-0.0008860534290271449,0.051081282718120846,0.09752773991653418
2018-03-01,377133.3333,0.0033699891802616566,0.006762769087026221,0.000619085433801958,0.05373940569991609,0.11019527023844566
2018-04-01,378400.0,0.003358670762184879,0.006739978626574938,0.007275953770428112,0.05639307649357894,0.10557070499556187
2018-05-01,383233.3333,0.012773079545454591,0.016174650876451757,0.023502181075714557,0.0689911668061367,0.1113581440416973
2018-06-01,388066.6667,0.012611985910464751,0.025546159355179787,0.039835655680600324,0.08156819035674467,0.11706006534254465
2018-07-01,392900.0,0.012454904568591774,0.025223971559991565,0.02844428941876309,0.0888683603777245,0.11040979756103719
2018-08-01,388233.3333,-0.011877492237210463,0.0004294792990526819,-0.0067371654437372586,0.06990630148172827,0.0776276830054008
2018-09-01,383566.6667,-0.012020262557913663,-0.023754984219903297,-0.040363605954465864,0.05115556782680186,0.04599581865284974
2018-10-01,378900.0,-0.012166507429202555,-0.024040525373404398,-0.03177172053081534,0.029060293318848407,0.042461481929341405
2018-11-01,378900.0,0.0,-0.012166507429202555,-0.010618852901852271,0.019919246298788718,0.05181826603607087
2018-12-01,378900.0,0.0,0.0,0.011478910838227385,0.010939167556029972,0.061344537815126055
