DATE,ASPUS_M,ASPUS_PCT_CHG,ASPUS_Q_PCT_CHG,ASPUS_A_PCT_CHG,ASPUS_2A_PCT_CHG,ASPUS_3A_PCT_CHG
1/1/1962,19300,0,0,0,0.015544041,0.103626943
2/1/1962,19300,0,0,0,0.015544041,0.103626943
3/1/1962,19300,0,0,0,0.015544041,0.103626943
4/1/1962,19300,0,0,0,0.015544041,0.103626943
5/1/1962,19300,0,0,0,0.015544041,0.103626943
6/1/1962,19300,0,0,0,0.015544041,0.103626943
7/1/1962,19300,0,0,0,0.015544041,0.103626943
8/1/1962,19300,0,0,0,0.015544041,0.103626943
9/1/1962,19300,0,0,0,0.015544041,0.103626943
10/1/1962,19300,0,0,0,0.015544041,0.103626943
11/1/1962,19300,0,0,0,0.015544041,0.103626943
12/1/1962,19300,0,0,0,0.015544041,0.103626943
1/1/1963,19300,0,0,0,0.015544041,0.103626943
2/1/1963,19333.33333,0.001727116,0.001727116,0.001727116,0.015544041,0.103626943
3/1/1963,19366.66667,0.001724138,0.003454232,0.003454232,0.015544041,0.103626943
4/1/1963,19400,0.00172117,0.003448276,0.005181347,0.015544041,0.103626943
5/1/1963,19333.33333,-0.003436426,-0.001721171,0.001727116,0.015544041,0.103626943
6/1/1963,19266.66667,-0.003448276,-0.006872852,-0.001727116,0.015544041,0.103626943
7/1/1963,19200,-0.003460208,-0.006896552,-0.005181347,0.015544041,0.103626943
8/1/1963,19333.33333,0.006944444,0.003460207,0.001727116,0.015544041,0.103626943
9/1/1963,19466.66667,0.006896552,0.013888889,0.008635579,0.015544041,0.103626943
10/1/1963,19600,0.006849315,0.013793104,0.015544041,0.015544041,0.103626943
11/1/1963,19600,0,0.006849315,0.015544041,0.015544041,0.103626943
12/1/1963,19600,0,0,0.015544041,0.015544041,0.103626943
1/1/1964,19600,0,0,0.013793104,0.015544041,0.103626943
2/1/1964,19800,0.010204082,0.010204082,0.022375215,0.025906736,0.103626943
3/1/1964,20000,0.01010101,0.020408163,0.030927835,0.03626943,0.103626943
4/1/1964,20200,0.01,0.02020202,0.044827586,0.046632124,0.103626943
5/1/1964,20300,0.004950495,0.015,0.053633218,0.051813472,0.103626943
6/1/1964,20400,0.004926108,0.00990099,0.0625,0.056994819,0.103626943
7/1/1964,20500,0.004901961,0.009852217,0.060344828,0.062176166,0.103626943
8/1/1964,20633.33333,0.006504065,0.011437908,0.059931506,0.069084628,0.103626943
9/1/1964,20766.66667,0.006462036,0.01300813,0.05952381,0.075993092,0.103626943
10/1/1964,20900,0.006420546,0.012924071,0.066326531,0.082901554,0.103626943
11/1/1964,21100,0.009569378,0.016051364,0.076530612,0.093264249,0.103626943
12/1/1964,21300,0.009478673,0.019138756,0.086734694,0.103626943,0.103626943
1/1/1965,21500,0.009389671,0.018957346,0.085858586,0.112068966,0.113989637
2/1/1965,21333.33333,-0.007751938,0.001564945,0.066666666,0.101549053,0.105354059
3/1/1965,21166.66667,-0.0078125,-0.015503876,0.047854786,0.091065292,0.09671848
4/1/1965,21000,-0.007874016,-0.015625,0.034482759,0.086206897,0.088082902
5/1/1965,21200,0.00952381,0.001574803,0.039215686,0.100346021,0.098445596
6/1/1965,21400,0.009433962,0.019047619,0.043902439,0.114583333,0.10880829
7/1/1965,21600,0.009345794,0.018867925,0.046849758,0.11724138,0.119170984
8/1/1965,21633.33333,0.00154321,0.010903427,0.041733547,0.11130137,0.1208981
9/1/1965,21666.66667,0.001540832,0.00308642,0.036682616,0.105442177,0.122625216
10/1/1965,21700,0.001538461,0.003081664,0.028436019,0.107142857,0.124352332
11/1/1965,22033.33333,0.015360983,0.016923077,0.034428795,0.12414966,0.141623489
12/1/1965,22366.66667,0.015128593,0.030721966,0.040310078,0.141156463,0.158894646
1/1/1966,22700,0.01490313,0.030257186,0.0640625,0.146464646,0.174137931
2/1/1966,22866.66667,0.007342144,0.022354694,0.080314961,0.143333334,0.180722892
3/1/1966,23033.33333,0.007288629,0.014684288,0.096825397,0.140264026,0.187285223
4/1/1966,23200,0.00723589,0.014577259,0.094339623,0.142857143,0.2
5/1/1966,23133.33333,-0.002873563,0.004341534,0.080996885,0.133986928,0.200692041
6/1/1966,23066.66667,-0.002881844,-0.005747126,0.067901235,0.125203252,0.201388889
7/1/1966,23000,-0.002890174,-0.005763689,0.063174114,0.114701131,0.189655173
8/1/1966,22933.33333,-0.002898551,-0.005780347,0.058461538,0.104333868,0.178082191
9/1/1966,22866.66667,-0.002906976,-0.005797101,0.053763441,0.094098884,0.166666667
10/1/1966,22800,-0.002915452,-0.005813953,0.034795764,0.08056872,0.163265306
11/1/1966,23200,0.01754386,0.014577259,0.037257824,0.089201878,0.183673469
12/1/1966,23600,0.017241379,0.035087719,0.039647577,0.097674419,0.204081633
1/1/1967,24000,0.016949153,0.034482759,0.049562682,0.125,0.212121212
2/1/1967,24066.66667,0.002777778,0.019774011,0.044862518,0.137007874,0.203333333
3/1/1967,24133.33333,0.002770083,0.005555555,0.040229885,0.149206349,0.194719472
4/1/1967,24200,0.002762431,0.005540166,0.04610951,0.141509434,0.192118227
5/1/1967,24100,-0.004132231,-0.001381215,0.044797688,0.126168224,0.181372549
6/1/1967,24000,-0.004149378,-0.008264463,0.043478261,0.111111111,0.170731707
7/1/1967,23900,-0.004166667,-0.008298755,0.042151163,0.10477658,0.158319871
8/1/1967,24066.66667,0.006973501,0.002777778,0.052478134,0.110769231,0.158908507
9/1/1967,24233.33333,0.006925207,0.013947001,0.062865497,0.116743471,0.159489633
10/1/1967,24400,0.006877579,0.013850415,0.051724138,0.107413011,0.156398104
11/1/1967,24733.33333,0.013661202,0.020632737,0.048022599,0.10581222,0.161189358
12/1/1967,25066.66667,0.013477089,0.027322405,0.044444445,0.104258444,0.165891473
1/1/1968,25400,0.013297872,0.026954178,0.055401662,0.110787172,0.190625
2/1/1968,25833.33333,0.017060367,0.030585106,0.070441989,0.121562952,0.220472441
3/1/1968,26266.66667,0.016774194,0.034120735,0.085399449,0.132183908,0.250793651
4/1/1968,26700,0.016497462,0.033548387,0.107883817,0.154178675,0.259433962
5/1/1968,26666.66667,-0.001248439,0.015228426,0.111111111,0.156069364,0.246105919
6/1/1968,26633.33333,-0.00125,-0.002496879,0.114365411,0.157971014,0.233024691
7/1/1968,26600,-0.001251564,-0.0025,0.105263158,0.159883721,0.229583976
8/1/1968,26733.33333,0.005012531,0.003754693,0.103163686,0.16909621,0.233846154
9/1/1968,26866.66667,0.004987531,0.010025063,0.101092896,0.178362573,0.238095238
10/1/1968,27000,0.004962779,0.009975062,0.091644205,0.163793103,0.225416036
11/1/1968,27200,0.007407407,0.012406948,0.085106383,0.152542373,0.21609538
12/1/1968,27400,0.007352941,0.014814815,0.078740157,0.141666667,0.207048458
1/1/1969,27600,0.00729927,0.014705882,0.068387097,0.146814404,0.206997084
2/1/1969,27766.66667,0.006038647,0.013381995,0.057106599,0.150552486,0.205499277
3/1/1969,27933.33333,0.006002401,0.012077295,0.04619226,0.154269972,0.204022988
4/1/1969,28100,0.005966587,0.012004802,0.05375,0.165975104,0.214697407
5/1/1969,28100,0,0.005966587,0.055068836,0.170833333,0.218208092
6/1/1969,28100,0,0,0.056390977,0.175732218,0.22173913
7/1/1969,28100,0,0,0.051122195,0.167590028,0.225290698
8/1/1969,27766.66667,-0.011862396,-0.011862396,0.033498759,0.145804677,0.214285714
9/1/1969,27433.33333,-0.012004802,-0.023724793,0.016049383,0.12431694,0.203216374
10/1/1969,27100,-0.012150668,-0.024009604,-0.003676471,0.095687332,0.168103448
11/1/1969,27066.66667,-0.001230012,-0.013365735,-0.01216545,0.079787234,0.146892656
12/1/1969,27033.33333,-0.001231527,-0.002460025,-0.020531401,0.064304462,0.126388889
1/1/1970,27000,-0.001233045,-0.002463054,-0.027611045,0.04516129,0.121883656
2/1/1970,27100,0.003703704,0.002466091,-0.029832935,0.031725888,0.122928177
3/1/1970,27200,0.003690037,0.007407407,-0.03202847,0.018726592,0.123966942
4/1/1970,27300,0.003676471,0.007380074,-0.028469751,0.02375,0.132780083
5/1/1970,26866.66667,-0.015873016,-0.012254902,-0.043890866,0.008760951,0.119444445
6/1/1970,26433.33333,-0.016129033,-0.031746032,-0.059311981,-0.006265664,0.10599721
7/1/1970,26000,-0.016393442,-0.032258065,-0.06362545,-0.027431421,0.08033241
8/1/1970,26100,0.003846154,-0.01261034,-0.048602673,-0.02853598,0.077028886
9/1/1970,26200,0.003831418,0.007692308,-0.033210332,-0.02962963,0.073770492
10/1/1970,26300,0.003816794,0.007662835,-0.028325123,-0.033088235,0.063342318
11/1/1970,26633.33333,0.012674271,0.01653944,-0.014796547,-0.027980535,0.0625
12/1/1970,26966.66667,0.012515645,0.025348543,-0.001234568,-0.02294686,0.06167979
1/1/1971,27300,0.012360939,0.025031289,0.007380074,-0.016806723,0.056774194
2/1/1971,27733.33333,0.015873016,0.02843016,0.019607843,-0.007159905,0.055837563
3/1/1971,28166.66667,0.015625,0.031746032,0.031746032,0.002372479,0.054931336
4/1/1971,28600,0.015384615,0.03125,0.064516129,0.017793594,0.0725
5/1/1971,28500,-0.003496503,0.011834319,0.078184111,0.014234875,0.07008761
6/1/1971,28400,-0.003508772,-0.006993007,0.092307692,0.010676157,0.067669173
7/1/1971,28300,-0.003521127,-0.007017544,0.084291188,0.019207683,0.058603491
8/1/1971,28266.66667,-0.001177856,-0.004694836,0.078880407,0.030376671,0.052109181
9/1/1971,28233.33333,-0.001179246,-0.002355713,0.073510773,0.041820418,0.045679012
10/1/1971,28200,-0.001180637,-0.002358491,0.05882353,0.041871921,0.036764706
11/1/1971,28466.66667,0.009456265,0.008264463,0.055624227,0.053020962,0.038929441
12/1/1971,28733.33333,0.009367681,0.018912529,0.052503052,0.064197531,0.041062802
1/1/1972,29000,0.009280743,0.018735363,0.045673077,0.070110701,0.044417767
2/1/1972,29133.33333,0.004597701,0.013921114,0.034319526,0.071078431,0.042959427
3/1/1972,29266.66667,0.004576659,0.009195402,0.023310023,0.072039072,0.041518387
4/1/1972,29400,0.004555809,0.009153318,0.031578947,0.094292804,0.046263345
5/1/1972,29700,0.010204082,0.014806378,0.045774648,0.123581337,0.056939502
6/1/1972,30000,0.01010101,0.020408163,0.060070671,0.153846154,0.067615658
7/1/1972,30300,0.01,0.02020202,0.071933962,0.16091954,0.091236494
8/1/1972,30733.33333,0.01430143,0.024444444,0.088547816,0.17302799,0.120291616
9/1/1972,31166.66667,0.014099783,0.02860286,0.105200946,0.18504436,0.150061501
10/1/1972,31600,0.013903743,0.028199566,0.110070257,0.186483104,0.167487685
11/1/1972,32000,0.012658228,0.026737968,0.113689095,0.186650185,0.183723798
12/1/1972,32400,0.0125,0.025316456,0.117241379,0.186813187,0.2
1/1/1973,32800,0.012345679,0.025,0.125858124,0.182692308,0.210332103
2/1/1973,33566.66667,0.023373984,0.036008231,0.146924829,0.191715976,0.234068628
3/1/1973,34333.33333,0.022840119,0.046747967,0.167800453,0.2004662,0.257631258
4/1/1973,35100,0.022330097,0.045680238,0.181818182,0.231578947,0.306451613
5/1/1973,35366.66667,0.007597341,0.030097088,0.178888889,0.245305164,0.337957125
6/1/1973,35633.33333,0.007540056,0.015194682,0.176017602,0.259128386,0.37051282
7/1/1973,35900,0.00748363,0.015080113,0.168112798,0.27004717,0.375478927
8/1/1973,36133.33333,0.006499536,0.014031805,0.159358289,0.279811098,0.37913486
9/1/1973,36366.66667,0.006457565,0.012999072,0.150843882,0.289598109,0.382762991
10/1/1973,36600,0.006416132,0.012915129,0.14375,0.285714286,0.374217772
11/1/1973,37066.66667,0.012750455,0.019248396,0.144032922,0.290023202,0.374536465
12/1/1973,37533.33333,0.012589928,0.025500911,0.144308943,0.294252873,0.374847375
1/1/1974,38000,0.012433393,0.025179856,0.132075472,0.304347826,0.370192308
2/1/1974,38200,0.005263158,0.017761989,0.112621359,0.30523918,0.356213018
3/1/1974,38400,0.005235602,0.010526316,0.094017094,0.306122449,0.342657343
4/1/1974,38600,0.005208333,0.010471204,0.091423186,0.2996633,0.354385965
5/1/1974,38733.33333,0.003454231,0.008680555,0.086997194,0.291111111,0.363849765
6/1/1974,38866.66667,0.003442341,0.006908463,0.082636955,0.282728273,0.373380448
7/1/1974,39000,0.003430532,0.006884682,0.079335793,0.268980477,0.379716981
8/1/1974,39100,0.002564103,0.00600343,0.075160403,0.254545454,0.38488784
9/1/1974,39200,0.002557545,0.005128205,0.071038251,0.240506329,0.390070922
10/1/1974,39300,0.00255102,0.00511509,0.060251798,0.228125,0.380562061
11/1/1974,39833.33333,0.013570823,0.016156463,0.061278863,0.229423868,0.386310905
12/1/1974,40366.66667,0.013389122,0.027141646,0.062280702,0.230691057,0.391954023
1/1/1975,40900,0.013212221,0.026778243,0.070680628,0.218470705,0.40389016
2/1/1975,41466.66667,0.013854931,0.027250206,0.079861111,0.207766991,0.416856492
3/1/1975,42033.33333,0.013665595,0.027709861,0.088946459,0.197530864,0.429705215
4/1/1975,42600,0.013481364,0.02733119,0.099827883,0.204524034,0.434343434
5/1/1975,42466.66667,-0.00312989,0.010309279,0.092624357,0.191768008,0.415555556
6/1/1975,42333.33333,-0.003139718,-0.006259781,0.085470085,0.179201486,0.397139714
7/1/1975,42200,-0.003149606,-0.006279435,0.079283887,0.167896679,0.373101952
8/1/1975,42933.33333,0.017377567,0.014173228,0.095238095,0.180568286,0.377540107
9/1/1975,43666.66667,0.017080745,0.034755134,0.111111111,0.193078324,0.38185654
10/1/1975,44400,0.016793893,0.034161491,0.114644352,0.197841727,0.3875
11/1/1975,44933.33333,0.012012012,0.029007633,0.113129645,0.197158082,0.386831276
12/1/1975,45466.66667,0.011869436,0.024024024,0.111654442,0.196491228,0.386178862
1/1/1976,46000,0.011730205,0.023738872,0.109324759,0.204188482,0.37040715
2/1/1976,46600,0.013043478,0.024926686,0.108643933,0.213541667,0.357281554
3/1/1976,47200,0.012875536,0.026086957,0.107981221,0.222797927,0.344729345
4/1/1976,47800,0.012711864,0.025751073,0.125588697,0.234079174,0.351555137
5/1/1976,47900,0.00209205,0.014830508,0.131496063,0.232418525,0.34424696
6/1/1976,48000,0.002087683,0.0041841,0.137440758,0.230769231,0.337047354
7/1/1976,48100,0.002083333,0.004175365,0.120341615,0.230179028,0.331180812
8/1/1976,48833.33333,0.015246015,0.017361111,0.118320611,0.245748299,0.342804766
9/1/1976,49566.66667,0.015017065,0.030492031,0.116366366,0.261238338,0.35428051
10/1/1976,50300,0.014794889,0.03003413,0.119436202,0.262761506,0.357014388
11/1/1976,50733.33333,0.008614977,0.023537323,0.115835777,0.256812551,0.351687389
12/1/1976,51166.66667,0.008541393,0.017229954,0.112318841,0.251018745,0.346491228
1/1/1977,51600,0.008469055,0.017082786,0.107296137,0.24437299,0.35078534
2/1/1977,52500,0.01744186,0.026058632,0.112288136,0.249008723,0.3671875
3/1/1977,53400,0.017142857,0.034883721,0.117154812,0.253521127,0.383419689
4/1/1977,54300,0.016853933,0.034285714,0.133611691,0.278649921,0.401893288
5/1/1977,54200,-0.001841621,0.014981273,0.129166667,0.280314961,0.394511149
6/1/1977,54100,-0.001845018,-0.003683241,0.124740125,0.281990521,0.387179487
7/1/1977,54000,-0.001848429,-0.003690037,0.105802048,0.257763975,0.381074169
8/1/1977,55166.66667,0.021604938,0.019716574,0.112979153,0.263358779,0.407312925
9/1/1977,56333.33333,0.021148036,0.043209876,0.119946985,0.268768769,0.433418151
10/1/1977,57500,0.020710059,0.042296072,0.133377135,0.279673591,0.443514644
11/1/1977,58100,0.010434783,0.031360947,0.135504886,0.277859237,0.439306358
12/1/1977,58700,0.010327022,0.020869565,0.137596899,0.276086957,0.435207824
1/1/1978,59300,0.010221465,0.020654045,0.12952381,0.272532189,0.430064309
2/1/1978,60066.66667,0.012928612,0.023282226,0.124843945,0.27259887,0.429024584
3/1/1978,60833.33333,0.012763596,0.025857223,0.120319214,0.272663877,0.428012519
4/1/1978,61600,0.01260274,0.025527192,0.136531365,0.286012526,0.45054945
5/1/1978,62233.33333,0.010281385,0.023013699,0.150338879,0.296527778,0.47007874
6/1/1978,62866.66667,0.010176754,0.020562771,0.164197531,0.306999307,0.489731438
7/1/1978,63500,0.010074231,0.020353508,0.151057402,0.300341297,0.479037267
8/1/1978,64466.66667,0.015223097,0.025450689,0.144378698,0.300605245,0.476335878
9/1/1978,65433.33333,0.014994829,0.030446194,0.137971014,0.300861498,0.473723724
10/1/1978,66400,0.014773306,0.029989659,0.142857143,0.308804205,0.477744807
11/1/1978,67033.33333,0.009538153,0.024452369,0.141964793,0.31009772,0.474340176
12/1/1978,67666.66667,0.009448036,0.019076305,0.1410905,0.311369509,0.471014493
1/1/1979,68300,0.009359606,0.018896072,0.137069922,0.300952381,0.465665236
2/1/1979,69666.66667,0.020009761,0.02955665,0.14520548,0.304619226,0.475988701
3/1/1979,71033.33333,0.019617225,0.040019522,0.153138528,0.308164518,0.486052999
4/1/1979,72400,0.019239794,0.03923445,0.163363685,0.335793358,0.511482255
5/1/1979,73000,0.008287293,0.027686532,0.161187699,0.34935305,0.520833333
6/1/1979,73600,0.008219178,0.016574586,0.159055118,0.362962963,0.53014553
7/1/1979,74200,0.008152174,0.016438356,0.15098242,0.345015106,0.519453925
8/1/1979,73700,-0.006738544,0.001358696,0.126337239,0.308284024,0.486886348
9/1/1979,73200,-0.006784261,-0.013477089,0.102409639,0.273043478,0.45526839
10/1/1979,72700,-0.006830601,-0.013568521,0.084535057,0.251290878,0.432982917
11/1/1979,73000,0.004126547,-0.00273224,0.078817734,0.243611584,0.426710098
12/1/1979,73300,0.004109589,0.008253095,0.073206442,0.23608769,0.420542636
1/1/1980,73600,0.004092769,0.008219178,0.05645933,0.225305216,0.401904762
2/1/1980,73866.66667,0.003623188,0.007730787,0.039887377,0.214246575,0.383270911
3/1/1980,74133.33333,0.003610108,0.007246377,0.023941068,0.203463203,0.365254757
4/1/1980,74400,0.003597122,0.007220217,0.019178082,0.195500803,0.372693727
5/1/1980,75433.33333,0.013888889,0.017535971,0.02490942,0.199893955,0.394331485
6/1/1980,76466.66667,0.01369863,0.027777778,0.030548068,0.204199475,0.416049383
7/1/1980,77500,0.013513513,0.02739726,0.05156038,0.202171665,0.404833837
8/1/1980,78333.33333,0.010752688,0.024411508,0.070127505,0.197147224,0.390532544
9/1/1980,79166.66667,0.010638298,0.021505376,0.088950023,0.192269076,0.376811594
10/1/1980,80000,0.010526316,0.021276596,0.095890411,0.193436102,0.376936317
11/1/1980,80300,0.00375,0.014315789,0.095497954,0.186699507,0.367972743
12/1/1980,80600,0.00373599,0.0075,0.095108696,0.180087848,0.359190556
1/1/1981,80900,0.003722084,0.00747198,0.095216606,0.161244019,0.346836848
2/1/1981,82033.33333,0.014009065,0.017783292,0.106564748,0.154856875,0.348493151
3/1/1981,83166.66667,0.013815522,0.028018129,0.117831541,0.148710866,0.350108225
4/1/1981,84300,0.013627254,0.027631044,0.117543084,0.154794521,0.354579539
5/1/1981,84133.33333,-0.001977066,0.011623246,0.100261552,0.143115942,0.338282078
6/1/1981,83966.66667,-0.001980982,-0.003954132,0.08344086,0.131626235,0.322309711
7/1/1981,83800,-0.001984915,-0.003961965,0.069787234,0.137042062,0.299896587
8/1/1981,83766.66667,-0.000397772,-0.002381898,0.058105263,0.14435337,0.280183393
9/1/1981,83733.33333,-0.000397931,-0.000795545,0.046666667,0.151765245,0.261044177
10/1/1981,83700,-0.000398089,-0.000795862,0.04234122,0.146575342,0.248632521
11/1/1981,82866.66667,-0.009956193,-0.010350318,0.028122415,0.13051387,0.224630542
12/1/1981,82033.33333,-0.010056315,-0.019912386,0.014009065,0.114583333,0.201073694
1/1/1982,81200,-0.010158472,-0.020112631,-0.010158472,0.099277978,0.165550239
2/1/1982,82700,0.018472906,0.008126778,-0.005611222,0.115557554,0.16424214
3/1/1982,84200,0.018137848,0.036945813,-0.00118624,0.13172043,0.162983425
4/1/1982,85700,0.017814727,0.036275695,0.018621236,0.136102519,0.173972603
5/1/1982,85100,-0.007001167,0.010688836,0.01349742,0.112903226,0.15625
6/1/1982,84500,-0.007050529,-0.014002334,0.008353222,0.090322581,0.138814016
7/1/1982,83900,-0.007100592,-0.014101058,0.001591723,0.07106383,0.138398915
8/1/1982,84133.33333,0.002781089,-0.004339251,0.00477707,0.062736842,0.149362477
9/1/1982,84366.66667,0.002773376,0.005562177,0.007964954,0.054583333,0.160476846
10/1/1982,84600,0.002765705,0.005546751,0.020917136,0.053549191,0.15890411
11/1/1982,85300,0.008274232,0.011062821,0.039821211,0.058312655,0.163710778
12/1/1982,86000,0.008206331,0.016548463,0.0591133,0.063040791,0.168478261
1/1/1983,86700,0.008139535,0.016412661,0.048367594,0.056887444,0.173736462
2/1/1983,87500,0.00922722,0.01744186,0.039192399,0.052104208,0.180305755
3/1/1983,88300,0.009142857,0.018454441,0.03033839,0.047449585,0.186827957
4/1/1983,89100,0.009060023,0.018285714,0.047003525,0.059033281,0.181175431
5/1/1983,90233.33333,0.01271979,0.021895055,0.067850099,0.074632791,0.180034873
6/1/1983,91366.66667,0.01256003,0.025439581,0.088994835,0.090294352,0.178924731
7/1/1983,92500,0.012404232,0.025120059,0.099445325,0.104257859,0.180851064
8/1/1983,91933.33333,-0.006126126,0.006202116,0.08968787,0.097929936,0.161263158
9/1/1983,91366.66667,-0.006163887,-0.012252252,0.07998424,0.091596973,0.142083333
10/1/1983,90800,-0.006202116,-0.012327774,0.064478312,0.095736122,0.130759651
11/1/1983,92100,0.014317181,0.008026268,0.070930233,0.122714344,0.142679901
12/1/1983,93400,0.014115092,0.028634361,0.07727797,0.150246305,0.154511743
1/1/1984,94700,0.01391863,0.028230185,0.082285714,0.145102781,0.154408777
2/1/1984,96200,0.015839493,0.029978587,0.089467724,0.142517815,0.156713427
3/1/1984,97700,0.015592516,0.031678986,0.096520763,0.140023337,0.158956109
4/1/1984,99200,0.015353122,0.031185031,0.099371999,0.165687427,0.179080824
5/1/1984,98966.66667,-0.002352151,0.012964858,0.083181321,0.171203156,0.178642318
6/1/1984,98733.33333,-0.002357696,-0.004704301,0.067387387,0.176797775,0.178202068
7/1/1984,98500,-0.002363268,-0.004715392,0.071428571,0.170760697,0.175885396
8/1/1984,98266.66667,-0.002368866,-0.004726536,0.075519883,0.164757013,0.173566879
9/1/1984,98033.33333,-0.002374491,-0.004737733,0.079662261,0.158786446,0.171246515
10/1/1984,97800,-0.002380143,-0.004748982,0.061889251,0.146541618,0.180209171
11/1/1984,98033.33333,0.002385821,0,0.049607423,0.139922481,0.195042666
12/1/1984,98266.66667,0.002380143,0.004771643,0.037662795,0.133410227,0.210180624
1/1/1985,98500,0.002374491,0.004760286,0.023908524,0.125714286,0.191051995
2/1/1985,99166.66667,0.00676819,0.009158752,0.015011941,0.123065308,0.177751386
3/1/1985,99833.33333,0.006722689,0.013536379,0.006384409,0.120463898,0.164916375
4/1/1985,100500,0.006677796,0.013445378,0.015493432,0.113779091,0.180963572
5/1/1985,100500,0,0.006677796,0.017893315,0.099963517,0.189349112
6/1/1985,100500,0,0,0.020304569,0.086486486,0.197854589
7/1/1985,100500,0,0,0.022727273,0.093183466,0.194532488
8/1/1985,101600,0.010945274,0.010945274,0.036382183,0.112002919,0.204267088
9/1/1985,102700,0.010826772,0.021890547,0.050102249,0.131057269,0.213947991
10/1/1985,103800,0.010710808,0.021653543,0.058823529,0.127035831,0.216881594
11/1/1985,104633.3333,0.008028259,0.018825056,0.064789688,0.120271234,0.216666666
12/1/1985,105466.6667,0.00796432,0.016056519,0.070727581,0.113692362,0.21645521
1/1/1986,106300,0.00790139,0.01592864,0.071932773,0.104989605,0.214857143
2/1/1986,108200,0.017873942,0.025916561,0.083806344,0.107471853,0.225368063
3/1/1986,110100,0.017560074,0.035747883,0.095522388,0.109879032,0.235690236
4/1/1986,112000,0.017257039,0.035120148,0.114427861,0.131694173,0.24122645
5/1/1986,112800,0.007142857,0.024523161,0.12238806,0.142471303,0.234585918
6/1/1986,113600,0.007092199,0.014285714,0.130348259,0.153299492,0.228108108
7/1/1986,114400,0.007042254,0.014184397,0.125984252,0.164179104,0.244379986
8/1/1986,114800,0.003496503,0.01056338,0.11781889,0.171030262,0.256475739
9/1/1986,115200,0.003484321,0.006993007,0.10982659,0.17791411,0.268722467
10/1/1986,115600,0.003472222,0.006968641,0.10481045,0.179190751,0.255157438
11/1/1986,117333.3333,0.014994233,0.018518518,0.112515802,0.19402985,0.256245539
12/1/1986,119066.6667,0.014772728,0.029988466,0.120100345,0.208798647,0.257303767
1/1/1987,120800,0.01455767,0.029545455,0.116451017,0.21815126,0.255717256
2/1/1987,122566.6667,0.014624724,0.029395297,0.113230397,0.227712855,0.254520642
3/1/1987,124333.3333,0.014413924,0.029249448,0.110119047,0.237147595,0.253360215
4/1/1987,126100,0.014209116,0.028827849,0.117907801,0.254726368,0.274166386
5/1/1987,127366.6667,0.010044938,0.024396783,0.121185446,0.267330017,0.290006753
6/1/1987,128633.3333,0.00994504,0.020089875,0.124417249,0.279933665,0.305922165
7/1/1987,129900,0.009847111,0.019890081,0.131533101,0.278543307,0.321913161
8/1/1987,131100,0.009237875,0.019175953,0.138020833,0.276533593,0.337300238
9/1/1987,132300,0.009153318,0.018475751,0.144463668,0.274566474,0.352760736
10/1/1987,133500,0.009070295,0.018306636,0.137784091,0.27588404,0.361781707
11/1/1987,134966.6667,0.010986267,0.020156211,0.133538634,0.279709229,0.373473542
12/1/1987,136433.3333,0.01086688,0.021972534,0.129415011,0.283474443,0.385109983
1/1/1988,137900,0.010750061,0.021733761,0.125101985,0.274491682,0.390588235
2/1/1988,136866.6667,-0.007493352,0.003176155,0.10080429,0.243112322,0.370951586
3/1/1988,135833.3333,-0.007549927,-0.014986706,0.077187417,0.212797619,0.351575456
4/1/1988,134800,-0.007607362,-0.015099854,0.058361685,0.195035461,0.341293532
5/1/1988,137033.3333,0.016567754,0.008834356,0.065301892,0.206279342,0.363515754
6/1/1988,139266.6667,0.016297738,0.03313551,0.072106749,0.217365968,0.385737977
7/1/1988,141500,0.016036381,0.032595476,0.079328757,0.232578397,0.392716535
8/1/1988,141133.3333,-0.002591284,0.013403542,0.066767447,0.22511574,0.374229146
9/1/1988,140766.6667,-0.002598016,-0.005182567,0.05443196,0.217704729,0.356133591
10/1/1988,140400,-0.002604784,-0.005196032,0.040256853,0.196590909,0.341828608
11/1/1988,141700,0.009259259,0.006630357,0.038602492,0.190089585,0.343552465
12/1/1988,143000,0.009174312,0.018518519,0.036983321,0.183774834,0.345249294
1/1/1989,144300,0.009090909,0.018348624,0.054310764,0.177318466,0.333641405
2/1/1989,145133.3333,0.005775006,0.014918415,0.068466258,0.167292225,0.318195579
3/1/1989,145966.6667,0.005741847,0.011550012,0.082838774,0.157546921,0.30327381
4/1/1989,146800,0.005709066,0.011483693,0.071272197,0.152577859,0.30141844
5/1/1989,147933.3333,0.007720254,0.013473395,0.062230732,0.15003887,0.302230047
6/1/1989,149066.6667,0.007661109,0.015440509,0.053474676,0.147549397,0.303030303
7/1/1989,150200,0.007602862,0.015322217,0.064241852,0.145690313,0.308362369
8/1/1989,150533.3333,0.002219263,0.009838998,0.069381955,0.13781809,0.306712963
9/1/1989,150866.6667,0.002214349,0.004438527,0.074548908,0.130087391,0.305074971
10/1/1989,151200,0.002209456,0.004428698,0.067043049,0.120276611,0.288636364
11/1/1989,150633.3333,-0.003747796,-0.00154662,0.053379953,0.104080137,0.265117581
12/1/1989,150066.6667,-0.003761894,-0.007495591,0.03996304,0.088228185,0.242273731
1/1/1990,149500,-0.0037761,-0.007523788,0.030087276,0.092303945,0.219744356
2/1/1990,150066.6667,0.003790413,0,0.028088605,0.104785277,0.20697051
3/1/1990,150633.3333,0.003776099,0.007580825,0.026112625,0.117457962,0.194554586
4/1/1990,151200,0.003761894,0.007552199,0.022082019,0.103381173,0.187123789
5/1/1990,149300,-0.012566138,-0.008851516,0.001565295,0.07204404,0.160663385
6/1/1990,147400,-0.012726055,-0.025132275,-0.018641811,0.041696113,0.134719015
7/1/1990,145500,-0.012890095,-0.02545211,-0.033436669,0.03094001,0.109839817
8/1/1990,147033.3333,0.010538373,-0.002487562,-0.02540875,0.044518115,0.111363063
9/1/1990,148566.6667,0.010428475,0.021076747,-0.017416226,0.058167142,0.112858927
10/1/1990,150100,0.010320843,0.020856949,-0.003540606,0.059280169,0.112126451
11/1/1990,150433.3333,0.002220742,0.012564505,0.002443358,0.051981352,0.102614219
12/1/1990,150766.6667,0.002215821,0.004441484,0.008472687,0.044814045,0.093304327
1/1/1991,151100,0.002210922,0.004431642,0.006885828,0.041111622,0.103994155
2/1/1991,150133.3333,-0.006397529,-0.004200752,-0.003319318,0.02854533,0.105276074
3/1/1991,149166.6667,-0.006438721,-0.012795058,-0.013447972,0.016121708,0.106577646
4/1/1991,148200,-0.006480447,-0.012877442,-0.007367716,0.001802614,0.081488689
5/1/1991,147266.6667,-0.006297796,-0.01273743,-0.000904568,-0.012075134,0.057443753
6/1/1991,146333.3333,-0.00633771,-0.012595592,0.005727377,-0.025743453,0.034157833
7/1/1991,145400,-0.006378132,-0.012675419,-0.011108592,-0.034100974,0.03023146
8/1/1991,145066.6667,-0.002292526,-0.008656036,-0.023558447,-0.038444543,0.030547004
9/1/1991,144733.3333,-0.002297795,-0.004585053,-0.035753942,-0.04276896,0.030864197
10/1/1991,144400,-0.002303086,-0.004595588,-0.040106359,-0.041380836,0.01905434
11/1/1991,144433.3333,0.00023084,-0.002072778,-0.042007518,-0.037538872,0.01002331
12/1/1991,144466.6667,0.000230787,0.000461681,-0.043900287,-0.033667781,0.001155001
1/1/1992,144500,0.000230734,0.000461574,-0.037522202,-0.037094625,-0.004363803
2/1/1992,144766.6667,0.001845444,0.002076604,-0.029497207,-0.038946669,-0.008221055
3/1/1992,145033.3333,0.001842044,0.003690888,-0.021367522,-0.040784833,-0.012034514
4/1/1992,145300,0.001838658,0.003684089,-0.013354459,-0.026791695,-0.017800811
5/1/1992,144100,-0.008258775,-0.006435302,-0.015261959,-0.02238806,-0.033318426
6/1/1992,142900,-0.00832755,-0.01651755,-0.017193948,-0.017869416,-0.048601864
7/1/1992,141700,-0.008397481,-0.016655101,-0.023207721,-0.036272954,-0.058680248
8/1/1992,143533.3333,0.012938132,0.004432003,-0.00829111,-0.033879291,-0.048608043
9/1/1992,145366.6667,0.012772876,0.025876265,0.006694368,-0.031534532,-0.038580247
10/1/1992,147200,0.012611786,0.02554575,0.01915532,-0.021493463,-0.022792653
11/1/1992,146366.6667,-0.005661232,0.006879156,0.013151823,-0.02918417,-0.024655709
12/1/1992,145533.3333,-0.005693464,-0.011322464,0.007151096,-0.036840944,-0.026532888
1/1/1993,144700,-0.005726065,-0.011386928,-0.000460511,-0.036190053,-0.035761884
2/1/1993,146100,0.00967519,0.003893724,0.007354631,-0.020558659,-0.030095154
3/1/1993,147500,0.009582478,0.01935038,0.015141087,-0.004723347,-0.024470899
4/1/1993,148900,0.009491525,0.019164956,0.033310201,0.011090991,-0.002679169
5/1/1993,148600,-0.002014775,0.007457627,0.039888034,0.01548975,0.008141113
6/1/1993,148300,-0.002018843,-0.00402955,0.046577276,0.019944979,0.019243986
7/1/1993,148000,-0.002022927,-0.004037685,0.031119369,0.020220588,0.006574473
8/1/1993,148100,0.000675676,-0.001348618,0.018803027,0.02326117,-0.003141127
9/1/1993,148200,0.000675219,0.001351351,0.006793478,0.026315789,-0.012658228
10/1/1993,148300,0.000674764,0.001350439,0.013208836,0.02677129,-0.014181254
11/1/1993,150066.6667,0.01191279,0.012595592,0.031149794,0.038763267,-0.004642936
12/1/1993,151833.3333,0.011772545,0.023825579,0.049297397,0.050749711,0.004853298
1/1/1994,153600,0.011635566,0.023545091,0.051334702,0.061017729,0.023090586
2/1/1994,153800,0.001302083,0.012952799,0.042711864,0.060445875,0.031061452
3/1/1994,154000,0.00130039,0.002604167,0.034251175,0.059876118,0.039136302
4/1/1994,154200,0.001298701,0.00260078,0.037685061,0.070090215,0.047080127
5/1/1994,153733.3333,-0.003026373,-0.001731602,0.036637446,0.07581059,0.050569476
6/1/1994,153266.6667,-0.003035559,-0.006052745,0.035585586,0.081627853,0.054103622
7/1/1994,152800,-0.003044802,-0.006071119,0.031735314,0.064561078,0.053308823
8/1/1994,153900,0.007198953,0.004132231,0.038461538,0.058702132,0.063334869
9/1/1994,155000,0.007147498,0.014397906,0.045178692,0.05298913,0.073407202
10/1/1994,156100,0.007096774,0.014294997,0.040204353,0.066499658,0.080775445
11/1/1994,155233.3333,-0.005551997,0.001505376,0.022392975,0.066651397,0.074526995
12/1/1994,154366.6667,-0.005582993,-0.011103993,0.00499132,0.066804884,0.06828143
1/1/1995,153500,-0.005614338,-0.011165986,-0.001950585,0.05065024,0.060326963
2/1/1995,155300,0.011726384,0.00604621,0.008441558,0.052881356,0.070788325
3/1/1995,157100,0.01159047,0.023452769,0.018806744,0.055070517,0.081211287
4/1/1995,158900,0.01145767,0.02318094,0.033607979,0.069313594,0.102706454
5/1/1995,158500,-0.002517306,0.008911521,0.03414528,0.068779501,0.10916725
6/1/1995,158100,-0.002523659,-0.005034613,0.034685864,0.068243243,0.115737474
7/1/1995,157700,-0.002530044,-0.005047319,0.024691358,0.064821067,0.098699489
8/1/1995,158766.6667,0.006763898,0.004216741,0.024301075,0.071300045,0.092180692
9/1/1995,159833.3333,0.006718454,0.013527795,0.023916293,0.077770285,0.085824275
10/1/1995,160900,0.006673619,0.013436909,0.036504187,0.072190137,0.09929401
11/1/1995,160966.6667,0.000414336,0.00709072,0.042755344,0.060153678,0.106046725
12/1/1995,161033.3333,0.000414164,0.000828672,0.04907709,0.048394097,0.112877217
1/1/1996,161100,0.000413993,0.000828329,0.03734707,0.047464239,0.102669405
2/1/1996,162733.3333,0.01013863,0.010556821,0.035858264,0.056709956,0.103276836
3/1/1996,164366.6667,0.010036871,0.020277261,0.034403189,0.065931691,0.103872846
4/1/1996,166000,0.009937132,0.02007374,0.047318612,0.079791848,0.117092867
5/1/1996,165333.3333,-0.004016064,0.00588116,0.045751634,0.078729882,0.114857271
6/1/1996,164666.6667,-0.004032258,-0.008032128,0.044176707,0.077661431,0.112612613
7/1/1996,164000,-0.004048583,-0.008064516,0.032962418,0.065627031,0.107359892
8/1/1996,166333.3333,0.014227642,0.010121457,0.040667362,0.073118279,0.122357175
9/1/1996,168666.6667,0.014028057,0.028455285,0.048270147,0.080503951,0.137334233
10/1/1996,171000,0.013833992,0.028056112,0.062331745,0.101567533,0.139493558
11/1/1996,171400,0.002339181,0.016205533,0.064375906,0.110343338,0.128869375
12/1/1996,171800,0.002333722,0.004678363,0.066418374,0.119218241,0.118489583
1/1/1997,172200,0.002328289,0.004667445,0.05817288,0.108821636,0.119635891
2/1/1997,173866.6667,0.009678668,0.012029492,0.057797607,0.106726077,0.129004329
3/1/1997,175533.3333,0.009585889,0.019357336,0.057429719,0.104677994,0.138348465
4/1/1997,177200,0.009494873,0.019171779,0.071774194,0.117981073,0.152645273
5/1/1997,176366.6667,-0.004702784,0.004747437,0.071052632,0.115538689,0.150717703
6/1/1997,175533.3333,-0.004725005,-0.009405568,0.070325203,0.113083914,0.148778359
7/1/1997,174700,-0.004747436,-0.00945001,0.050300601,0.100356918,0.135152697
8/1/1997,174933.3333,0.001335623,-0.003418154,0.03715415,0.09447341,0.12860215
9/1/1997,175166.6667,0.001333842,0.002671246,0.024366472,0.08866791,0.122143925
10/1/1997,175400,0.001332065,0.002667683,0.023337223,0.089666597,0.129911961
11/1/1997,176933.3333,0.008741923,0.010085632,0.029879705,0.098737321,0.146188728
12/1/1997,178466.6667,0.008666165,0.017483847,0.036391793,0.107800538,0.162649294
1/1/1998,180000,0.008591707,0.017332329,0.035276073,0.106104056,0.159047006
2/1/1998,179600,-0.002222222,0.006350392,0.02316749,0.09267897,0.143220878
3/1/1998,179200,-0.002227171,-0.004444444,0.011286682,0.079518072,0.127753304
4/1/1998,178800,-0.002232143,-0.004454343,0.013797014,0.081451613,0.12807571
5/1/1998,180633.3333,0.010253542,0.007998512,0.029054311,0.096963562,0.142525827
6/1/1998,182466.6667,0.010149474,0.020507084,0.044457165,0.112601626,0.15704925
7/1/1998,184300,0.010047497,0.020298948,0.053544208,0.108016032,0.16082301
8/1/1998,183366.6667,-0.005064207,0.004932408,0.046812559,0.08715415,0.147236705
9/1/1998,182433.3333,-0.005089984,-0.010128414,0.040098822,0.066861598,0.133830536
10/1/1998,181500,-0.005116024,-0.010179967,0.025810098,0.058926488,0.127562642
11/1/1998,184033.3333,0.013957759,0.008770327,0.031191632,0.071206829,0.142827572
12/1/1998,186566.6667,0.013765623,0.027915519,0.036481482,0.08343012,0.158079868
1/1/1999,189100,0.013578703,0.027531245,0.052895323,0.08761503,0.162023761
2/1/1999,190000,0.004759387,0.018402716,0.060267857,0.082415496,0.155952139
3/1/1999,190900,0.004736842,0.009518773,0.067673378,0.07731377,0.15
4/1/1999,191800,0.00471451,0.009473684,0.061819524,0.087507087,0.160080645
5/1/1999,192200,0.002085506,0.006809848,0.053343076,0.094948728,0.167206477
6/1/1999,192600,0.002081165,0.004171011,0.045035269,0.102461362,0.174390244
7/1/1999,193000,0.002076843,0.004162331,0.052535902,0.103277439,0.160320642
8/1/1999,196933.3333,0.020379965,0.022499134,0.079481089,0.124262607,0.167588932
9/1/1999,200866.6667,0.019972918,0.040759931,0.106703398,0.145191942,0.17465887
10/1/1999,204800,0.019581812,0.039945836,0.112841877,0.157498116,0.194865811
11/1/1999,204166.6667,-0.003092448,0.016428808,0.094336252,0.144004483,0.188397361
12/1/1999,203533.3333,-0.003102041,-0.006184896,0.076326458,0.130740741,0.181958962
1/1/2000,202900,-0.003111693,-0.006204082,0.067894737,0.129732739,0.166986196
2/1/2000,202733.3333,-0.000821423,-0.00393056,0.061987079,0.131324405,0.154956324
3/1/2000,202566.6667,-0.000822098,-0.001642845,0.056134863,0.132923192,0.143152747
4/1/2000,202400,-0.000822775,-0.001644196,0.053069719,0.120501938,0.147609147
5/1/2000,202966.6667,0.002799737,0.001974659,0.053824853,0.112349288,0.156285606
6/1/2000,203533.3333,0.00279192,0.005599473,0.054576856,0.104358835,0.165044839
7/1/2000,204100,0.002784147,0.00558384,0.036391334,0.113070351,0.166730183
8/1/2000,206766.6667,0.013065491,0.015886014,0.029372718,0.133382058,0.180399619
9/1/2000,209433.3333,0.012896985,0.026130981,0.022623698,0.153902663,0.194032687
10/1/2000,212100,0.012732771,0.02579397,0.038857143,0.152508604,0.198756594
11/1/2000,211733.3333,-0.001728744,0.010982015,0.040288241,0.134893693,0.186402689
12/1/2000,211366.6667,-0.001731738,-0.003457488,0.041728274,0.117750749,0.174259259
1/1/2001,211000,-0.001734742,-0.003463476,0.040776061,0.110526316,0.174832962
2/1/2001,211066.6667,0.000315956,-0.001419334,0.041961494,0.105639951,0.177827381
3/1/2001,211133.3333,0.000315856,0.000631911,0.04314888,0.100799444,0.180835197
4/1/2001,211200,0.000315756,0.000631712,0.040564953,0.098855359,0.169219413
5/1/2001,210066.6667,-0.005366161,-0.005052099,0.032099575,0.09068882,0.151260504
6/1/2001,208933.3333,-0.005395113,-0.010732323,0.023681202,0.082556131,0.133658889
7/1/2001,207800,-0.005424378,-0.010790225,0.004997582,0.055179418,0.1332485
8/1/2001,209933.3333,0.010266282,0.004786216,0.002387395,0.045137736,0.150739996
9/1/2001,212066.6667,0.010161956,0.020532564,-0.000157158,0.035481771,0.168411387
10/1/2001,214200,0.010059729,0.020323913,0.011649874,0.049142857,0.16391958
11/1/2001,218666.6667,0.020852786,0.031122289,0.034537139,0.074353096,0.172056459
12/1/2001,223133.3333,0.020426829,0.041705571,0.057503949,0.099720716,0.179975322
1/1/2002,227600,0.020017927,0.040853658,0.07833228,0.122657021,0.197894737
2/1/2002,227600,0,0.020017927,0.077991791,0.123580714,0.19224725
3/1/2002,227600,0,0,0.077651515,0.124505929,0.186652763
4/1/2002,227600,0,0,0.083465566,0.121366398,0.184183143
5/1/2002,224766.6667,-0.01244874,-0.01244874,0.075781749,0.104323616,0.167012807
6/1/2002,221933.3333,-0.012605665,-0.024897481,0.068014116,0.087375469,0.149913644
7/1/2002,219100,-0.012766596,-0.02521133,0.043664656,0.059648557,0.112559242
8/1/2002,223566.6667,0.020386429,0.007359568,0.05422823,0.067483686,0.113010289
9/1/2002,228033.3333,0.019979126,0.040772859,0.064581388,0.075121798,0.11344401
10/1/2002,232500,0.01958778,0.039958252,0.063262195,0.098079345,0.13877551
11/1/2002,232700,0.000860215,0.020464844,0.042874216,0.100930452,0.143301671
12/1/2002,232900,0.000859476,0.00172043,0.023286467,0.103791469,0.147856087
1/1/2003,233100,0.000858738,0.001718951,0.024165202,0.104390398,0.149786255
2/1/2003,235733.3333,0.011297011,0.01216545,0.035735208,0.116514051,0.163732104
3/1/2003,238366.6667,0.011170815,0.022594023,0.047305214,0.128630051,0.177700922
4/1/2003,241000,0.011047406,0.022341629,0.072223046,0.14725484,0.187387091
5/1/2003,243366.6667,0.009820194,0.020976087,0.096575549,0.164805361,0.195709139
6/1/2003,245733.3333,0.009724695,0.019640387,0.121557888,0.182547321,0.203984975
7/1/2003,248100,0.009631036,0.01944939,0.109736096,0.181803747,0.199903272
8/1/2003,250733.3333,0.010614,0.02034726,0.09954685,0.182332599,0.19719879
9/1/2003,253366.6667,0.010502526,0.021228,0.089749104,0.182850918,0.194562314
10/1/2003,256000,0.010393369,0.021005052,0.100128921,0.170731707,0.20906801
11/1/2003,258300,0.008984375,0.019471122,0.109059682,0.157603824,0.222046996
12/1/2003,260600,0.008904375,0.01796875,0.117975118,0.144991213,0.23507109
1/1/2004,262900,0.008825787,0.01780875,0.115243213,0.155096661,0.245578016
2/1/2004,263700,0.003042982,0.011895625,0.106278842,0.158611599,0.248973792
3/1/2004,264500,0.00303375,0.006085964,0.097510373,0.162126538,0.252367424
4/1/2004,265300,0.003024575,0.006067501,0.09012464,0.180335162,0.262932402
5/1/2004,268200,0.010931021,0.013988658,0.091427021,0.208471012,0.283663051
6/1/2004,271100,0.010812826,0.021862043,0.092704555,0.23733455,0.304619827
7/1/2004,274000,0.01069716,0.021625652,0.09279447,0.225585209,0.305176247
8/1/2004,278100,0.014963504,0.02582073,0.097618734,0.219558544,0.311380069
9/1/2004,282200,0.014742898,0.029927007,0.10234375,0.213763441,0.317460317
10/1/2004,286300,0.014528703,0.029485796,0.108401084,0.230339493,0.30929878
11/1/2004,287033.3333,0.002561416,0.017127333,0.101432591,0.232431659,0.286375859
12/1/2004,287766.6667,0.002554872,0.005122832,0.094586028,0.234520235,0.264352666
1/1/2005,288500,0.002548361,0.005109743,0.094046265,0.223840498,0.267574692
2/1/2005,288266.6667,-0.000808781,0.001737519,0.089855073,0.209341351,0.266549502
3/1/2005,288033.3333,-0.000809436,-0.001617562,0.085689157,0.195159059,0.265524312
4/1/2005,287800,-0.000810091,-0.001618872,0.073079791,0.182577729,0.280438974
5/1/2005,290066.6667,0.00787584,0.007059368,0.069961884,0.180412371,0.306999099
6/1/2005,292333.3333,0.007814295,0.015751679,0.066909976,0.178288324,0.334246158
7/1/2005,294600,0.007753706,0.015628591,0.059331176,0.17495347,0.317727747
8/1/2005,294466.6667,-0.000452591,0.007297606,0.04346799,0.162215498,0.291331677
9/1/2005,294333.3333,-0.000452796,-0.000905182,0.028059145,0.149739583,0.265949821
10/1/2005,294200,-0.000453001,-0.000905592,0.024968064,0.138985676,0.264288784
11/1/2005,297900,0.012576479,0.01211778,0.035213715,0.143131236,0.279089738
12/1/2005,301600,0.012420275,0.025152957,0.045407279,0.14720426,0.293865294
1/1/2006,305300,0.012267905,0.024840551,0.059088807,0.157755025,0.295107466
2/1/2006,304400,-0.00294792,0.00928382,0.056822127,0.150850662,0.277024192
3/1/2006,303500,-0.002956636,-0.00589584,0.054551772,0.143987938,0.2593361
4/1/2006,302600,-0.002965404,-0.005913272,0.043208458,0.128262491,0.243391316
5/1/2006,304433.3333,0.006058603,0.003075233,0.041391106,0.122955859,0.238876831
6/1/2006,306266.6667,0.006022118,0.012117207,0.03960172,0.117761557,0.234448475
7/1/2006,308100,0.005986069,0.012044235,0.046298392,0.107874865,0.228795533
8/1/2006,305266.6667,-0.009196148,-0.003265128,0.037146093,0.08173872,0.204841468
9/1/2006,302433.3333,-0.009281503,-0.018392297,0.027985497,0.056351147,0.181380208
10/1/2006,299600,-0.009368456,-0.018563005,0.005706613,0.04378121,0.159891599
11/1/2006,307100,0.025033378,0.015430398,0.018236074,0.067184061,0.178434382
12/1/2006,314600,0.024422012,0.050066756,0.030461841,0.090467938,0.19665272
1/1/2007,322100,0.023839797,0.048844025,0.058147175,0.117368177,0.221463785
2/1/2007,318100,-0.012418504,0.011125238,0.048105437,0.104386067,0.202646503
3/1/2007,314100,-0.012574662,-0.024837007,0.038003966,0.091382905,0.183942706
4/1/2007,310100,-0.012734798,-0.025149324,0.018613818,0.069064583,0.156226696
5/1/2007,307133.3333,-0.009566807,-0.022179773,0.002829778,0.050627138,0.132915283
6/1/2007,304166.6667,-0.009659214,-0.019133613,-0.012766418,0.03247341,0.110097324
7/1/2007,301200,-0.009753425,-0.019318428,-0.013321686,0.022866199,0.083063646
8/1/2007,302733.3333,0.005090748,-0.004712329,0.000991954,0.028539071,0.072761635
9/1/2007,304266.6667,0.005064964,0.010181496,0.015576324,0.034217086,0.062754686
10/1/2007,305800,0.005039439,0.010129927,-0.004233149,0.026518966,0.065381489
11/1/2007,300666.6667,-0.016786571,-0.011831727,-0.044289044,-0.003094606,0.044827986
12/1/2007,295533.3333,-0.017073171,-0.033573142,-0.082479561,-0.031990392,0.024378972
1/1/2008,290400,-0.017369727,-0.034146342,-0.087079535,-0.045992116,0.007400555
2/1/2008,295000,0.01584022,-0.001804647,-0.06080866,-0.02800659,0.024187016
3/1/2008,299600,0.01559322,0.031680441,-0.033860045,-0.009914078,0.041000695
4/1/2008,304200,0.015353805,0.031186441,-0.009550684,-0.000766451,0.048724431
5/1/2008,297833.3333,-0.020929213,-0.005896751,-0.020821918,-0.027535917,0.018814139
6/1/2008,291466.6667,-0.021376609,-0.041858426,-0.032315184,-0.053986801,-0.01063589
7/1/2008,285100,-0.02184355,-0.042753218,-0.058247082,-0.066062459,-0.03180892
8/1/2008,282266.6667,-0.009938033,-0.031564501,-0.072304996,-0.066681362,-0.040996602
9/1/2008,279433.3333,-0.01003779,-0.019876067,-0.086221932,-0.067311972,-0.050192613
10/1/2008,276600,-0.010139568,-0.020075579,-0.080044346,-0.099316184,-0.071500504
11/1/2008,270066.6667,-0.023620149,-0.033520219,-0.086171892,-0.141555414,-0.104553492
12/1/2008,263533.3333,-0.024191558,-0.047240299,-0.09251607,-0.18182759,-0.136805328
1/1/2009,257000,-0.024791298,-0.048383115,-0.128813559,-0.192077963,-0.155716163
2/1/2009,262466.6667,0.021271077,-0.004047559,-0.123943035,-0.164385015,-0.135200439
3/1/2009,267933.3333,0.020828041,0.042542153,-0.119219812,-0.135977642,-0.114562679
4/1/2009,273400,0.020403085,0.041656083,-0.082036933,-0.109832863,-0.101938027
5/1/2009,273633.3333,0.00085345,0.021273949,-0.061184813,-0.100383562,-0.106552025
6/1/2009,273866.6667,0.000852723,0.001706901,-0.03940138,-0.090748119,-0.111111111
7/1/2009,274100,0.000851996,0.001705445,-0.028932452,-0.094582691,-0.102096528
8/1/2009,273700,-0.001459321,-0.000608569,-0.020517714,-0.100460123,-0.095007164
9/1/2009,273300,-0.001461454,-0.002918643,-0.011930586,-0.106278613,-0.087783712
10/1/2009,272900,-0.001463593,-0.002922908,0.010491237,-0.092350333,-0.111364376
11/1/2009,273700,0.002931477,0.001463593,0.038578295,-0.073877735,-0.130006357
12/1/2009,274500,0.002922908,0.005862953,0.068093385,-0.054752066,-0.147780192
1/1/2010,275300,0.00291439,0.005845817,0.048895098,-0.066779661,-0.134548884
2/1/2010,273133.3333,-0.007870202,-0.004978749,0.019407813,-0.088340009,-0.130425555
3/1/2010,270966.6667,-0.007932633,-0.015740404,-0.008900268,-0.109248301,-0.126195851
4/1/2010,268800,-0.007996064,-0.015865267,-0.01766354,-0.097481813,-0.124810072
5/1/2010,267866.6667,-0.003472222,-0.011440522,-0.021908471,-0.080969808,-0.119342466
6/1/2010,266933.3333,-0.003484321,-0.006944445,-0.026146175,-0.063720332,-0.113767154
7/1/2010,266000,-0.003496503,-0.006968641,-0.028132992,-0.05762872,-0.121338912
8/1/2010,270000,0.015037594,0.011488512,-0.012074643,-0.033758797,-0.112620508
9/1/2010,274000,0.014814815,0.030075188,0.004030781,-0.009399855,-0.103989536
10/1/2010,278000,0.01459854,0.02962963,0.015710632,0.029375463,-0.075388027
11/1/2010,274700,-0.011870504,0.002554745,0.000728597,0.042372881,-0.070494022
12/1/2010,271400,-0.012013105,-0.023741007,-0.014166364,0.056031128,-0.065426997
1/1/2011,268100,-0.012159175,-0.02402621,-0.018428118,0.021463043,-0.091186441
2/1/2011,267933.3333,-0.000621659,-0.012773275,-0.011194489,0,-0.105696484
3/1/2011,267766.6667,-0.000622045,-0.001243317,-0.003844246,-0.02060473,-0.119767697
4/1/2011,267600,-0.000622433,-0.00124409,-0.00099552,-0.022048971,-0.101510912
5/1/2011,266066.6667,-0.005729945,-0.006348811,-0.003246753,-0.028481013,-0.087145471
6/1/2011,264533.3333,-0.005762967,-0.011459891,-0.005513785,-0.034902104,-0.072138431
7/1/2011,263000,-0.005796371,-0.011525933,-0.025925926,-0.039093898,-0.068256968
8/1/2011,261900,-0.00418251,-0.009954637,-0.044160584,-0.041712404,-0.062746034
9/1/2011,260800,-0.004200076,-0.008365019,-0.061870504,-0.044338586,-0.057122198
10/1/2011,259700,-0.004217791,-0.008400153,-0.054605024,-0.051150895,-0.038385584
11/1/2011,265800,0.023488641,0.019171779,-0.020633751,-0.031693989,0.008601063
12/1/2011,271900,0.022949586,0.046977281,0.014173816,-0.012350163,0.057976654
1/1/2012,278000,0.022434719,0.045899172,0.037571535,0.017817916,0.059182118
2/1/2012,279566.6667,0.005635492,0.028196641,0.044068219,0.031738221,0.043418761
3/1/2012,281133.3333,0.005603911,0.011270983,0.050572994,0.045882936,0.028285784
4/1/2012,282700,0.005572682,0.011207822,0.06251566,0.055375809,0.033134365
5/1/2012,286633.3333,0.013913453,0.019563671,0.083543347,0.073801199,0.046616358
6/1/2012,290566.6667,0.013722526,0.027826907,0.104816223,0.09235589,0.060075398
7/1/2012,294500,0.013536767,0.027445052,0.12447499,0.090740741,0.075995616
8/1/2012,295566.6667,0.003621958,0.017207755,0.133307771,0.078710462,0.081473351
9/1/2012,296633.3333,0.003608887,0.007243916,0.142215377,0.067026379,0.086967143
10/1/2012,297700,0.00359591,0.007217774,0.120015049,0.083727703,0.087687249
11/1/2012,300933.3333,0.010861046,0.014496011,0.106779453,0.108818472,0.096296296
12/1/2012,304166.6667,0.010744351,0.021722092,0.0941247,0.134526918,0.104855309
1/1/2013,307400,0.010630137,0.021488702,0.099558841,0.147300324,0.125457652
2/1/2013,311733.3333,0.014096725,0.024876712,0.108845151,0.164197684,0.150449009
3/1/2013,316066.6667,0.01390077,0.028193451,0.118028534,0.181116094,0.175843254
4/1/2013,320400,0.013710188,0.02780154,0.117804396,0.204209471,0.196117471
5/1/2013,321733.3333,0.004161465,0.017928707,0.107261672,0.216229839,0.205294705
6/1/2013,323066.6667,0.004144219,0.00832293,0.097000566,0.228390368,0.214536341
7/1/2013,324400,0.004127115,0.008288438,0.097552723,0.238640703,0.201481481
8/1/2013,327733.3333,0.01027538,0.014444903,0.104843241,0.256646217,0.196107056
9/1/2013,331066.6667,0.010170871,0.02055076,0.112081514,0.274804261,0.19088729
10/1/2013,334400,0.010068465,0.020341741,0.11120957,0.258088789,0.217327994
11/1/2013,333400,-0.002990431,0.007047926,0.096109589,0.226186098,0.228445099
12/1/2013,332400,-0.0029994,-0.005980861,0.081327261,0.195683453,0.239835882
1/1/2014,331400,-0.003008424,-0.0059988,0.06308811,0.185405985,0.236874845
2/1/2014,334466.6667,0.009253671,0.006217409,0.058215566,0.189708324,0.249097473
3/1/2014,337533.3333,0.009168826,0.018507342,0.053474823,0.193962976,0.261335326
4/1/2014,340600,0.009085523,0.018337652,0.058640696,0.188277707,0.280130293
5/1/2014,340533.3333,-0.000195733,0.008888011,0.054065208,0.171962831,0.287298387
6/1/2014,340466.6667,-0.000195771,-0.000391466,0.049527333,0.156083758,0.294550063
7/1/2014,340400,-0.00019581,-0.000391543,0.038649308,0.151686027,0.299732722
8/1/2014,350066.6667,0.028397963,0.028196593,0.057390254,0.180132599,0.342280164
9/1/2014,359733.3333,0.027613788,0.056795926,0.075757576,0.208375322,0.385188037
10/1/2014,369400,0.026871757,0.055227576,0.107978404,0.2275144,0.389766742
11/1/2014,362266.6667,-0.019310594,0.007042254,0.089851585,0.191013699,0.332352581
12/1/2014,355133.3333,-0.019690836,-0.038621188,0.071615369,0.15528085,0.277458033
1/1/2015,348000,-0.020086352,-0.039381671,0.040462428,0.116338751,0.244783594
2/1/2015,345233.3333,-0.007950192,-0.027876854,0.022812562,0.092280109,0.228005691
3/1/2015,342466.6667,-0.008013903,-0.015900383,0.005480525,0.068872243,0.211413748
4/1/2015,339700,-0.008078645,-0.016027807,-0.002447142,0.055843349,0.185137807
5/1/2015,342266.6667,0.007555686,-0.000583998,0.005286861,0.059430458,0.177928186
6/1/2015,344833.3333,0.007499026,0.015111373,0.013023893,0.06298808,0.170911149
7/1/2015,347400,0.007443209,0.014998052,-0.007617597,0.060008137,0.175369347
8/1/2015,353833.3333,0.018518518,0.026099565,-0.016401038,0.06876762,0.192830655
9/1/2015,360266.6667,0.018181818,0.037037037,-0.024724779,0.077352472,0.210166835
10/1/2015,366700,0.017857143,0.036363636,0.012237762,0.099880024,0.218542313
11/1/2015,363466.6667,-0.00881738,0.008882309,0.023465365,0.093461693,0.194958904
12/1/2015,360233.3333,-0.008895818,-0.017634761,0.035153257,0.087004627,0.171871611
1/1/2016,357000,-0.008975664,-0.017791636,0.034083229,0.067370939,0.145209581
2/1/2016,357300,0.000840336,-0.00814287,0.043313218,0.058562117,0.130457709
3/1/2016,357600,0.000839631,0.001680672,0.052693553,0.04991192,0.116104869
4/1/2016,357900,0.000838926,0.001679261,0.045675886,0.050998434,0.112411935
5/1/2016,358200,0.000838223,0.001677852,0.038762687,0.052085373,0.108749484
6/1/2016,358500,0.000837521,0.001676446,0.031951641,0.053172738,0.105117139
7/1/2016,358800,0.00083682,0.001675042,0.014036741,0.024947629,0.094792514
8/1/2016,360833.3333,0.005667038,0.006508601,0.001572909,0.003057821,0.089911397
9/1/2016,362866.6667,0.005635104,0.011334077,-0.010453595,-0.017686338,0.085127592
10/1/2016,364900,0.005603527,0.011270208,0.003943507,0.007269047,0.094481104
11/1/2016,368200,0.009043574,0.014697777,0.022115296,0.036793693,0.107701564
12/1/2016,371500,0.00896252,0.018087147,0.040616246,0.067528736,0.121001811
1/1/2017,374800,0.008882907,0.017925041,0.048978449,0.085642561,0.120589994
2/1/2017,375500,0.001867663,0.01076716,0.050055928,0.096457076,0.112482718
3/1/2017,376200,0.001864181,0.003735326,0.051131601,0.107447748,0.104521433
4/1/2017,376900,0.001860712,0.003728362,0.052205472,0.101188157,0.106793266
5/1/2017,375666.6667,-0.003272309,-0.001417686,0.047884705,0.089415177,0.103387507
6/1/2017,374433.3333,-0.003283053,-0.006544618,0.043571163,0.077816158,0.099980415
7/1/2017,373200,-0.003293866,-0.006566105,0.034272517,0.054733867,0.066082651
8/1/2017,382033.3333,0.023669167,0.020297338,0.052820136,0.060418209,0.061990363
9/1/2017,390866.6667,0.023121892,0.047338335,0.071161049,0.0659031,0.058112254
10/1/2017,399700,0.022599352,0.046243783,0.085551331,0.099688188,0.10333088
11/1/2017,391333.3333,-0.020932366,0.001193928,0.053387169,0.086332932,0.101933546
12/1/2017,382966.6667,-0.021379898,-0.041864732,0.021789399,0.072735761,0.100478927
1/1/2018,374600,-0.021846984,-0.042759795,-0.002396804,0.048418696,0.085063242
2/1/2018,375866.6667,0.003381385,-0.018539473,-0.000886053,0.051081283,0.09752774
3/1/2018,377133.3333,0.003369989,0.006762769,0.000619085,0.053739406,0.11019527
4/1/2018,378400,0.003358671,0.006739979,0.007275954,0.056393076,0.105570705
5/1/2018,383233.3333,0.01277308,0.016174651,0.023502181,0.068991167,0.111358144
6/1/2018,388066.6667,0.012611986,0.025546159,0.039835656,0.08156819,0.117060065
7/1/2018,392900,0.012454905,0.025223972,0.028444289,0.08886836,0.110409798
8/1/2018,388233.3333,-0.011877492,0.000429479,-0.006737165,0.069906301,0.077627683
9/1/2018,383566.6667,-0.012020263,-0.023754984,-0.040363606,0.051155568,0.045995819
10/1/2018,378900,-0.012166507,-0.024040525,-0.031771721,0.029060293,0.042461482
11/1/2018,378900,0,-0.012166507,-0.010618853,0.019919246,0.051818266
12/1/2018,378900,0,0,0.011478911,0.010939168,0.061344538
