,BAA10YM,BAA_YEILD_10Y_M_PCT_CHG,BAA_YEILD_10Y_Q_PCT_CHG,BAA_YEILD_10Y_A_PCT_CHG,BAA_YEILD_10Y_2A_PCT_CHG,BAA_YEILD_10Y_3A_PCT_CHG
1962-01-01,1.0,0.030000000000000027,0.1100000000000001,0.06000000000000005,-0.28,-0.37
1962-02-01,1.03,0.030000000000000027,0.1100000000000001,0.06000000000000005,-0.28,-0.37
1962-03-01,1.11,0.07766990291262132,0.1100000000000001,0.06000000000000005,-0.28,-0.37
1962-04-01,1.18,0.06306306306306286,0.14563106796116498,0.06000000000000005,-0.28,-0.37
1962-05-01,1.13,-0.0423728813559322,0.018018018018017834,0.06000000000000005,-0.28,-0.37
1962-06-01,1.11,-0.017699115044247593,-0.05932203389830493,0.06000000000000005,-0.28,-0.37
1962-07-01,1.04,-0.06306306306306309,-0.07964601769911495,0.06000000000000005,-0.28,-0.37
1962-08-01,1.08,0.03846153846153855,-0.027027027027027084,0.06000000000000005,-0.28,-0.37
1962-09-01,1.05,-0.02777777777777779,0.009615384615384581,0.06000000000000005,-0.28,-0.37
1962-10-01,1.06,0.00952380952380949,-0.01851851851851849,0.06000000000000005,-0.28,-0.37
1962-11-01,1.04,-0.018867924528301883,-0.00952380952380949,0.06000000000000005,-0.28,-0.37
1962-12-01,1.06,0.019230769230769162,0.0,0.06000000000000005,-0.28,-0.37
1963-01-01,1.08,0.018867924528301883,0.03846153846153855,0.04854368932038833,-0.28,-0.37
1963-02-01,0.97,-0.10185185185185197,-0.08490566037735858,-0.12612612612612628,-0.28,-0.37
1963-03-01,0.95,-0.020618556701030966,-0.12037037037037046,-0.19491525423728817,-0.28,-0.37
1963-04-01,0.9,-0.05263157894736836,-0.07216494845360821,-0.20353982300884943,-0.28,-0.37
1963-05-01,0.92,0.022222222222222143,-0.03157894736842093,-0.1711711711711712,-0.28,-0.37
1963-06-01,0.85,-0.07608695652173925,-0.05555555555555558,-0.1826923076923077,-0.28,-0.37
1963-07-01,0.82,-0.03529411764705881,-0.10869565217391308,-0.2407407407407408,-0.28,-0.37
1963-08-01,0.83,0.012195121951219523,-0.02352941176470591,-0.20952380952380956,-0.28,-0.37
1963-09-01,0.76,-0.0843373493975903,-0.07317073170731703,-0.28301886792452835,-0.28,-0.37
1963-10-01,0.72,-0.052631578947368474,-0.1325301204819277,-0.3076923076923077,-0.28,-0.37
1963-11-01,0.72,0.0,-0.052631578947368474,-0.3207547169811321,-0.28,-0.37
1963-12-01,0.72,0.0,0.0,-0.33333333333333337,-0.28,-0.37
1964-01-01,0.66,-0.08333333333333326,-0.08333333333333326,-0.31958762886597936,-0.35922330097087374,-0.37
1964-02-01,0.68,0.030303030303030276,-0.05555555555555547,-0.28421052631578936,-0.3873873873873874,-0.37
1964-03-01,0.61,-0.10294117647058831,-0.0757575757575758,-0.3222222222222223,-0.48305084745762705,-0.37
1964-04-01,0.62,0.016393442622950838,-0.08823529411764708,-0.32608695652173914,-0.4513274336283185,-0.37
1964-05-01,0.65,0.048387096774193505,0.06557377049180335,-0.23529411764705876,-0.4144144144144144,-0.37
1964-06-01,0.68,0.04615384615384621,0.09677419354838723,-0.1707317073170731,-0.34615384615384615,-0.37
1964-07-01,0.64,-0.05882352941176472,-0.015384615384615441,-0.22891566265060237,-0.40740740740740744,-0.37
1964-08-01,0.63,-0.015625,-0.07352941176470595,-0.17105263157894735,-0.4,-0.37
1964-09-01,0.62,-0.015873015873015928,-0.03125,-0.13888888888888884,-0.41509433962264153,-0.37
1964-10-01,0.62,0.0,-0.015873015873015928,-0.13888888888888884,-0.40384615384615385,-0.37
1964-11-01,0.66,0.06451612903225823,0.06451612903225823,-0.08333333333333326,-0.37735849056603776,-0.37
1964-12-01,0.63,-0.045454545454545525,0.016129032258064502,-0.045454545454545525,-0.41666666666666674,-0.37
1965-01-01,0.61,-0.031746031746031744,-0.0757575757575758,-0.10294117647058831,-0.3711340206185567,-0.4077669902912622
1965-02-01,0.57,-0.06557377049180335,-0.09523809523809534,-0.06557377049180335,-0.4,-0.4864864864864866
1965-03-01,0.57,0.0,-0.06557377049180335,-0.08064516129032262,-0.3666666666666667,-0.5169491525423728
1965-04-01,0.6,0.05263157894736836,0.05263157894736836,-0.07692307692307698,-0.34782608695652184,-0.4690265486725663
1965-05-01,0.6,0.0,0.05263157894736836,-0.11764705882352955,-0.2941176470588235,-0.45945945945945954
1965-06-01,0.64,0.06666666666666665,0.06666666666666665,0.0,-0.2195121951219512,-0.3846153846153846
1965-07-01,0.68,0.0625,0.13333333333333353,0.07936507936507953,-0.18072289156626498,-0.37037037037037035
1965-08-01,0.63,-0.07352941176470595,-0.015625,0.016129032258064502,-0.17105263157894735,-0.4
1965-09-01,0.62,-0.015873015873015928,-0.08823529411764708,0.0,-0.13888888888888884,-0.41509433962264153
1965-10-01,0.58,-0.06451612903225812,-0.07936507936507942,-0.12121212121212133,-0.19444444444444442,-0.4423076923076924
1965-11-01,0.5,-0.13793103448275856,-0.19354838709677413,-0.2063492063492064,-0.3055555555555556,-0.5283018867924529
1965-12-01,0.4,-0.19999999999999996,-0.31034482758620685,-0.34426229508196715,-0.3939393939393939,-0.6296296296296297
1966-01-01,0.45,0.125,-0.09999999999999998,-0.21052631578947356,-0.3382352941176471,-0.5360824742268041
1966-02-01,0.29,-0.3555555555555556,-0.27500000000000013,-0.49122807017543857,-0.5245901639344263,-0.6947368421052631
1966-03-01,0.45,0.5517241379310347,0.0,-0.25,-0.27419354838709675,-0.5
1966-04-01,0.66,0.4666666666666668,1.2758620689655173,0.10000000000000009,0.01538461538461533,-0.28260869565217395
1966-05-01,0.7,0.06060606060606055,0.5555555555555554,0.09375,0.02941176470588225,-0.17647058823529416
1966-06-01,0.77,0.10000000000000009,0.16666666666666674,0.13235294117647056,0.203125,-0.060975609756097504
1966-07-01,0.66,-0.1428571428571428,-0.05714285714285705,0.04761904761904767,0.04761904761904767,-0.20481927710843362
1966-08-01,0.61,-0.0757575757575758,-0.20779220779220786,-0.016129032258064502,-0.016129032258064502,-0.19736842105263164
1966-09-01,0.91,0.4918032786885247,0.3787878787878787,0.5689655172413794,0.467741935483871,0.26388888888888906
1966-10-01,1.09,0.19780219780219777,0.7868852459016396,1.1800000000000002,0.6515151515151516,0.5138888888888891
1966-11-01,0.97,-0.11009174311926617,0.06593406593406592,1.4249999999999998,0.5396825396825395,0.3472222222222223
1966-12-01,1.34,0.38144329896907236,0.22935779816513757,1.9777777777777779,1.19672131147541,1.0303030303030303
1967-01-01,1.39,0.03731343283582067,0.4329896907216495,3.793103448275862,1.4385964912280702,1.0441176470588234
1967-02-01,1.19,-0.14388489208633093,-0.11194029850746279,1.6444444444444444,1.0877192982456143,0.9508196721311475
1967-03-01,1.31,0.10084033613445387,-0.05755395683453224,0.9848484848484849,1.1833333333333336,1.1129032258064515
1967-04-01,1.24,-0.05343511450381688,0.04201680672268915,0.7714285714285716,1.0666666666666669,0.9076923076923076
1967-05-01,1.11,-0.10483870967741926,-0.15267175572519076,0.4415584415584417,0.7343750000000002,0.6323529411764706
1967-06-01,1.13,0.018018018018017834,-0.08870967741935487,0.7121212121212119,0.6617647058823526,0.7656249999999998
1967-07-01,1.1,-0.0265486725663715,-0.009009009009009028,0.8032786885245904,0.7460317460317463,0.7460317460317463
1967-08-01,1.05,-0.045454545454545525,-0.07079646017699104,0.15384615384615397,0.6935483870967742,0.6935483870967742
1967-09-01,1.1,0.04761904761904767,0.0,0.00917431192660545,0.8965517241379313,0.774193548387097
1967-10-01,1.04,-0.054545454545454564,-0.00952380952380949,0.07216494845360821,1.08,0.5757575757575757
1967-11-01,0.97,-0.0673076923076924,-0.11818181818181828,-0.27611940298507465,1.4249999999999998,0.5396825396825395
1967-12-01,1.23,0.268041237113402,0.1826923076923077,-0.1151079136690647,1.7333333333333334,1.0163934426229506
1968-01-01,1.31,0.0650406504065042,0.35051546391752586,0.10084033613445387,3.517241379310345,1.2982456140350882
1968-02-01,1.24,-0.05343511450381688,0.008130081300812941,-0.05343511450381688,1.7555555555555555,1.1754385964912282
1968-03-01,1.11,-0.10483870967741926,-0.15267175572519076,-0.10483870967741926,0.6818181818181819,0.8500000000000003
1968-04-01,1.33,0.19819819819819817,0.07258064516129048,0.19819819819819817,0.9000000000000001,1.2166666666666668
1968-05-01,1.16,-0.1278195488721806,0.04504504504504481,0.026548672566371723,0.5064935064935063,0.8124999999999998
1968-06-01,1.35,0.16379310344827602,0.015037593984962516,0.2272727272727273,1.0454545454545454,0.9852941176470589
1968-07-01,1.48,0.0962962962962961,0.27586206896551735,0.4095238095238094,1.4262295081967213,1.3492063492063493
1968-08-01,1.4,-0.05405405405405406,0.03703703703703698,0.2727272727272725,0.5384615384615383,1.258064516129032
1968-09-01,1.33,-0.04999999999999993,-0.10135135135135132,0.27884615384615397,0.22018348623853212,1.2931034482758625
1968-10-01,1.26,-0.052631578947368474,-0.09999999999999998,0.2989690721649485,0.2989690721649485,1.52
1968-11-01,1.31,0.039682539682539764,-0.015037593984962405,0.0650406504065042,-0.022388059701492602,2.275
1968-12-01,1.2,-0.08396946564885499,-0.04761904761904767,-0.08396946564885499,-0.13669064748201432,1.6666666666666665
1969-01-01,1.28,0.06666666666666665,-0.022900763358778664,0.032258064516129004,0.07563025210084051,3.4137931034482767
1969-02-01,1.11,-0.1328124999999999,-0.07499999999999984,0.0,-0.15267175572519076,1.4666666666666668
1969-03-01,1.21,0.09009009009009006,-0.0546875,-0.09022556390977454,-0.024193548387096753,0.8333333333333333
1969-04-01,1.37,0.1322314049586779,0.23423423423423428,0.18103448275862077,0.23423423423423428,0.9571428571428575
1969-05-01,1.2,-0.12408759124087598,-0.008264462809917328,-0.11111111111111116,0.06194690265486735,0.5584415584415583
1969-06-01,1.13,-0.05833333333333335,-0.17518248175182494,-0.2364864864864865,0.027272727272727115,0.7121212121212119
1969-07-01,1.12,-0.008849557522123686,-0.06666666666666654,-0.19999999999999984,0.06666666666666665,0.8360655737704921
1969-08-01,1.17,0.044642857142856984,0.03539823008849563,-0.12030075187969935,0.06363636363636349,0.2857142857142856
1969-09-01,0.89,-0.23931623931623924,-0.2053571428571429,-0.2936507936507936,-0.14423076923076927,-0.1834862385321101
1969-10-01,1.12,0.258426966292135,-0.04273504273504258,-0.1450381679389312,0.15463917525773208,0.15463917525773208
1969-11-01,1.11,-0.008928571428571397,0.24719101123595522,-0.07499999999999984,-0.09756097560975596,-0.17164179104477606
1969-12-01,1.0,-0.0990990990990992,-0.1071428571428572,-0.21875,-0.23664122137404586,-0.28057553956834524
1970-01-01,1.07,0.07000000000000006,-0.03603603603603611,-0.03603603603603611,-0.13709677419354838,-0.10084033613445365
1970-02-01,1.54,0.43925233644859807,0.54,0.2727272727272727,0.3873873873873872,0.17557251908396942
1970-03-01,1.56,0.012987012987013102,0.4579439252336448,0.13868613138686126,0.1729323308270676,0.25806451612903225
1970-04-01,1.31,-0.16025641025641024,-0.14935064935064934,0.09166666666666679,0.1293103448275863,0.18018018018018012
1970-05-01,1.07,-0.18320610687022898,-0.3141025641025641,-0.05309734513274322,-0.20740740740740737,-0.05309734513274322
1970-06-01,1.41,0.3177570093457942,0.07633587786259532,0.2589285714285712,-0.04729729729729737,0.28181818181818175
1970-07-01,1.94,0.375886524822695,0.8130841121495325,0.6581196581196582,0.3857142857142857,0.8476190476190475
1970-08-01,1.91,-0.015463917525773252,0.35460992907801425,1.1460674157303368,0.43609022556390964,0.7363636363636361
1970-09-01,2.0,0.04712041884816753,0.030927835051546504,0.7857142857142856,0.5873015873015872,0.9230769230769229
1970-10-01,2.0,0.0,0.04712041884816753,0.8018018018018016,0.5267175572519083,1.061855670103093
1970-11-01,2.54,0.27,0.27,1.54,1.1166666666666667,1.065040650406504
1970-12-01,2.73,0.07480314960629908,0.365,1.5514018691588785,1.1328125,1.0839694656488548
1971-01-01,2.5,-0.08424908424908428,-0.015748031496062964,0.6233766233766234,1.252252252252252,1.0161290322580645
1971-02-01,2.28,-0.08800000000000008,-0.16483516483516492,0.46153846153846145,0.884297520661157,1.0540540540540535
1971-03-01,2.76,0.21052631578947367,0.10399999999999987,1.1068702290076335,1.0145985401459852,1.0751879699248117
1971-04-01,2.62,-0.05072463768115931,0.1491228070175441,1.4485981308411215,1.1833333333333336,1.2586206896551726
1971-05-01,2.23,-0.14885496183206115,-0.19202898550724634,0.5815602836879434,0.9734513274336285,0.6518518518518517
1971-06-01,2.23,0.0,-0.14885496183206115,0.14948453608247414,0.9910714285714284,0.5067567567567568
1971-07-01,2.03,-0.08968609865470856,-0.08968609865470856,0.0628272251308899,0.7350427350427349,0.44999999999999996
1971-08-01,2.18,0.07389162561576379,-0.022421524663677084,0.09000000000000008,1.4494382022471912,0.6390977443609023
1971-09-01,2.45,0.12385321100917435,0.20689655172413812,0.2250000000000001,1.1875,0.9444444444444446
1971-10-01,2.55,0.04081632653061207,0.1697247706422016,0.003937007874015741,1.297297297297297,0.946564885496183
1971-11-01,2.57,0.007843137254901933,0.048979591836734615,-0.05860805860805862,1.5699999999999998,1.1416666666666666
1971-12-01,2.45,-0.046692607003890885,-0.039215686274509665,-0.019999999999999907,1.2897196261682242,0.9140625
1972-01-01,2.28,-0.06938775510204098,-0.11284046692607008,0.0,0.48051948051948035,1.0540540540540535
1972-02-01,2.15,-0.05701754385964908,-0.12244897959183687,-0.22101449275362317,0.3782051282051282,0.7768595041322315
1972-03-01,2.17,0.009302325581395321,-0.04824561403508765,-0.1717557251908397,0.6564885496183206,0.5839416058394158
1972-04-01,2.05,-0.055299539170507006,-0.04651162790697683,-0.08071748878923779,0.9158878504672894,0.7083333333333333
1972-05-01,2.1,0.024390243902439046,-0.032258064516129004,-0.058295964125560484,0.4893617021276597,0.8584070796460179
1972-06-01,2.09,-0.004761904761904856,0.019512195121951237,0.029556650246305383,0.07731958762886593,0.8660714285714282
1972-07-01,2.12,0.014354066985646119,0.00952380952380949,-0.02752293577981657,0.10994764397905765,0.8119658119658122
1972-08-01,1.98,-0.0660377358490567,-0.05263157894736836,-0.19183673469387763,-0.010000000000000009,1.2247191011235956
1972-09-01,1.54,-0.2222222222222222,-0.2735849056603774,-0.39607843137254894,-0.22999999999999998,0.375
1972-10-01,1.58,0.025974025974025983,-0.202020202020202,-0.38521400778210113,-0.3779527559055118,0.4234234234234233
1972-11-01,1.71,0.08227848101265822,0.11038961038961026,-0.3020408163265307,-0.37362637362637363,0.71
1972-12-01,1.57,-0.08187134502923976,-0.006329113924050667,-0.3114035087719298,-0.372,0.4672897196261683
1973-01-01,1.44,-0.08280254777070073,-0.1578947368421053,-0.3302325581395349,-0.36842105263157887,-0.06493506493506496
1973-02-01,1.33,-0.07638888888888884,-0.15286624203821653,-0.3870967741935484,-0.5181159420289854,-0.14743589743589747
1973-03-01,1.32,-0.007518796992481258,-0.08333333333333326,-0.35609756097560963,-0.4961832061068703,0.007633587786259444
1973-04-01,1.42,0.07575757575757569,0.06766917293233066,-0.3238095238095239,-0.36322869955156956,0.3271028037383177
1973-05-01,1.21,-0.147887323943662,-0.08333333333333337,-0.42105263157894735,-0.45739910313901344,-0.14184397163120566
1973-06-01,1.23,0.016528925619834656,-0.13380281690140838,-0.41981132075471705,-0.3940886699507389,-0.365979381443299
1973-07-01,1.11,-0.09756097560975596,-0.0826446280991735,-0.43939393939393934,-0.49082568807339444,-0.4188481675392669
1973-08-01,1.13,0.018018018018017834,-0.08130081300813019,-0.26623376623376627,-0.5387755102040817,-0.43500000000000005
1973-09-01,1.54,0.36283185840707977,0.3873873873873872,-0.025316455696202556,-0.39607843137254894,-0.22999999999999998
1973-10-01,1.62,0.051948051948051965,0.433628318584071,-0.05263157894736836,-0.3696498054474707,-0.36220472440944873
1973-11-01,1.69,0.043209876543209846,0.09740259740259738,0.07643312101910826,-0.3102040816326531,-0.38095238095238093
1973-12-01,1.74,0.029585798816567976,0.07407407407407396,0.20833333333333348,-0.23684210526315785,-0.30400000000000005
1974-01-01,1.49,-0.14367816091954022,-0.11834319526627213,0.12030075187969924,-0.3069767441860465,-0.3464912280701754
1974-02-01,1.57,0.05369127516778538,-0.09770114942528729,0.18939393939393945,-0.2764976958525345,-0.431159420289855
1974-03-01,1.41,-0.1019108280254778,-0.05369127516778527,-0.007042253521126751,-0.31219512195121946,-0.46183206106870234
1974-04-01,1.36,-0.03546099290780125,-0.13375796178343946,0.12396694214876036,-0.35238095238095235,-0.39013452914798197
1974-05-01,1.47,0.0808823529411764,0.042553191489361764,0.19512195121951215,-0.2966507177033493,-0.34080717488789236
1974-06-01,1.73,0.1768707482993197,0.2720588235294117,0.5585585585585584,-0.1839622641509434,-0.14778325123152702
1974-07-01,1.67,-0.034682080924855474,0.1360544217687074,0.47787610619469034,-0.15656565656565657,-0.2339449541284404
1974-08-01,1.73,0.03592814371257491,0.0,0.12337662337662336,0.12337662337662336,-0.29387755102040825
1974-09-01,2.14,0.23699421965317935,0.2814371257485031,0.32098765432098775,0.35443037974683556,-0.16078431372549007
1974-10-01,2.58,0.20560747663551404,0.49132947976878616,0.5266272189349113,0.5087719298245614,0.0038910505836575737
1974-11-01,2.92,0.13178294573643412,0.36448598130841114,0.6781609195402298,0.859872611464968,0.1918367346938774
1974-12-01,3.2,0.09589041095890427,0.24031007751937983,1.1476510067114094,1.2222222222222223,0.4035087719298247
1975-01-01,3.31,0.034375000000000044,0.13356164383561642,1.1082802547770698,1.488721804511278,0.5395348837209304
1975-02-01,3.26,-0.015105740181268978,0.018749999999999822,1.3120567375886525,1.4696969696969693,0.5023041474654377
1975-03-01,2.75,-0.15644171779141103,-0.16918429003021151,1.0220588235294117,0.9366197183098592,0.3414634146341464
1975-04-01,2.35,-0.1454545454545454,-0.27914110429447847,0.5986394557823129,0.9421487603305787,0.11904761904761907
1975-05-01,2.63,0.11914893617021272,-0.043636363636363695,0.5202312138728322,1.1382113821138211,0.2583732057416268
1975-06-01,2.76,0.049429657794676674,0.1744680851063829,0.652694610778443,1.486486486486486,0.3018867924528301
1975-07-01,2.49,-0.09782608695652162,-0.053231939163498,0.4393063583815031,1.20353982300885,0.2575757575757578
1975-08-01,2.19,-0.12048192771084343,-0.2065217391304347,0.023364485981308247,0.42207792207792205,0.42207792207792205
1975-09-01,2.18,-0.004566210045662045,-0.12449799196787148,-0.15503875968992242,0.345679012345679,0.379746835443038
1975-10-01,2.48,0.1376146788990824,0.13242009132420085,-0.15068493150684925,0.4674556213017751,0.45029239766081863
1975-11-01,2.51,0.012096774193548265,0.1513761467889907,-0.21562500000000007,0.44252873563218387,0.5987261146496814
1975-12-01,2.56,0.019920318725099806,0.032258064516129004,-0.22658610271903323,0.7181208053691275,0.7777777777777779
1976-01-01,2.67,0.04296875,0.06374501992031889,-0.1809815950920245,0.7006369426751591,1.007518796992481
1976-02-01,2.45,-0.08239700374531822,-0.04296875,-0.10909090909090902,0.7375886524822697,0.8560606060606062
1976-03-01,2.39,-0.02448979591836742,-0.10486891385767783,0.017021276595744705,0.7573529411764706,0.683098591549296
1976-04-01,2.38,-0.004184100418410108,-0.028571428571428692,-0.09505703422053235,0.6190476190476191,0.9669421487603305
1976-05-01,1.96,-0.17647058823529405,-0.17991631799163188,-0.28985507246376807,0.13294797687861282,0.5934959349593496
1976-06-01,2.03,0.03571428571428559,-0.1470588235294118,-0.18473895582329336,0.21556886227544902,0.8288288288288286
1976-07-01,1.99,-0.01970443349753681,0.015306122448979664,-0.091324200913242,0.1502890173410405,0.7610619469026549
1976-08-01,1.87,-0.06030150753768837,-0.07881773399014769,-0.14220183486238536,-0.12616822429906538,0.2142857142857144
1976-09-01,1.81,-0.03208556149732622,-0.09045226130653261,-0.2701612903225806,-0.29844961240310075,0.1172839506172838
1976-10-01,1.88,0.03867403314917128,0.0053475935828875,-0.250996015936255,-0.3561643835616438,0.11242603550295849
1976-11-01,1.94,0.03191489361702127,0.07182320441988943,-0.2421875,-0.39375000000000004,0.11494252873563227
1976-12-01,2.25,0.1597938144329898,0.19680851063829796,-0.1573033707865168,-0.3202416918429003,0.5100671140939597
1977-01-01,1.87,-0.16888888888888887,-0.036082474226803996,-0.23673469387755108,-0.4263803680981595,0.19108280254777066
1977-02-01,1.73,-0.07486631016042788,-0.23111111111111116,-0.2761506276150628,-0.37090909090909097,0.22695035460992918
1977-03-01,1.66,-0.040462427745664775,-0.11229946524064183,-0.3025210084033614,-0.29361702127659584,0.22058823529411753
1977-04-01,1.7,0.024096385542168752,-0.017341040462427793,-0.13265306122448983,-0.35361216730038025,0.15646258503401356
1977-05-01,1.55,-0.08823529411764697,-0.06626506024096379,-0.23645320197044328,-0.4384057971014492,-0.10404624277456642
1977-06-01,1.63,0.05161290322580636,-0.04117647058823537,-0.18090452261306533,-0.34538152610441775,-0.02395209580838331
1977-07-01,1.54,-0.05521472392638027,-0.006451612903225823,-0.17647058823529416,-0.29680365296803646,-0.10982658959537572
1977-08-01,1.42,-0.07792207792207795,-0.1288343558282209,-0.21546961325966862,-0.3486238532110093,-0.33644859813084116
1977-09-01,1.46,0.028169014084507005,-0.051948051948051965,-0.22340425531914887,-0.41129032258064513,-0.43410852713178294
1977-10-01,1.37,-0.06164383561643827,-0.035211267605633645,-0.2938144329896907,-0.45418326693227085,-0.5308219178082192
1977-11-01,1.37,0.0,-0.06164383561643827,-0.3911111111111111,-0.46484375,-0.5718749999999999
1977-12-01,1.3,-0.051094890510948954,-0.051094890510948954,-0.3048128342245989,-0.5131086142322097,-0.607250755287009
1978-01-01,1.21,-0.06923076923076932,-0.11678832116788329,-0.3005780346820809,-0.5061224489795919,-0.6288343558282208
1978-02-01,1.17,-0.03305785123966942,-0.10000000000000009,-0.29518072289156627,-0.5104602510460252,-0.5745454545454546
1978-03-01,1.18,0.008547008547008517,-0.024793388429752095,-0.3058823529411765,-0.5042016806722689,-0.49787234042553197
1978-04-01,1.17,-0.008474576271186418,0.0,-0.24516129032258072,-0.403061224489796,-0.5551330798479088
1978-05-01,1.14,-0.02564102564102566,-0.03389830508474578,-0.3006134969325154,-0.43842364532019706,-0.5869565217391304
1978-06-01,1.14,0.0,-0.02564102564102566,-0.2597402597402598,-0.42713567839195987,-0.5421686746987953
1978-07-01,0.96,-0.1578947368421052,-0.1578947368421052,-0.323943661971831,-0.4866310160427808,-0.5616438356164384
1978-08-01,1.07,0.11458333333333348,-0.06140350877192968,-0.26712328767123283,-0.4088397790055248,-0.5091743119266054
1978-09-01,1.0,-0.06542056074766356,0.04166666666666674,-0.27007299270072993,-0.46808510638297873,-0.596774193548387
1978-10-01,0.95,-0.050000000000000044,-0.1121495327102805,-0.3065693430656935,-0.5103092783505154,-0.6215139442231076
1978-11-01,1.02,0.0736842105263158,0.020000000000000018,-0.2153846153846154,-0.5466666666666666,-0.6015625
1978-12-01,0.93,-0.08823529411764708,-0.021052631578947323,-0.23140495867768585,-0.5026737967914439,-0.651685393258427
1979-01-01,1.03,0.10752688172043001,0.009803921568627416,-0.11965811965811957,-0.4046242774566474,-0.5795918367346939
1979-02-01,0.98,-0.04854368932038844,0.053763440860215006,-0.1694915254237288,-0.40963855421686746,-0.5899581589958159
1979-03-01,1.14,0.16326530612244894,0.10679611650485432,-0.02564102564102566,-0.3294117647058824,-0.5210084033613446
1979-04-01,1.15,0.00877192982456143,0.1734693877551019,0.00877192982456143,-0.25806451612903236,-0.41326530612244905
1979-05-01,1.22,0.0608695652173914,0.07017543859649122,0.07017543859649122,-0.25153374233128833,-0.3990147783251231
1979-06-01,1.47,0.20491803278688514,0.27826086956521756,0.53125,-0.045454545454545525,-0.2613065326633166
1979-07-01,1.34,-0.08843537414965974,0.09836065573770503,0.25233644859813076,-0.05633802816901401,-0.28342245989304815
1979-08-01,1.32,-0.014925373134328401,-0.1020408163265305,0.32000000000000006,-0.09589041095890405,-0.27071823204419887
1979-09-01,1.21,-0.08333333333333337,-0.09701492537313439,0.27368421052631575,-0.11678832116788329,-0.3563829787234042
1979-10-01,1.1,-0.09090909090909083,-0.16666666666666663,0.07843137254901977,-0.1970802919708029,-0.4329896907216494
1979-11-01,1.34,0.21818181818181825,0.1074380165289257,0.4408602150537635,0.030769230769230882,-0.4044444444444444
1979-12-01,1.67,0.24626865671641784,0.5181818181818181,0.6213592233009708,0.3801652892561984,-0.1069518716577541
1980-01-01,1.62,-0.029940119760478945,0.20895522388059695,0.653061224489796,0.3846153846153848,-0.06358381502890165
1980-02-01,1.16,-0.28395061728395077,-0.3053892215568862,0.01754385964912286,-0.016949152542372947,-0.3012048192771084
1980-03-01,1.7,0.4655172413793105,0.04938271604938271,0.4782608695652175,0.45299145299145294,0.0
1980-04-01,2.72,0.6000000000000001,1.3448275862068968,1.2295081967213117,1.385964912280702,0.7548387096774194
1980-05-01,2.99,0.09926470588235303,0.7588235294117649,1.0340136054421771,1.62280701754386,0.8343558282208592
1980-06-01,2.93,-0.02006688963210701,0.07720588235294112,1.1865671641791047,2.0520833333333335,0.9025974025974026
1980-07-01,2.4,-0.1808873720136519,-0.19732441471571915,0.8181818181818181,1.2429906542056073,0.6901408450704225
1980-08-01,2.05,-0.14583333333333337,-0.3003412969283278,0.6942148760330578,1.0499999999999998,0.40410958904109573
1980-09-01,2.19,0.06829268292682933,-0.08750000000000002,0.9909090909090907,1.305263157894737,0.5985401459854014
1980-10-01,2.48,0.13242009132420085,0.2097560975609758,0.8507462686567162,1.4313725490196076,0.8102189781021896
1980-11-01,1.96,-0.20967741935483875,-0.10502283105022836,0.17365269461077837,1.10752688172043,0.5076923076923077
1980-12-01,2.3,0.1734693877551019,-0.07258064516129037,0.41975308641975295,1.233009708737864,0.9008264462809916
1981-01-01,2.46,0.06956521739130439,0.2551020408163265,1.1206896551724137,1.510204081632653,1.1025641025641026
1981-02-01,2.18,-0.11382113821138207,-0.05217391304347807,0.2823529411764707,0.9122807017543864,0.8474576271186443
1981-03-01,2.22,0.01834862385321112,-0.09756097560975596,-0.18382352941176472,0.930434782608696,0.8974358974358978
1981-04-01,1.88,-0.15315315315315325,-0.13761467889908263,-0.37123745819398,0.540983606557377,0.6491228070175439
1981-05-01,1.85,-0.015957446808510523,-0.16666666666666674,-0.3686006825938567,0.2585034013605443,0.6228070175438598
1981-06-01,2.33,0.2594594594594595,0.23936170212765973,-0.029166666666666563,0.7388059701492538,1.4270833333333335
1981-07-01,1.89,-0.18884120171673824,0.021621621621621623,-0.07804878048780484,0.43181818181818166,0.7663551401869158
1981-08-01,1.4,-0.2592592592592593,-0.3991416309012876,-0.36073059360730597,0.15702479338842967,0.3999999999999999
1981-09-01,1.6,0.14285714285714302,-0.15343915343915338,-0.35483870967741926,0.4545454545454546,0.6842105263157896
1981-10-01,1.96,0.22499999999999987,0.40000000000000013,0.0,0.4626865671641789,0.9215686274509802
1981-11-01,3.0,0.5306122448979591,0.875,0.30434782608695654,0.7964071856287427,2.225806451612903
1981-12-01,2.83,-0.05666666666666664,0.44387755102040827,0.15040650406504064,0.7469135802469136,1.7475728155339807
1982-01-01,2.51,-0.1130742049469966,-0.16333333333333344,0.1513761467889907,1.1637931034482758,1.5612244897959182
1982-02-01,2.75,0.09561752988047822,-0.028268551236749095,0.23873873873873852,0.6176470588235294,1.4122807017543861
1982-03-01,2.96,0.07636363636363641,0.17928286852589648,0.574468085106383,0.08823529411764697,1.573913043478261
1982-04-01,2.91,-0.016891891891891886,0.058181818181818334,0.5729729729729729,-0.026755852842809347,1.3852459016393444
1982-05-01,3.02,0.03780068728522323,0.020270270270270396,0.296137339055794,0.030716723549488067,1.054421768707483
1982-06-01,2.62,-0.13245033112582782,-0.09965635738831613,0.3862433862433863,0.09166666666666679,0.9552238805970148
1982-07-01,2.85,0.08778625954198471,-0.056291390728476776,1.035714285714286,0.3902439024390245,1.1590909090909092
1982-08-01,3.26,0.1438596491228068,0.2442748091603053,1.0374999999999996,0.4885844748858448,1.6942148760330578
1982-09-01,3.29,0.00920245398773023,0.15438596491228074,0.6785714285714286,0.3266129032258065,1.9909090909090907
1982-10-01,3.82,0.16109422492401215,0.1717791411042946,0.2733333333333332,0.9489795918367347,1.850746268656716
1982-11-01,3.75,-0.018324607329842868,0.13981762917933138,0.3250883392226147,0.6304347826086958,1.2455089820359282
1982-12-01,3.6,-0.039999999999999925,-0.05759162303664911,0.4342629482071714,0.46341463414634143,1.2222222222222223
1983-01-01,3.48,-0.033333333333333326,-0.07199999999999995,0.2654545454545454,0.5963302752293578,2.0
1983-02-01,3.23,-0.07183908045977017,-0.10277777777777786,0.09121621621621623,0.45495495495495475,0.9000000000000001
1983-03-01,3.1,-0.04024767801857587,-0.1091954022988505,0.06529209621993126,0.6489361702127661,0.13970588235294112
1983-04-01,2.89,-0.06774193548387097,-0.10526315789473684,-0.04304635761589404,0.5621621621621622,-0.03344481605351168
1983-05-01,2.71,-0.06228373702422152,-0.12580645161290327,0.03435114503816794,0.16309012875536477,-0.07508532423208203
1983-06-01,2.52,-0.07011070110701101,-0.12802768166089973,-0.11578947368421055,0.3333333333333335,0.050000000000000044
1983-07-01,2.01,-0.20238095238095244,-0.2583025830258303,-0.3834355828220859,0.4357142857142857,-0.019512195121951237
1983-08-01,1.79,-0.1094527363184078,-0.28968253968253965,-0.45592705167173253,0.11874999999999991,-0.182648401826484
1983-09-01,1.9,0.06145251396648033,-0.05472636815920395,-0.5026178010471204,-0.030612244897959218,-0.2338709677419355
1983-10-01,1.92,0.010526315789473717,0.07262569832402233,-0.488,-0.36,-0.020408163265306145
1983-11-01,1.92,0.0,0.010526315789473717,-0.4666666666666667,-0.32155477031802127,-0.16521739130434776
1983-12-01,1.92,0.0,0.0,-0.4482758620689655,-0.2350597609561753,-0.2195121951219512
1984-01-01,1.98,0.03125,0.03125,-0.38699690402476783,-0.28,-0.09174311926605516
1984-02-01,1.75,-0.11616161616161613,-0.08854166666666663,-0.435483870967742,-0.40878378378378377,-0.21171171171171177
1984-03-01,1.67,-0.04571428571428571,-0.15656565656565657,-0.4221453287197232,-0.42611683848797255,-0.11170212765957444
1984-04-01,1.68,0.0059880239520957446,-0.040000000000000036,-0.38007380073800745,-0.4437086092715232,-0.09189189189189195
1984-05-01,1.33,-0.20833333333333326,-0.20359281437125742,-0.4722222222222222,-0.49236641221374045,-0.4291845493562232
1984-06-01,1.49,0.12030075187969924,-0.11309523809523803,-0.2587064676616915,-0.4771929824561404,-0.21164021164021163
1984-07-01,1.79,0.20134228187919456,0.3458646616541352,0.0,-0.45092024539877296,0.2785714285714287
1984-08-01,1.91,0.06703910614525133,0.2818791946308725,0.0052631578947368585,-0.4194528875379939,0.19374999999999987
1984-09-01,1.83,-0.041884816753926635,0.022346368715083775,-0.04687499999999989,-0.5209424083769634,-0.0663265306122448
1984-10-01,1.78,-0.02732240437158473,-0.0680628272251308,-0.07291666666666663,-0.5253333333333333,-0.4066666666666666
1984-11-01,1.91,0.07303370786516838,0.043715846994535346,-0.00520833333333337,-0.46944444444444444,-0.32508833922261493
1984-12-01,1.9,-0.005235602094240788,0.0674157303370786,-0.04040404040404044,-0.4540229885057472,-0.24302788844621515
1985-01-01,1.88,-0.010526315789473717,-0.015706806282722474,0.07428571428571429,-0.4179566563467493,-0.3163636363636364
1985-02-01,1.72,-0.08510638297872342,-0.09473684210526312,0.029940119760479167,-0.44516129032258067,-0.41891891891891897
1985-03-01,1.83,0.06395348837209314,-0.02659574468085102,0.08928571428571441,-0.3667820069204152,-0.3711340206185567
1985-04-01,2.08,0.13661202185792343,0.2093023255813955,0.5639097744360901,-0.2324723247232472,-0.3112582781456954
1985-05-01,2.3,0.10576923076923062,0.256830601092896,0.5436241610738255,-0.08730158730158732,-0.12213740458015276
1985-06-01,2.24,-0.02608695652173898,0.0769230769230771,0.25139664804469275,0.11442786069651767,-0.21403508771929824
1985-07-01,2.12,-0.0535714285714286,-0.07826086956521727,0.10994764397905765,0.18435754189944142,-0.3496932515337423
1985-08-01,2.17,0.023584905660377187,-0.03125000000000011,0.18579234972677594,0.14210526315789473,-0.34042553191489366
1985-09-01,2.11,-0.027649769585253448,-0.004716981132075526,0.1853932584269662,0.09895833333333326,-0.4476439790575917
1985-10-01,2.12,0.004739336492891155,-0.02304147465437778,0.10994764397905765,0.10416666666666674,-0.43466666666666665
1985-11-01,2.21,0.04245283018867907,0.04739336492891,0.16315789473684217,0.15104166666666674,-0.3861111111111112
1985-12-01,2.32,0.04977375565610864,0.09433962264150941,0.23404255319148937,0.1717171717171717,-0.33333333333333337
1986-01-01,2.25,-0.030172413793103425,0.018099547511312153,0.30813953488372103,0.2857142857142858,-0.3034055727554179
1986-02-01,2.41,0.07111111111111112,0.03879310344827602,0.31693989071038264,0.44311377245509,-0.22258064516129028
1986-03-01,2.72,0.12863070539419086,0.2088888888888889,0.3076923076923077,0.6190476190476193,-0.05882352941176472
1986-04-01,2.89,0.0625,0.19917012448132776,0.25652173913043486,1.1729323308270678,0.06642066420664205
1986-05-01,2.58,-0.10726643598615915,-0.05147058823529416,0.1517857142857142,0.731543624161074,0.023809523809523725
1986-06-01,2.54,-0.015503875968992276,-0.12110726643598624,0.19811320754716988,0.4189944134078212,0.26368159203980124
1986-07-01,2.86,0.12598425196850394,0.10852713178294571,0.3179723502304148,0.4973821989528795,0.5977653631284916
1986-08-01,3.01,0.0524475524475525,0.18503937007874005,0.42654028436018954,0.6448087431693987,0.5842105263157895
1986-09-01,2.75,-0.08637873754152814,-0.038461538461538436,0.2971698113207546,0.544943820224719,0.43229166666666674
1986-10-01,2.81,0.021818181818181737,-0.06644518272425237,0.2714932126696834,0.47120418848167556,0.46354166666666674
1986-11-01,2.82,0.003558718861209842,0.025454545454545396,0.21551724137931028,0.4842105263157894,0.46875
1986-12-01,2.86,0.014184397163120588,0.017793594306049654,0.2711111111111111,0.5212765957446808,0.4444444444444444
1987-01-01,2.64,-0.07692307692307687,-0.06382978723404242,0.09543568464730279,0.5348837209302326,0.5085714285714287
1987-02-01,2.4,-0.09090909090909094,-0.16083916083916083,-0.11764705882352955,0.3114754098360655,0.437125748502994
1987-03-01,2.36,-0.01666666666666672,-0.10606060606060619,-0.18339100346020765,0.13461538461538458,0.40476190476190466
1987-04-01,2.02,-0.14406779661016944,-0.15833333333333333,-0.21705426356589153,-0.12173913043478257,0.518796992481203
1987-05-01,1.9,-0.05940594059405946,-0.19491525423728817,-0.25196850393700787,-0.1517857142857144,0.27516778523489926
1987-06-01,2.12,0.11578947368421066,0.04950495049504955,-0.25874125874125864,0.0,0.18435754189944142
1987-07-01,2.16,0.018867924528301883,0.1368421052631581,-0.28239202657807294,-0.004608294930875445,0.13089005235602102
1987-08-01,2.04,-0.05555555555555558,-0.037735849056603765,-0.2581818181818182,-0.033175355450236865,0.11475409836065564
1987-09-01,1.89,-0.07352941176470595,-0.1250000000000001,-0.3274021352313168,-0.10849056603773599,0.061797752808988804
1987-10-01,2.1,0.11111111111111116,0.02941176470588247,-0.25531914893617014,-0.04977375565610853,0.09947643979057608
1987-11-01,2.37,0.12857142857142856,0.2539682539682542,-0.17132867132867124,0.02155172413793105,0.24736842105263168
1987-12-01,2.3,-0.029535864978903037,0.09523809523809512,-0.1287878787878789,0.022222222222222143,0.22340425531914887
1988-01-01,2.4,0.04347826086956519,0.012658227848101111,0.0,-0.004149377593361092,0.39534883720930236
1988-02-01,2.41,0.004166666666666874,0.04782608695652191,0.021186440677966267,-0.11397058823529416,0.31693989071038264
1988-03-01,2.2,-0.08713692946058094,-0.08333333333333326,0.08910891089108919,-0.23875432525951557,0.05769230769230771
1988-04-01,2.18,-0.00909090909090915,-0.0954356846473029,0.14736842105263182,-0.15503875968992242,-0.05217391304347807
1988-05-01,1.95,-0.10550458715596334,-0.11363636363636376,-0.08018867924528306,-0.23228346456692917,-0.1294642857142858
1988-06-01,2.08,0.06666666666666665,-0.04587155963302758,-0.03703703703703709,-0.2727272727272727,-0.018867924528301883
1988-07-01,2.05,-0.014423076923077094,0.05128205128205132,0.004901960784313708,-0.31893687707641194,-0.055299539170507006
1988-08-01,1.95,-0.04878048780487798,-0.0625,0.031746031746031855,-0.2909090909090909,-0.07582938388625593
1988-09-01,1.92,-0.015384615384615441,-0.06341463414634141,-0.08571428571428574,-0.3167259786476869,-0.09433962264150952
1988-10-01,1.61,-0.16145833333333326,-0.1743589743589743,-0.32067510548523204,-0.42907801418439706,-0.2714932126696832
1988-11-01,1.52,-0.05590062111801242,-0.20833333333333326,-0.3391304347826086,-0.46853146853146854,-0.34482758620689646
1988-12-01,1.54,0.013157894736842035,-0.0434782608695653,-0.3583333333333333,-0.41666666666666663,-0.3155555555555556
1989-01-01,1.56,0.012987012987013102,0.026315789473684292,-0.3526970954356846,-0.35,-0.3526970954356846
1989-02-01,1.44,-0.07692307692307698,-0.06493506493506496,-0.34545454545454557,-0.38983050847457623,-0.47058823529411775
1989-03-01,1.31,-0.09027777777777768,-0.16025641025641024,-0.3990825688073395,-0.35148514851485146,-0.546712802768166
1989-04-01,1.43,0.09160305343511443,-0.00694444444444442,-0.2666666666666667,-0.24736842105263157,-0.44573643410852715
1989-05-01,1.6,0.11888111888111896,0.22137404580152675,-0.23076923076923073,-0.24528301886792447,-0.3700787401574803
1989-06-01,1.75,0.09375,0.22377622377622375,-0.14634146341463405,-0.18981481481481488,-0.3881118881118881
1989-07-01,1.85,0.05714285714285716,0.15625,-0.05128205128205121,-0.09313725490196079,-0.3853820598006644
1989-08-01,1.77,-0.043243243243243246,0.011428571428571344,-0.078125,-0.06349206349206349,-0.3563636363636363
1989-09-01,1.72,-0.02824858757062154,-0.07027027027027033,0.06832298136645965,-0.18095238095238098,-0.3879003558718861
1989-10-01,1.8,0.04651162790697683,0.016949152542372836,0.18421052631578938,-0.2405063291139241,-0.36170212765957444
1989-11-01,1.94,0.07777777777777772,0.12790697674418605,0.2597402597402596,-0.15652173913043477,-0.32167832167832167
1989-12-01,1.98,0.020618556701030855,0.09999999999999987,0.26923076923076916,-0.17499999999999993,-0.25
1990-01-01,1.73,-0.1262626262626263,-0.10824742268041232,0.20138888888888884,-0.2821576763485477,-0.2791666666666667
1990-02-01,1.67,-0.034682080924855474,-0.15656565656565657,0.2748091603053433,-0.24090909090909096,-0.2923728813559322
1990-03-01,1.62,-0.029940119760478945,-0.06358381502890165,0.13286713286713292,-0.25688073394495414,-0.19801980198019797
1990-04-01,1.51,-0.06790123456790131,-0.09580838323353291,-0.05625000000000002,-0.22564102564102562,-0.20526315789473681
1990-05-01,1.65,0.0927152317880795,0.01851851851851838,-0.05714285714285716,-0.20673076923076927,-0.2216981132075473
1990-06-01,1.74,0.054545454545454675,0.15231788079470188,-0.05945945945945952,-0.15121951219512186,-0.19444444444444453
1990-07-01,1.73,-0.005747126436781658,0.048484848484848575,-0.02259887005649719,-0.11282051282051286,-0.1519607843137255
1990-08-01,1.66,-0.040462427745664775,-0.04597701149425293,-0.03488372093023262,-0.13541666666666663,-0.12169312169312174
1990-09-01,1.75,0.054216867469879526,0.011560693641618602,-0.02777777777777779,0.08695652173913038,-0.16666666666666674
1990-10-01,2.02,0.15428571428571436,0.2168674698795181,0.04123711340206193,0.32894736842105265,-0.14767932489451485
1990-11-01,2.23,0.10396039603960405,0.27428571428571424,0.1262626262626263,0.44805194805194803,-0.030434782608695587
1990-12-01,2.35,0.05381165919282527,0.1633663366336633,0.35838150289017356,0.5064102564102564,-0.02083333333333326
1991-01-01,2.36,0.004255319148936065,0.058295964125560484,0.4131736526946108,0.6388888888888888,-0.020746887966805128
1991-02-01,2.22,-0.05932203389830493,-0.05531914893617018,0.37037037037037046,0.6946564885496185,0.009090909090909038
1991-03-01,1.98,-0.10810810810810823,-0.1610169491525424,0.3112582781456954,0.3846153846153846,-0.09174311926605516
1991-04-01,1.9,-0.04040404040404044,-0.14414414414414423,0.1515151515151516,0.18749999999999978,-0.02564102564102566
1991-05-01,1.79,-0.05789473684210522,-0.09595959595959591,0.028735632183908066,0.02285714285714291,-0.13942307692307698
1991-06-01,1.68,-0.06145251396648055,-0.11578947368421055,-0.028901734104046284,-0.09189189189189195,-0.18048780487804872
1991-07-01,1.62,-0.03571428571428559,-0.0949720670391061,-0.02409638554216853,-0.0847457627118644,-0.16923076923076918
1991-08-01,1.75,0.08024691358024683,0.04166666666666674,0.0,0.01744186046511631,-0.08854166666666663
1991-09-01,1.86,0.06285714285714294,0.14814814814814814,-0.07920792079207917,0.03333333333333344,0.15527950310559002
1991-10-01,1.96,0.053763440860215006,0.11999999999999988,-0.12107623318385652,0.010309278350515427,0.2894736842105263
1991-11-01,2.03,0.03571428571428559,0.09139784946236551,-0.13617021276595753,0.025252525252525082,0.3181818181818181
1991-12-01,2.17,0.06896551724137945,0.1071428571428572,-0.0805084745762712,0.2543352601156068,0.39102564102564097
1992-01-01,2.1,-0.032258064516129004,0.034482758620689724,-0.05405405405405406,0.2574850299401199,0.4583333333333335
1992-02-01,1.89,-0.10000000000000009,-0.12903225806451613,-0.045454545454545525,0.16666666666666652,0.4427480916030533
1992-03-01,1.71,-0.09523809523809523,-0.18571428571428572,-0.09999999999999998,0.13245033112582782,0.19580419580419584
1992-04-01,1.73,0.011695906432748648,-0.08465608465608465,-0.033519553072625774,0.048484848484848575,0.08124999999999982
1992-05-01,1.74,0.005780346820809301,0.01754385964912286,0.03571428571428581,0.0,-0.005714285714285672
1992-06-01,1.79,0.028735632183908066,0.034682080924855585,0.1049382716049383,0.034682080924855585,-0.032432432432432434
1992-07-01,2.0,0.11731843575418988,0.14942528735632177,0.1428571428571428,0.20481927710843384,0.12994350282485878
1992-08-01,2.06,0.030000000000000027,0.15083798882681565,0.10752688172043001,0.17714285714285727,0.1976744186046513
1992-09-01,2.2,0.06796116504854366,0.10000000000000009,0.12244897959183687,0.08910891089108919,0.22222222222222232
1992-10-01,2.25,0.022727272727272707,0.09223300970873782,0.10837438423645329,0.008968609865470878,0.1597938144329898
1992-11-01,2.09,-0.07111111111111112,-0.050000000000000155,-0.03686635944700467,-0.11063829787234047,0.05555555555555558
1992-12-01,2.04,-0.023923444976076458,-0.09333333333333327,-0.02857142857142858,-0.13559322033898302,0.17919075144508678
1993-01-01,2.07,0.014705882352941124,-0.009569377990430672,0.09523809523809512,-0.06756756756756777,0.23952095808383222
1993-02-01,2.13,0.02898550724637694,0.04411764705882337,0.24561403508771917,0.07575757575757569,0.31481481481481466
1993-03-01,2.17,0.018779342723004744,0.048309178743961345,0.2543352601156068,0.14210526315789473,0.4370860927152318
1993-04-01,2.17,0.0,0.018779342723004744,0.24712643678160906,0.21229050279329598,0.3151515151515152
1993-05-01,2.17,0.0,0.0,0.21229050279329598,0.29166666666666674,0.24712643678160906
1993-06-01,2.11,-0.027649769585253448,-0.027649769585253448,0.05499999999999994,0.3024691358024689,0.21965317919075145
1993-07-01,2.12,0.004739336492891155,-0.02304147465437778,0.029126213592232997,0.21142857142857152,0.2771084337349399
1993-08-01,1.92,-0.09433962264150952,-0.09004739336492884,-0.12727272727272743,0.032258064516129004,0.0971428571428572
1993-09-01,1.98,0.03125,-0.0660377358490567,-0.12,0.010204081632652962,-0.01980198019801982
1993-10-01,1.98,0.0,0.03125,-0.05263157894736836,-0.024630541871921152,-0.11210762331838564
1993-11-01,1.94,-0.02020202020202022,-0.02020202020202022,-0.0490196078431373,-0.10599078341013823,-0.174468085106383
1993-12-01,1.92,-0.010309278350515427,-0.030303030303030276,-0.07246376811594202,-0.08571428571428574,-0.18644067796610164
1994-01-01,1.9,-0.01041666666666663,-0.020618556701030966,-0.107981220657277,0.005291005291005346,-0.14414414414414423
1994-02-01,1.79,-0.05789473684210522,-0.06770833333333326,-0.1751152073732718,0.04678362573099415,-0.09595959595959591
1994-03-01,1.65,-0.07821229050279332,-0.13157894736842102,-0.23963133640552992,-0.046242774566474076,-0.13157894736842102
1994-04-01,1.55,-0.06060606060606055,-0.13407821229050276,-0.2857142857142857,-0.1091954022988505,-0.13407821229050276
1994-05-01,1.44,-0.07096774193548394,-0.1272727272727272,-0.31753554502369663,-0.1955307262569833,-0.1428571428571429
1994-06-01,1.55,0.07638888888888906,0.0,-0.2688679245283019,-0.22499999999999998,-0.04320987654320996
1994-07-01,1.5,-0.032258064516129115,0.04166666666666674,-0.21875,-0.27184466019417475,-0.1428571428571429
1994-08-01,1.5,0.0,-0.032258064516129115,-0.24242424242424243,-0.31818181818181823,-0.19354838709677424
1994-09-01,1.52,0.01333333333333342,0.01333333333333342,-0.23232323232323226,-0.3244444444444444,-0.22448979591836737
1994-10-01,1.46,-0.03947368421052633,-0.026666666666666727,-0.24742268041237114,-0.3014354066985646,-0.28078817733990147
1994-11-01,1.36,-0.06849315068493145,-0.10526315789473684,-0.29166666666666663,-0.33333333333333326,-0.3732718894009216
1994-12-01,1.29,-0.05147058823529416,-0.11643835616438347,-0.32105263157894737,-0.37681159420289845,-0.3857142857142857
1995-01-01,1.3,0.007751937984496138,-0.044117647058823595,-0.2737430167597765,-0.3896713615023474,-0.3121693121693121
1995-02-01,1.38,0.06153846153846132,0.06976744186046502,-0.1636363636363637,-0.3640552995391705,-0.19298245614035092
1995-03-01,1.5,0.0869565217391306,0.15384615384615374,-0.032258064516129115,-0.3087557603686636,-0.1329479768786127
1995-04-01,1.54,0.026666666666666616,0.11594202898550732,0.06944444444444442,-0.29032258064516125,-0.11494252873563215
1995-05-01,1.57,0.01948051948051943,0.046666666666666634,0.012903225806451646,-0.2559241706161137,-0.12290502793296088
1995-06-01,1.73,0.10191082802547768,0.12337662337662336,0.15333333333333332,-0.1839622641509434,-0.135
1995-07-01,1.76,0.01734104046242768,0.12101910828025475,0.17333333333333334,-0.08333333333333326,-0.1456310679611651
1995-08-01,1.7,-0.03409090909090917,-0.017341040462427793,0.11842105263157898,-0.14141414141414144,-0.2272727272727274
1995-09-01,1.73,0.01764705882352935,-0.017045454545454586,0.18493150684931514,-0.1262626262626263,-0.23111111111111116
1995-10-01,1.71,-0.011560693641618491,0.00588235294117645,0.25735294117647056,-0.11855670103092786,-0.18181818181818177
1995-11-01,1.75,0.023391812865497075,0.011560693641618602,0.3565891472868217,-0.08854166666666663,-0.1421568627450981
1995-12-01,1.78,0.017142857142857126,0.040935672514619936,0.36923076923076925,-0.06315789473684208,-0.14009661835748788
1996-01-01,1.82,0.022471910112359605,0.040000000000000036,0.318840579710145,0.016759776536312776,-0.14553990610328627
1996-02-01,1.82,0.0,0.022471910112359605,0.21333333333333337,0.10303030303030303,-0.16129032258064513
1996-03-01,1.76,-0.03296703296703296,-0.03296703296703296,0.1428571428571428,0.13548387096774195,-0.18894009216589858
1996-04-01,1.68,-0.045454545454545525,-0.07692307692307698,0.07006369426751591,0.16666666666666674,-0.22580645161290325
1996-05-01,1.56,-0.0714285714285714,-0.11363636363636365,-0.09826589595375723,0.006451612903225712,-0.26066350710900466
1996-06-01,1.49,-0.044871794871794934,-0.11309523809523803,-0.15340909090909094,-0.00666666666666671,-0.2971698113207547
1996-07-01,1.48,-0.006711409395973145,-0.05128205128205132,-0.12941176470588234,-0.013333333333333308,-0.22916666666666663
1996-08-01,1.54,0.04054054054054057,0.033557046979865834,-0.10982658959537572,0.013157894736842035,-0.2222222222222222
1996-09-01,1.52,-0.012987012987012991,0.027027027027026973,-0.11111111111111105,0.041095890410958846,-0.23232323232323226
1996-10-01,1.54,0.013157894736842035,0.0,-0.12,0.13235294117647056,-0.2061855670103092
1996-11-01,1.59,0.032467532467532534,0.046052631578947345,-0.10674157303370779,0.2325581395348837,-0.1718749999999999
1996-12-01,1.59,0.0,0.032467532467532534,-0.12637362637362637,0.22307692307692317,-0.16315789473684206
1997-01-01,1.51,-0.05031446540880502,-0.05031446540880502,-0.1703296703296704,0.09420289855072483,-0.15642458100558665
1997-02-01,1.52,0.0066225165562914245,-0.04402515723270439,-0.13636363636363635,0.01333333333333342,-0.07878787878787874
1997-03-01,1.49,-0.019736842105263164,-0.013245033112582738,-0.11309523809523803,-0.032467532467532534,-0.03870967741935483
1997-04-01,1.45,-0.02684563758389269,-0.046052631578947456,-0.0705128205128206,-0.07643312101910837,0.00694444444444442
1997-05-01,1.49,0.02758620689655178,0.0,0.0,-0.138728323699422,-0.03870967741935483
1997-06-01,1.53,0.02684563758389258,0.05517241379310356,0.03378378378378377,-0.13068181818181812,0.020000000000000018
1997-07-01,1.53,0.0,0.02684563758389258,-0.006493506493506551,-0.09999999999999998,0.020000000000000018
1997-08-01,1.52,-0.006535947712418277,-0.006535947712418277,0.0,-0.12138728323699421,0.0
1997-09-01,1.49,-0.019736842105263164,-0.02614379084967322,-0.032467532467532534,-0.1286549707602339,0.020547945205479534
1997-10-01,1.54,0.033557046979865834,0.013157894736842035,-0.03144654088050314,-0.12,0.13235294117647056
1997-11-01,1.54,0.0,0.033557046979865834,-0.03144654088050314,-0.1348314606741573,0.193798449612403
1997-12-01,1.51,-0.019480519480519543,-0.019480519480519543,0.0,-0.1703296703296704,0.1615384615384614
1998-01-01,1.65,0.0927152317880795,0.0714285714285714,0.08552631578947367,-0.09340659340659352,0.19565217391304346
1998-02-01,1.68,0.0181818181818183,0.11258278145695355,0.12751677852348986,-0.045454545454545525,0.11999999999999988
1998-03-01,1.67,-0.005952380952380931,0.0121212121212122,0.15172413793103456,-0.005952380952380931,0.08441558441558428
1998-04-01,1.69,0.011976047904191711,0.005952380952380931,0.13422818791946312,0.08333333333333326,0.07643312101910826
1998-05-01,1.65,-0.023668639053254448,-0.0119760479041916,0.07843137254901955,0.10738255033557031,-0.046242774566474076
1998-06-01,1.63,-0.012121212121212088,-0.03550295857988173,0.065359477124183,0.10135135135135132,-0.07386363636363646
1998-07-01,1.69,0.036809815950920255,0.024242424242424176,0.11184210526315774,0.09740259740259738,-0.00588235294117645
1998-08-01,1.8,0.06508875739644981,0.10429447852760743,0.20805369127516782,0.18421052631578938,0.040462427745664886
1998-09-01,2.28,0.2666666666666666,0.34911242603550297,0.48051948051948035,0.48051948051948035,0.33333333333333326
1998-10-01,2.65,0.16228070175438614,0.4722222222222221,0.7207792207792207,0.6666666666666665,0.5142857142857142
1998-11-01,2.51,-0.05283018867924538,0.10087719298245612,0.6622516556291389,0.5786163522012577,0.4101123595505616
1998-12-01,2.58,0.02788844621513964,-0.026415094339622636,0.5636363636363637,0.7086092715231789,0.41758241758241765
1999-01-01,2.57,-0.00387596899224818,0.0239043824701195,0.5297619047619047,0.6907894736842104,0.41208791208791196
1999-02-01,2.39,-0.07003891050583644,-0.0736434108527132,0.43113772455089827,0.6040268456375839,0.3579545454545454
1999-03-01,2.3,-0.03765690376569053,-0.10505836575875482,0.36094674556213,0.586206896551724,0.36904761904761907
1999-04-01,2.3,0.0,-0.03765690376569053,0.3939393939393938,0.5436241610738255,0.47435897435897423
1999-05-01,2.18,-0.05217391304347807,-0.05217391304347807,0.33742331288343586,0.4248366013071896,0.46308724832214776
1999-06-01,2.12,-0.02752293577981657,-0.07826086956521727,0.2544378698224854,0.3856209150326797,0.43243243243243246
1999-07-01,2.16,0.018867924528301883,-0.00917431192660556,0.19999999999999996,0.42105263157894735,0.4025974025974026
1999-08-01,2.21,0.02314814814814814,0.04245283018867907,-0.030701754385964897,0.4832214765100671,0.45394736842105265
1999-09-01,2.28,0.03167420814479627,0.05555555555555536,-0.13962264150943404,0.48051948051948035,0.48051948051948035
1999-10-01,2.27,-0.004385964912280604,0.02714932126696845,-0.095617529880478,0.474025974025974,0.4276729559748427
1999-11-01,2.12,-0.06607929515418498,-0.07017543859649111,-0.17829457364341084,0.4039735099337749,0.33333333333333326
1999-12-01,1.91,-0.09905660377358494,-0.15859030837004406,-0.25680933852140075,0.15757575757575748,0.26490066225165565
2000-01-01,1.67,-0.12565445026178013,-0.21226415094339635,-0.30125523012552313,-0.005952380952380931,0.09868421052631571
2000-02-01,1.77,0.05988023952095811,-0.0732984293193717,-0.23043478260869554,0.05988023952095811,0.18791946308724827
2000-03-01,2.11,0.192090395480226,0.26347305389221565,-0.08260869565217388,0.24852071005917153,0.45517241379310347
2000-04-01,2.41,0.14218009478673,0.3615819209039548,0.10550458715596323,0.4606060606060607,0.6174496644295302
2000-05-01,2.46,0.020746887966804906,0.16587677725118488,0.1603773584905659,0.5092024539877302,0.6078431372549018
2000-06-01,2.38,-0.0325203252032521,-0.012448132780083054,0.10185185185185164,0.40828402366863914,0.5555555555555554
2000-07-01,2.3,-0.03361344537815125,-0.06504065040650409,0.040723981900452344,0.2777777777777777,0.513157894736842
2000-08-01,2.43,0.0565217391304349,0.021008403361344685,0.06578947368421062,0.06578947368421062,0.6308724832214767
2000-09-01,2.55,0.04938271604938249,0.10869565217391308,0.12334801762114522,-0.037735849056603765,0.6558441558441557
2000-10-01,2.6,0.019607843137255054,0.06995884773662553,0.2264150943396226,0.03585657370517947,0.6883116883116884
2000-11-01,2.56,-0.015384615384615441,0.0039215686274509665,0.34031413612565453,-0.007751937984496138,0.695364238410596
2000-12-01,2.78,0.0859375,0.0692307692307692,0.6646706586826348,0.08171206225680927,0.6848484848484848
2001-01-01,2.77,-0.003597122302158251,0.08203125,0.5649717514124293,0.15899581589958145,0.648809523809524
2001-02-01,2.77,0.0,-0.003597122302158251,0.3127962085308058,0.20434782608695667,0.658682634730539
2001-03-01,2.95,0.06498194945848379,0.06498194945848379,0.22406639004149387,0.28260869565217406,0.745562130177515
2001-04-01,2.93,-0.006779661016949157,0.057761732851985714,0.1910569105691058,0.34403669724770647,0.7757575757575759
2001-05-01,2.68,-0.08532423208191131,-0.09152542372881356,0.12605042016806745,0.26415094339622636,0.6441717791411046
2001-06-01,2.69,0.003731343283581934,-0.08191126279863492,0.16956521739130448,0.24537037037037024,0.5917159763313609
2001-07-01,2.73,0.014869888475836479,0.018656716417910335,0.12345679012345667,0.23529411764705888,0.5166666666666666
2001-08-01,2.88,0.05494505494505497,0.07063197026022294,0.12941176470588234,0.26315789473684226,0.26315789473684226
2001-09-01,3.3,0.14583333333333326,0.20879120879120872,0.26923076923076916,0.45374449339207046,0.24528301886792447
2001-10-01,3.34,0.0121212121212122,0.15972222222222232,0.3046875,0.5754716981132073,0.33067729083665354
2001-11-01,3.16,-0.053892215568862145,-0.042424242424242364,0.13669064748201443,0.6544502617801049,0.22480620155038755
2001-12-01,2.96,-0.06329113924050633,-0.11377245508982037,0.06859205776173294,0.7724550898203593,0.15175097276264604
2002-01-01,2.83,-0.04391891891891886,-0.10443037974683544,0.02166064981949467,0.5988700564971752,0.18410041841004188
2002-02-01,2.98,0.053003533568904526,0.006756756756756799,0.010169491525423568,0.41232227488151674,0.29565217391304355
2002-03-01,2.83,-0.05033557046979864,0.0,-0.03412969283276457,0.17427385892116187,0.23043478260869588
2002-04-01,2.82,-0.0035335689045937757,-0.05369127516778527,0.05223880597014907,0.14634146341463405,0.29357798165137594
2002-05-01,2.93,0.03900709219858167,0.035335689045936425,0.08921933085501865,0.23109243697478998,0.3820754716981132
2002-06-01,3.02,0.030716723549488067,0.07092198581560294,0.1062271062271063,0.31304347826086976,0.39814814814814814
2002-07-01,3.25,0.07615894039735105,0.10921501706484626,0.12847222222222232,0.3374485596707819,0.47058823529411775
2002-08-01,3.32,0.021538461538461506,0.0993377483443707,0.0060606060606061,0.3019607843137255,0.45614035087719307
2002-09-01,3.53,0.06325301204819267,0.08615384615384603,0.05688622754491024,0.35769230769230753,0.5550660792951541
2002-10-01,3.79,0.07365439093484416,0.14156626506024095,0.1993670886075949,0.48046875,0.7877358490566038
2002-11-01,3.57,-0.05804749340369397,0.011331444759206777,0.20608108108108114,0.2841726618705036,0.869109947643979
2002-12-01,3.42,-0.04201680672268904,-0.09762532981530347,0.20848056537102466,0.23465703971119134,1.0479041916167664
2003-01-01,3.3,-0.03508771929824561,-0.07563025210084029,0.10738255033557031,0.191335740072202,0.8644067796610169
2003-02-01,3.16,-0.042424242424242364,-0.07602339181286544,0.11660777385159005,0.07118644067796609,0.49763033175355464
2003-03-01,3.14,-0.006329113924050667,-0.04848484848484835,0.1134751773049647,0.07167235494880542,0.30290456431535273
2003-04-01,2.89,-0.07961783439490444,-0.08544303797468356,-0.013651877133105783,0.07835820895522394,0.17479674796747968
2003-05-01,2.81,-0.02768166089965396,-0.10509554140127386,-0.06953642384105962,0.04460966542750944,0.18067226890756305
2003-06-01,2.86,0.017793594306049654,-0.01038062283737029,-0.12,0.04761904761904767,0.24347826086956537
2003-07-01,2.64,-0.07692307692307687,-0.06049822064056942,-0.20481927710843362,-0.08333333333333326,0.08641975308641969
2003-08-01,2.56,-0.030303030303030276,-0.10489510489510478,-0.27478753541076484,-0.22424242424242413,0.0039215686274509665
2003-09-01,2.52,-0.015625,-0.045454545454545525,-0.3350923482849604,-0.24550898203592808,-0.03076923076923077
2003-10-01,2.44,-0.031746031746031744,-0.046875,-0.3165266106442577,-0.2278481012658229,-0.046875
2003-11-01,2.36,-0.032786885245901676,-0.0634920634920636,-0.3099415204678363,-0.20270270270270274,-0.15107913669064743
2003-12-01,2.33,-0.012711864406779627,-0.04508196721311475,-0.29393939393939383,-0.176678445229682,-0.15884476534296021
2004-01-01,2.29,-0.01716738197424894,-0.029661016949152463,-0.27531645569620256,-0.23154362416107377,-0.1732851985559567
2004-02-01,2.19,-0.04366812227074235,-0.06008583690987135,-0.302547770700637,-0.22614840989399299,-0.25762711864406784
2004-03-01,2.28,0.041095890410958846,-0.004366812227074357,-0.21107266435986172,-0.19148936170212771,-0.22184300341296936
2004-04-01,2.11,-0.07456140350877194,-0.0365296803652968,-0.2491103202846976,-0.279863481228669,-0.21268656716417922
2004-05-01,2.03,-0.03791469194312802,-0.10964912280701755,-0.2902097902097902,-0.32781456953642396,-0.24535315985130113
2004-06-01,2.05,0.009852216748768461,-0.028436018957346043,-0.22348484848484862,-0.36923076923076925,-0.2490842490842492
2004-07-01,2.12,0.034146341463414887,0.044334975369458185,-0.171875,-0.36144578313253006,-0.26388888888888884
2004-08-01,2.18,0.028301886792452935,0.06341463414634174,-0.13492063492063489,-0.38243626062322933,-0.33939393939393936
2004-09-01,2.14,-0.01834862385321101,0.009433962264151052,-0.12295081967213106,-0.4353562005277044,-0.35928143712574845
2004-10-01,2.11,-0.014018691588785215,-0.03211009174311941,-0.10593220338983056,-0.40896358543417366,-0.33227848101265833
2004-11-01,2.01,-0.04739336492891,-0.06074766355140204,-0.13733905579399153,-0.412280701754386,-0.32094594594594605
2004-12-01,1.92,-0.04477611940298498,-0.09004739336492884,-0.16157205240174677,-0.4181818181818182,-0.32155477031802127
2005-01-01,1.8,-0.06249999999999989,-0.10447761194029836,-0.17808219178082185,-0.430379746835443,-0.3959731543624161
2005-02-01,1.65,-0.08333333333333337,-0.140625,-0.2763157894736842,-0.4745222929936306,-0.41696113074204955
2005-03-01,1.56,-0.05454545454545445,-0.1333333333333333,-0.26066350710900466,-0.46020761245674746,-0.44680851063829785
2005-04-01,1.71,0.09615384615384603,0.036363636363636376,-0.15763546798029549,-0.39145907473309616,-0.41638225255972705
2005-05-01,1.87,0.0935672514619883,0.19871794871794868,-0.08780487804878034,-0.34615384615384603,-0.3807947019867549
2005-06-01,1.86,-0.005347593582887722,0.08771929824561409,-0.12264150943396224,-0.2954545454545454,-0.4276923076923077
2005-07-01,1.77,-0.048387096774193616,-0.053475935828877,-0.18807339449541294,-0.30859375,-0.466867469879518
2005-08-01,1.7,-0.039548022598870136,-0.08602150537634412,-0.20560747663551404,-0.32539682539682546,-0.518413597733711
2005-09-01,1.83,0.07647058823529429,0.033898305084745894,-0.1327014218009478,-0.25,-0.5171503957783641
2005-10-01,1.84,0.005464480874316946,0.08235294117647074,-0.08457711442786053,-0.22033898305084743,-0.48459383753501395
2005-11-01,1.85,0.005434782608695565,0.010928961748633892,-0.03645833333333326,-0.20600858369098707,-0.45906432748538006
2005-12-01,1.85,0.0,0.005434782608695565,0.0277777777777779,-0.19213973799126638,-0.43939393939393934
2006-01-01,1.82,-0.016216216216216273,-0.016216216216216273,0.10303030303030303,-0.16894977168949765,-0.42405063291139244
2006-02-01,1.7,-0.06593406593406603,-0.08108108108108114,0.08974358974358965,-0.2543859649122806,-0.4585987261146497
2006-03-01,1.69,-0.00588235294117645,-0.07142857142857151,-0.011695906432748537,-0.19905213270142175,-0.4152249134948097
2006-04-01,1.69,0.0,-0.00588235294117645,-0.09625668449197866,-0.16748768472906395,-0.39857651245551606
2006-05-01,1.64,-0.029585798816568087,-0.029585798816568087,-0.11827956989247324,-0.19999999999999996,-0.42657342657342656
2006-06-01,1.67,0.018292682926829285,-0.01183431952662728,-0.05649717514124297,-0.21226415094339635,-0.36742424242424243
2006-07-01,1.67,0.0,0.018292682926829285,-0.01764705882352946,-0.2339449541284404,-0.34765625
2006-08-01,1.71,0.0239520958083832,0.0239520958083832,-0.06557377049180335,-0.20093457943925241,-0.3214285714285714
2006-09-01,1.71,0.0,0.0239520958083832,-0.07065217391304357,-0.18957345971563977,-0.2991803278688525
2006-10-01,1.69,-0.011695906432748537,-0.011695906432748537,-0.0864864864864866,-0.15920398009950243,-0.2838983050847458
2006-11-01,1.6,-0.053254437869822424,-0.0643274853801169,-0.1351351351351351,-0.16666666666666663,-0.3133047210300429
2006-12-01,1.66,0.03749999999999987,-0.017751479289940808,-0.08791208791208793,-0.07777777777777783,-0.27510917030567694
2007-01-01,1.58,-0.04819277108433728,-0.012499999999999956,-0.07058823529411762,-0.042424242424242364,-0.27853881278538806
2007-02-01,1.56,-0.012658227848101222,-0.06024096385542166,-0.07692307692307687,0.0,-0.3157894736842104
2007-03-01,1.71,0.09615384615384603,0.08227848101265822,0.01183431952662728,0.0,-0.18957345971563977
2007-04-01,1.7,-0.005847953216374324,0.08974358974358965,0.03658536585365857,-0.09090909090909094,-0.16256157635467972
2007-05-01,1.64,-0.03529411764705881,-0.040935672514619936,-0.017964071856287456,-0.11827956989247324,-0.19999999999999996
2007-06-01,1.6,-0.024390243902438935,-0.05882352941176461,-0.041916167664670545,-0.096045197740113,-0.24528301886792447
2007-07-01,1.65,0.031249999999999778,0.0060975609756097615,-0.03508771929824561,-0.02941176470588236,-0.24311926605504597
2007-08-01,1.98,0.19999999999999996,0.23749999999999982,0.1578947368421053,0.08196721311475397,-0.07476635514018692
2007-09-01,2.07,0.045454545454545414,0.2545454545454544,0.2248520710059172,0.12499999999999978,-0.018957345971563955
2007-10-01,1.95,-0.05797101449275355,-0.015151515151515138,0.21875,0.054054054054053946,-0.02985074626865658
2007-11-01,2.25,0.15384615384615397,0.0869565217391306,0.35542168674698793,0.21621621621621623,0.171875
2007-12-01,2.55,0.1333333333333333,0.3076923076923077,0.6139240506329111,0.401098901098901,0.4166666666666665
2008-01-01,2.8,0.0980392156862746,0.24444444444444446,0.7948717948717947,0.6470588235294117,0.696969696969697
2008-02-01,3.08,0.10000000000000009,0.2078431372549021,0.801169590643275,0.8224852071005919,0.9743589743589742
2008-03-01,3.38,0.09740259740259738,0.20714285714285707,0.9882352941176471,1.0,0.9766081871345029
2008-04-01,3.29,-0.026627218934911157,0.06818181818181812,1.00609756097561,1.00609756097561,0.7593582887700534
2008-05-01,3.05,-0.07294832826747721,-0.09763313609467461,0.9062499999999998,0.8263473053892216,0.639784946236559
2008-06-01,2.97,-0.026229508196721207,-0.09726443768996951,0.8000000000000003,0.7784431137724552,0.6779661016949154
2008-07-01,3.15,0.06060606060606055,0.032786885245901676,0.5909090909090908,0.8421052631578947,0.8529411764705883
2008-08-01,3.26,0.0349206349206348,0.09764309764309753,0.5748792270531402,0.9064327485380117,0.7814207650273222
2008-09-01,3.62,0.11042944785276076,0.14920634920634934,0.8564102564102565,1.142011834319527,0.9673913043478262
2008-10-01,5.07,0.40055248618784534,0.5552147239263805,1.2533333333333334,2.16875,1.7405405405405405
2008-11-01,5.68,0.12031558185404334,0.5690607734806628,1.227450980392157,2.4216867469879517,2.07027027027027
2008-12-01,6.01,0.05809859154929575,0.18540433925049293,1.1464285714285714,2.8037974683544302,2.302197802197802
2009-01-01,5.62,-0.06489184692179695,-0.010563380281690127,0.8246753246753247,2.6025641025641026,2.3058823529411767
2009-02-01,5.21,-0.07295373665480431,-0.13311148086522462,0.5414201183431953,2.046783625730994,2.0828402366863905
2009-03-01,5.6,0.07485604606525897,-0.003558718861210064,0.7021276595744679,2.2941176470588234,2.3136094674556213
2009-04-01,5.46,-0.02499999999999991,0.04798464491362764,0.7901639344262297,2.329268292682927,2.329268292682927
2009-05-01,4.77,-0.12637362637362648,-0.14821428571428574,0.6060606060606057,1.9812499999999997,1.8562874251497004
2009-06-01,3.78,-0.2075471698113207,-0.3076923076923077,0.19999999999999996,1.290909090909091,1.2634730538922154
2009-07-01,3.53,-0.06613756613756616,-0.259958071278826,0.08282208588957052,0.7828282828282827,1.064327485380117
2009-08-01,2.99,-0.1529745042492917,-0.20899470899470884,-0.17403314917127066,0.44444444444444464,0.7485380116959066
2009-09-01,2.91,-0.026755852842809347,-0.17563739376770526,-0.42603550295857984,0.49230769230769234,0.7218934911242605
2009-10-01,2.9,-0.003436426116838587,-0.030100334448160626,-0.4894366197183099,0.28888888888888875,0.8124999999999998
2009-11-01,2.92,0.006896551724137945,0.0034364261168384758,-0.5141430948419301,0.14509803921568643,0.7590361445783134
2009-12-01,2.78,-0.047945205479452135,-0.04137931034482767,-0.505338078291815,-0.0071428571428571175,0.7594936708860758
2010-01-01,2.52,-0.09352517985611508,-0.136986301369863,-0.5163147792706334,-0.18181818181818188,0.6153846153846154
2010-02-01,2.65,0.051587301587301626,-0.046762589928057485,-0.5267857142857142,-0.21597633136094674,0.5497076023391814
2010-03-01,2.54,-0.04150943396226414,0.007936507936507908,-0.5347985347985348,-0.2279635258358662,0.49411764705882355
2010-04-01,2.4,-0.055118110236220486,-0.09433962264150941,-0.4968553459119497,-0.21311475409836067,0.46341463414634143
2010-05-01,2.63,0.09583333333333344,0.03543307086614167,-0.3042328042328042,-0.11447811447811462,0.6437499999999998
2010-06-01,3.03,0.15209125475285168,0.26249999999999996,-0.14164305949008504,-0.03809523809523818,0.8363636363636364
2010-07-01,3.0,-0.009900990099009799,0.14068441064638781,0.0033444816053511683,-0.07975460122699385,0.5151515151515151
2010-08-01,2.96,-0.013333333333333308,-0.02310231023102305,0.01718213058419238,-0.18232044198895025,0.42995169082125617
2010-09-01,3.01,0.016891891891891886,0.0033333333333331883,0.037931034482758585,-0.4063116370808679,0.5435897435897434
2010-10-01,3.18,0.056478405315614655,0.07432432432432434,0.08904109589041109,-0.4401408450704225,0.41333333333333333
2010-11-01,3.16,-0.0062893081761006275,0.049833887043189584,0.13669064748201443,-0.47420965058236264,0.23921568627450984
2010-12-01,2.81,-0.11075949367088611,-0.11635220125786161,0.11507936507936511,-0.5,0.0035714285714285587
2011-01-01,2.7,-0.039145907473309594,-0.14556962025316456,0.018867924528301883,-0.48176583493282144,-0.12337662337662336
2011-02-01,2.57,-0.04814814814814827,-0.0854092526690392,0.011811023622047223,-0.5410714285714286,-0.23964497041420119
2011-03-01,2.62,0.01945525291828809,-0.029629629629629672,0.09166666666666679,-0.5201465201465201,-0.2036474164133738
2011-04-01,2.56,-0.022900763358778664,-0.0038910505836574627,-0.026615969581748944,-0.4633123689727463,-0.16065573770491792
2011-05-01,2.61,0.01953125,-0.003816793893129833,-0.13861386138613863,-0.30952380952380953,-0.12121212121212133
2011-06-01,2.75,0.05363984674329503,0.07421875,-0.08333333333333337,-0.22096317280453248,-0.12698412698412698
2011-07-01,2.76,0.0036363636363636598,0.05747126436781613,-0.06756756756756765,-0.0769230769230771,-0.15337423312883436
2011-08-01,3.06,0.10869565217391308,0.11272727272727279,0.01661129568106312,0.05154639175257736,-0.15469613259668513
2011-09-01,3.29,0.07516339869281041,0.19202898550724656,0.03459119496855334,0.1344827586206898,-0.3510848126232742
2011-10-01,3.22,-0.02127659574468077,0.05228758169934644,0.018987341772152,0.10273972602739745,-0.43309859154929575
2011-11-01,3.13,-0.02795031055900632,-0.04863221884498481,0.11387900355871872,0.12589928057553967,-0.47920133111480867
2011-12-01,3.27,0.04472843450479247,0.01552795031055898,0.21111111111111103,0.29761904761904767,-0.41814946619217086
2012-01-01,3.26,-0.003058103975535187,0.04153354632587858,0.2684824902723735,0.23018867924528297,-0.37428023032629565
2012-02-01,3.17,-0.027607361963190136,-0.030581039755351758,0.20992366412213737,0.24803149606299213,-0.43392857142857144
2012-03-01,3.06,-0.034700315457413256,-0.06134969325153361,0.1953125,0.27500000000000013,-0.43956043956043955
2012-04-01,3.14,0.026143790849673332,-0.009463722397476282,0.20306513409961702,0.19391634980988592,-0.34171907756813413
2012-05-01,3.27,0.0414012738853502,0.06862745098039214,0.1890909090909092,0.07920792079207928,-0.13492063492063489
2012-06-01,3.4,0.039755351681957096,0.08280254777070062,0.23188405797101463,0.1333333333333333,-0.03682719546742208
2012-07-01,3.34,-0.01764705882352946,0.021406727828746197,0.0915032679738561,0.1283783783783783,0.11705685618729089
2012-08-01,3.23,-0.03293413173652693,-0.04999999999999993,-0.01823708206686936,0.07308970099667778,0.10996563573883145
2012-09-01,3.12,-0.034055727554179516,-0.06586826347305386,-0.03105590062111807,-0.018867924528301883,0.07586206896551739
2012-10-01,2.83,-0.09294871794871795,-0.12383900928792568,-0.09584664536741205,-0.10443037974683544,-0.03082191780821908
2012-11-01,2.86,0.010600706713780772,-0.08333333333333337,-0.12538226299694188,0.017793594306049654,0.02877697841726623
2012-12-01,2.91,0.0174825174825175,0.028268551236749095,-0.10736196319018398,0.07777777777777772,0.15476190476190488
2013-01-01,2.82,-0.030927835051546504,-0.013986013986013957,-0.11041009463722395,0.09727626459143979,0.0641509433962264
2013-02-01,2.87,0.0177304964539009,-0.013745704467354014,-0.06209150326797386,0.09541984732824438,0.12992125984251968
2013-03-01,2.89,0.006968641114982521,0.024822695035461084,-0.07961783439490444,0.12890625,0.20416666666666683
2013-04-01,2.83,-0.02076124567474047,-0.013937282229965153,-0.13455657492354733,0.08429118773946365,0.07604562737642584
2013-05-01,2.8,-0.010600706713780994,-0.03114186851211087,-0.17647058823529416,0.018181818181818077,-0.07590759075907594
2013-06-01,2.89,0.03214285714285725,0.021201413427561766,-0.13473053892215558,0.04710144927536253,-0.036666666666666625
2013-07-01,2.74,-0.05190311418685123,-0.02142857142857124,-0.15170278637770895,-0.10457516339869277,-0.07432432432432423
2013-08-01,2.68,-0.021897810218978075,-0.0726643598615917,-0.14102564102564097,-0.18541033434650456,-0.10963455149501644
2013-09-01,2.66,-0.007462686567164201,-0.02919708029197088,-0.060070671378091856,-0.17391304347826086,-0.16352201257861632
2013-10-01,2.69,0.011278195488721776,0.003731343283581934,-0.05944055944055937,-0.1405750798722044,-0.1487341772151899
2013-11-01,2.66,-0.011152416356877248,0.0,-0.08591065292096223,-0.18654434250764518,-0.053380782918149405
2013-12-01,2.48,-0.06766917293233088,-0.0780669144981413,-0.12056737588652477,-0.23926380368098155,-0.0814814814814816
2014-01-01,2.33,-0.06048387096774188,-0.12406015037593987,-0.18815331010452963,-0.26498422712933745,-0.09338521400778199
2014-02-01,2.39,0.025751072961373467,-0.03629032258064513,-0.17301038062283736,-0.21895424836601307,-0.08778625954198471
2014-03-01,2.34,-0.02092050209205032,0.0042918454935620964,-0.17314487632508846,-0.2547770700636943,-0.08593750000000011
2014-04-01,2.19,-0.0641025641025641,-0.08368200836820094,-0.21785714285714286,-0.3302752293577982,-0.16091954022988508
2014-05-01,2.2,0.004566210045662267,-0.05982905982905973,-0.23875432525951557,-0.3529411764705882,-0.19999999999999996
2014-06-01,2.2,0.0,0.004566210045662267,-0.1970802919708029,-0.341317365269461,-0.20289855072463758
2014-07-01,2.19,-0.00454545454545463,-0.00454545454545463,-0.18283582089552242,-0.32198142414860687,-0.28431372549019607
2014-08-01,2.27,0.0365296803652968,0.031818181818181746,-0.14661654135338353,-0.27243589743589747,-0.3100303951367781
2014-09-01,2.27,0.0,0.0365296803652968,-0.15613382899628248,-0.19787985865724378,-0.2950310559006212
2014-10-01,2.39,0.052863436123347984,0.052863436123347984,-0.10150375939849621,-0.16433566433566427,-0.23642172523961658
2014-11-01,2.46,0.029288702928870203,0.08370044052863435,-0.008064516129032251,-0.15463917525773196,-0.2477064220183487
2014-12-01,2.53,0.028455284552845406,0.058577405857740406,0.0858369098712446,-0.1028368794326241,-0.2239263803680982
2015-01-01,2.57,0.015810276679841806,0.04471544715447151,0.07531380753138062,-0.10452961672473882,-0.18927444794952686
2015-02-01,2.53,-0.015564202334630406,0.0,0.08119658119658113,-0.12456747404844304,-0.17320261437908502
2015-03-01,2.5,-0.011857707509881354,-0.027237354085603016,0.14155251141552516,-0.11660777385159016,-0.20382165605095548
2015-04-01,2.54,0.016000000000000014,0.0039525691699606735,0.15454545454545454,-0.09285714285714275,-0.2232415902140673
2015-05-01,2.69,0.059055118110236116,0.07600000000000007,0.22272727272727266,-0.06920415224913501,-0.20882352941176474
2015-06-01,2.77,0.029739776951672958,0.09055118110236227,0.2648401826484019,0.010948905109488871,-0.1706586826347305
2015-07-01,2.88,0.03971119133573997,0.07063197026022294,0.2687224669603523,0.07462686567164178,-0.10835913312693501
2015-08-01,3.02,0.04861111111111116,0.09025270758122739,0.330396475770925,0.13533834586466154,-0.03205128205128205
2015-09-01,3.17,0.04966887417218535,0.10069444444444442,0.3263598326359831,0.17843866171003708,0.12014134275618371
2015-10-01,3.27,0.03154574132492116,0.08278145695364247,0.3292682926829269,0.2293233082706767,0.14335664335664333
2015-11-01,3.2,-0.021406727828746086,0.009463722397476504,0.264822134387352,0.2903225806451615,0.09965635738831624
2015-12-01,3.22,0.006250000000000089,-0.015290519877675823,0.2529182879377434,0.3819742489270386,0.14184397163120588
2016-01-01,3.36,0.04347826086956519,0.04999999999999982,0.32806324110671947,0.40585774058577395,0.1707317073170731
2016-02-01,3.56,0.059523809523809534,0.10559006211180111,0.42399999999999993,0.5213675213675215,0.23183391003460208
2016-03-01,3.24,-0.0898876404494382,-0.03571428571428559,0.27559055118110254,0.4794520547945207,0.14487632508833936
2016-04-01,2.98,-0.08024691358024694,-0.1629213483146068,0.10780669144981414,0.3545454545454545,0.06428571428571428
2016-05-01,2.87,-0.03691275167785235,-0.1141975308641976,0.036101083032491044,0.30454545454545445,-0.00692041522491349
2016-06-01,2.89,0.006968641114982521,-0.030201342281879096,0.003472222222222321,0.3196347031963471,0.054744525547445244
2016-07-01,2.72,-0.05882352941176472,-0.05226480836236935,-0.09933774834437081,0.19823788546255505,0.014925373134328401
2016-08-01,2.68,-0.014705882352941235,-0.0726643598615917,-0.1545741324921135,0.1806167400881058,0.007518796992481258
2016-09-01,2.68,0.0,-0.014705882352941235,-0.18042813455657492,0.12133891213389125,-0.0037174721189590088
2016-10-01,2.62,-0.022388059701492602,-0.022388059701492602,-0.18125000000000002,0.0650406504065042,-0.015037593984962405
2016-11-01,2.57,-0.019083969465648942,-0.04104477611940305,-0.20186335403726718,0.015810276679841806,0.03629032258064502
2016-12-01,2.34,-0.08949416342412453,-0.10687022900763365,-0.3035714285714286,-0.08949416342412453,0.0042918454935620964
2017-01-01,2.23,-0.04700854700854695,-0.13229571984435795,-0.3735955056179775,-0.11857707509881421,-0.06694560669456073
2017-02-01,2.22,-0.004484304932735328,-0.0512820512820511,-0.31481481481481477,-0.11199999999999988,-0.0512820512820511
2017-03-01,2.2,-0.009009009009009028,-0.013452914798206206,-0.261744966442953,-0.13385826771653542,0.004566210045662267
2017-04-01,2.27,0.031818181818181746,0.022522522522522515,-0.2090592334494774,-0.15613382899628248,0.031818181818181746
2017-05-01,2.25,-0.008810572687224627,0.022727272727272707,-0.2214532871972319,-0.18772563176895307,0.022727272727272707
2017-06-01,2.18,-0.03111111111111109,-0.03964757709251099,-0.19852941176470584,-0.24305555555555547,-0.004566210045662045
2017-07-01,2.07,-0.05045871559633042,-0.08000000000000007,-0.22761194029850762,-0.3145695364238411,-0.08810572687224683
2017-08-01,2.1,0.01449275362318847,-0.03669724770642202,-0.21641791044776115,-0.33753943217665616,-0.07488986784140961
2017-09-01,2.1,0.0,0.01449275362318847,-0.1984732824427481,-0.35779816513761464,-0.12133891213389125
2017-10-01,1.96,-0.06666666666666676,-0.06666666666666676,-0.23735408560311277,-0.38750000000000007,-0.2032520325203252
2017-11-01,1.92,-0.020408163265306145,-0.08571428571428574,-0.17948717948717952,-0.40372670807453426,-0.24110671936758887
2017-12-01,1.82,-0.05208333333333326,-0.0714285714285714,-0.18385650224215244,-0.45833333333333326,-0.29182879377431903
2018-01-01,1.68,-0.07692307692307698,-0.125,-0.2432432432432433,-0.5280898876404494,-0.33596837944664026
2018-02-01,1.65,-0.017857142857142905,-0.09340659340659352,-0.2500000000000001,-0.4907407407407408,-0.3400000000000001
2018-03-01,1.8,0.09090909090909105,0.0714285714285714,-0.20704845814977968,-0.3959731543624161,-0.2913385826771654
2018-04-01,1.8,0.0,0.09090909090909105,-0.19999999999999996,-0.372822299651568,-0.33085501858736055
2018-05-01,1.85,0.0277777777777779,0.0277777777777779,-0.1513761467889908,-0.3598615916955017,-0.3321299638989169
2018-06-01,1.92,0.03783783783783767,0.06666666666666665,-0.07246376811594202,-0.2941176470588236,-0.33333333333333337
2018-07-01,1.9,-0.01041666666666663,0.027027027027026973,-0.09523809523809534,-0.29104477611940305,-0.3708609271523179
2018-08-01,1.88,-0.010526315789473717,-0.02083333333333337,-0.10476190476190483,-0.29850746268656725,-0.4069400630914827
2018-09-01,1.88,0.0,-0.010526315789473717,-0.04081632653061229,-0.2824427480916031,-0.4250764525993884
2018-10-01,1.92,0.02127659574468077,0.02127659574468077,0.0,-0.2529182879377432,-0.4
2018-11-01,2.1,0.09375,0.1170212765957448,0.15384615384615397,-0.10256410256410242,-0.34782608695652173
2018-12-01,2.3,0.09523809523809512,0.19791666666666652,0.36904761904761907,0.03139013452914785,-0.31547619047619047
