DATE,ASPUS_M,H_RATIO_M,HSN1F_M,PERMIT_M,STOCK_MKT_M,BAA10YM,US10Y_M,RPCE_M,LRUN_UEMP,GDP_M
1962-01-01,19300,4.7,591,1122,-1.194624191,1,4.08,4.3,6.536095784,7.3
1962-02-01,19300,4.7,591,1194,-4.306071877,1.03,4.04,4.53,6.202646759,6.1
1962-03-01,19300,4.7,591,1134,-7.417519564,1.11,3.93,4.77,5.869197735,4.9
1962-04-01,19300,4.7,591,1235,-10.52896725,1.18,3.84,5,5.53574871,3.7
1962-05-01,19300,4.7,591,1142,-9.215257446,1.13,3.87,4.4,5.437347585,4.133333333
1962-06-01,19300,4.7,591,1154,-7.901547642,1.11,3.91,3.8,5.338946461,4.566666667
1962-07-01,19300,4.7,591,1189,-6.587837838,1.04,4.01,3.2,5.240545336,5
1962-08-01,19300,4.7,591,1200,-2.945237281,1.08,3.98,4.07,5.184514222,3.766666667
1962-09-01,19300,4.7,591,1223,0.697363277,1.05,3.98,4.93,5.128483109,2.533333333
1962-10-01,19300,4.7,591,1181,4.339963834,1.06,3.93,5.8,5.072451995,1.3
1962-11-01,19300,4.7,591,1236,5.897353128,1.04,3.92,4.8,5.605117672,2.333333333
1962-12-01,19300,4.7,591,1236,7.454742422,1.06,3.86,3.8,6.137783349,3.366666667
1963-01-01,19300,4.7,591,1248,9.012131716,1.08,3.83,2.8,6.670449026,4.4
1963-02-01,19333.33333,6.6,464,1212,8.004201571,0.97,3.92,3.13,6.395027556,4.466666667
1963-03-01,19366.66667,6.4,461,1258,6.996271427,0.95,3.93,3.47,6.119606086,4.533333333
1963-04-01,19400,5.3,605,1288,5.988341282,0.9,3.97,3.8,5.844184616,4.6
1963-05-01,19333.33333,5.1,586,1350,4.092227521,0.92,3.93,4.37,5.659712552,6.1
1963-06-01,19266.66667,6,526,1345,2.196113761,0.85,3.99,4.93,5.475240488,7.6
1963-07-01,19200,4.6,665,1321,0.3,0.82,4.02,5.5,5.290768424,9.1
1963-08-01,19333.33333,5.6,570,1310,1.69551346,0.83,4,4.8,5.244212418,6.933333333
1963-09-01,19466.66667,5.4,590,1413,3.091026919,0.76,4.08,4.1,5.197656411,4.766666667
1963-10-01,19600,5.9,567,1414,4.486540379,0.72,4.11,3.4,5.151100405,2.6
1963-11-01,19600,5.5,579,1357,4.963037097,0.72,4.12,4.97,5.50854373,4.633333333
1963-12-01,19600,6.1,514,1423,5.439533816,0.72,4.13,6.53,5.865987055,6.666666667
1964-01-01,19600,5.8,549,1296,5.916030534,0.66,4.17,8.1,6.22343038,8.7
1964-02-01,19800,5.5,609,1442,5.055131467,0.68,4.15,7.83,5.951075046,7.266666667
1964-03-01,20000,5.8,562,1313,4.1942324,0.61,4.22,7.57,5.678719711,5.833333333
1964-04-01,20200,6,559,1264,3.333333333,0.62,4.23,7.3,5.406364377,4.4
1964-05-01,20300,6.2,523,1299,3.255917958,0.65,4.2,7.4,5.197236132,5.066666667
1964-06-01,20400,5.7,580,1280,3.178502582,0.68,4.17,7.5,4.988107886,5.733333333
1964-07-01,20500,5.5,575,1304,3.101087207,0.64,4.19,7.6,4.778979641,6.4
1964-08-01,20633.33333,5.4,582,1306,2.943205529,0.63,4.19,5.43,4.711295273,4.666666667
1964-09-01,20766.66667,5.4,590,1265,2.785323852,0.62,4.2,3.27,4.643610906,2.933333333
1964-10-01,20900,5.3,583,1230,2.627442174,0.62,4.19,1.1,4.575926538,1.2
1964-11-01,21100,5.6,548,1254,2.41780852,0.66,4.15,3.8,4.879424197,4.133333333
1964-12-01,21300,5.5,540,1164,2.208174865,0.63,4.18,6.5,5.182921855,7.066666667
1965-01-01,21500,5.6,533,1264,1.998541211,0.61,4.19,9.2,5.486419514,10
1965-02-01,21333.33333,5.5,559,1185,1.601716261,0.57,4.21,7.63,5.271750891,8.366666667
1965-03-01,21166.66667,5.4,556,1211,1.204891312,0.57,4.21,6.07,5.057082269,6.733333333
1965-04-01,21000,5.6,555,1162,0.808066362,0.6,4.2,4.5,4.842413646,5.1
1965-05-01,21200,5.3,544,1207,0.247868885,0.6,4.21,5.33,4.633506745,6.466666667
1965-06-01,21400,4.7,614,1241,-0.312328592,0.64,4.21,6.17,4.424599844,7.833333333
1965-07-01,21600,5.2,554,1237,-0.872526069,0.68,4.2,7,4.215692943,9.2
1965-08-01,21633.33333,4.6,615,1249,1.412495621,0.63,4.25,8.57,4.068893272,9.3
1965-09-01,21666.66667,4.9,587,1227,3.697517311,0.62,4.29,10.13,3.9220936,9.4
1965-10-01,21700,5,555,1279,5.982539001,0.58,4.35,11.7,3.775293929,9.5
1965-11-01,22033.33333,4.6,616,1306,4.23193341,0.5,4.45,9.8,3.936464334,9.7
1965-12-01,22366.66667,4.4,609,1315,2.481327818,0.4,4.62,7.9,4.097634739,9.9
1966-01-01,22700,4.7,599,1325,0.730722227,0.45,4.61,6,4.258805144,10.1
1966-02-01,22866.66667,4.9,541,1159,-0.881009366,0.29,4.83,4.33,4.188418513,7.2
1966-03-01,23033.33333,5,557,1234,-2.492740959,0.45,4.87,2.67,4.118031881,4.3
1966-04-01,23200,5.1,545,1145,-4.104472552,0.66,4.75,1,4.04764525,1.4
1966-05-01,23133.33333,5.3,499,1078,-5.273900357,0.7,4.78,2.23,3.914368829,2.066666667
1966-06-01,23066.66667,6,434,956,-6.443328163,0.77,4.81,3.47,3.781092409,2.733333333
1966-07-01,23000,5.9,435,932,-7.612755968,0.66,5.02,4.7,3.647815988,3.4
1966-08-01,22933.33333,6.8,377,877,-5.782707525,0.61,5.22,3.7,3.556709794,3.366666667
1966-09-01,22866.66667,7.2,358,774,-3.952659082,0.91,5.18,2.7,3.465603599,3.333333333
1966-10-01,22800,6.3,387,739,-2.122610639,1.09,5.01,1.7,3.374497405,3.3
1966-11-01,23200,6.2,382,736,2.051675184,0.97,5.16,1.9,3.632533622,3.4
1966-12-01,23600,6.3,369,743,6.225961007,1.34,4.84,2.1,3.890569839,3.5
1967-01-01,24000,5.7,416,995,10.40024683,1.39,4.58,2.3,4.148606056,3.6
1967-02-01,24066.66667,5.7,408,907,8.945994111,1.19,4.63,3.4,4.037146384,2.466666667
1967-03-01,24133.33333,5.4,439,955,7.491741392,1.31,4.54,4.5,3.925686711,1.333333333
1967-04-01,24200,4.9,479,1035,6.037488673,1.24,4.59,5.6,3.814227039,0.2
1967-05-01,24100,4.5,503,1076,5.324468549,1.11,4.85,4.43,3.847300926,1.4
1967-06-01,24000,4.6,499,1169,4.611448426,1.13,5.02,3.27,3.880374814,2.6
1967-07-01,23900,4.4,515,1177,3.898428302,1.1,5.16,2.1,3.913448701,3.8
1967-08-01,24066.66667,4.4,504,1229,2.646711267,1.05,5.28,2.23,3.838280756,3.533333333
1967-09-01,24233.33333,4.3,531,1279,1.394994232,1.1,5.3,2.37,3.763112812,3.266666667
1967-10-01,24400,4.1,566,1280,0.143277197,1.04,5.48,2.5,3.687944867,3
1967-11-01,24733.33333,4.6,500,1297,-0.792861899,0.97,5.75,4.97,3.807773633,4.8
1967-12-01,25066.66667,4.7,502,1315,-1.729000995,1.23,5.7,7.43,3.927602398,6.6
1968-01-01,25400,4.7,494,1179,-2.665140091,1.31,5.53,9.9,4.047431164,8.4
1968-02-01,25833.33333,4.1,543,1342,0.685095156,1.24,5.56,8.67,3.885502648,7.9
1968-03-01,26266.66667,4.8,490,1370,4.035330403,1.11,5.74,7.43,3.723574132,7.4
1968-04-01,26700,4.9,501,1286,7.38556565,1.33,5.64,6.2,3.561645616,6.9
1968-05-01,26666.66667,5.5,441,1297,5.63838413,1.16,5.87,6.7,3.587469311,5.633333333
1968-06-01,26633.33333,5.5,441,1300,3.89120261,1.35,5.72,7.2,3.613293005,4.366666667
1968-07-01,26600,5.1,493,1344,2.14402109,1.48,5.5,7.7,3.6391167,3.1
1968-08-01,26733.33333,5,507,1357,3.375742219,1.4,5.42,5.73,3.488054756,2.6
1968-09-01,26866.66667,5.1,501,1464,4.607463347,1.33,5.46,3.77,3.336992813,2.1
1968-10-01,27000,5.2,502,1421,5.839184476,1.26,5.58,1.8,3.185930869,1.6
1968-11-01,27200,5.6,469,1436,2.537545302,1.31,5.7,2.7,3.339992897,3.2
1968-12-01,27400,5.2,511,1389,-0.764093873,1.2,6.03,3.6,3.494054925,4.8
1969-01-01,27600,5.5,480,1459,-4.065733047,1.28,6.04,4.5,3.648116953,6.4
1969-02-01,27766.66667,4.9,524,1495,-2.814782759,1.11,6.19,3.87,3.587709818,4.666666667
1969-03-01,27933.33333,5.7,474,1438,-1.563832472,1.21,6.3,3.23,3.527302684,2.933333333
1969-04-01,28100,6,450,1441,-0.312882184,1.37,6.17,2.6,3.466895549,1.2
1969-05-01,28100,6.1,447,1328,-2.839377202,1.2,6.32,2.4,3.553107164,1.7
1969-06-01,28100,5.8,461,1349,-5.36587222,1.13,6.57,2.2,3.63931878,2.2
1969-07-01,28100,6.3,436,1278,-7.892367238,1.12,6.72,2,3.725530395,2.7
1969-08-01,27766.66667,6.5,422,1317,-5.021172606,1.17,6.69,2.4,3.614155396,1.166666667
1969-09-01,27433.33333,6.9,396,1263,-2.149977974,0.89,7.16,2.8,3.502780396,-0.366666667
1969-10-01,27100,7,401,1216,0.721216658,1.12,7.1,3.2,3.391405397,-1.9
1969-11-01,27066.66667,6.2,441,1191,-1.471459085,1.11,7.14,2.97,3.776032214,-1.466666667
1969-12-01,27033.33333,6.1,452,1155,-3.664134828,1,7.65,2.73,4.160659031,-1.033333333
1970-01-01,27000,5.5,461,1062,-5.856810571,1.07,7.79,2.5,4.545285848,-0.6
1970-02-01,27100,7.2,373,1118,-8.006657861,1.54,7.24,2.27,4.612217729,-0.2
1970-03-01,27200,6.8,389,1132,-10.15650515,1.56,7.07,2.03,4.679149609,0.2
1970-04-01,27300,6,445,1224,-12.30635244,1.31,7.39,1.8,4.74608149,0.6
1970-05-01,26866.66667,5.7,466,1328,-8.692842556,1.07,7.91,2.37,4.920886091,1.633333333
1970-06-01,26433.33333,5.5,485,1322,-5.079332672,1.41,7.84,2.93,5.095690693,2.666666667
1970-07-01,26000,5.4,481,1324,-1.465822788,1.94,7.46,3.5,5.270495294,3.7
1970-08-01,26100,5.1,515,1394,2.231502324,1.91,7.53,1.97,5.337555006,1.066666667
1970-09-01,26200,4.7,564,1426,5.928827435,2,7.39,0.43,5.404614719,-1.566666667
1970-10-01,26300,4.8,545,1564,9.626152547,2,7.33,-1.1,5.471674431,-4.2
1970-11-01,26633.33333,4.6,570,1502,10.84279801,2.54,6.84,1.9,5.832970809,0.966666667
1970-12-01,26966.66667,4.7,582,1767,12.05944348,2.73,6.39,4.9,6.194267188,6.133333333
1971-01-01,27300,4.3,618,1643,13.27608894,2.5,6.24,7.9,6.555563566,11.3
1971-02-01,27733.33333,4.4,618,1588,10.57736451,2.28,6.11,6.5,6.343092206,8.266666667
1971-03-01,28166.66667,4,681,1759,7.878640083,2.76,5.7,5.1,6.130620845,5.233333333
1971-04-01,28600,4.2,662,1745,5.179915655,2.62,5.83,3.7,5.918149485,2.2
1971-05-01,28500,4.6,618,1972,2.587587041,2.23,6.39,3.53,5.970172444,2.566666667
1971-06-01,28400,4.7,646,1903,-0.004741572,2.23,6.52,3.37,6.022195402,2.933333333
1971-07-01,28300,4.1,706,2069,-2.597070186,2.03,6.73,3.2,6.074218361,3.3
1971-08-01,28266.66667,4.7,659,2004,-2.510063802,2.18,6.58,4.4,5.922175012,2.5
1971-09-01,28233.33333,5.2,625,1996,-2.423057418,2.45,6.14,5.6,5.770131662,1.7
1971-10-01,28200,5,647,2026,-2.336051034,2.55,5.93,6.8,5.618088313,0.9
1971-11-01,28466.66667,4.9,710,2079,1.763399512,2.57,5.81,6.33,5.887639434,3.133333333
1971-12-01,28733.33333,5.1,689,2133,5.862850058,2.45,5.93,5.87,6.157190556,5.366666667
1972-01-01,29000,5.2,698,2238,9.962300604,2.28,5.95,5.4,6.426741677,7.6
1972-02-01,29133.33333,5.4,711,2169,7.543849115,2.15,6.08,6.2,6.177483501,8.2
1972-03-01,29266.66667,6.1,640,2105,5.125397626,2.17,6.07,7,5.928225324,8.8
1972-04-01,29400,5.8,684,2139,2.706946137,2.05,6.19,7.8,5.678967148,9.4
1972-05-01,29700,6.1,677,2067,1.801117801,2.1,6.13,7.3,5.671578841,7.533333333
1972-06-01,30000,6.3,687,2183,0.895289464,2.09,6.11,6.8,5.664190533,5.666666667
1972-07-01,30300,6.3,681,2195,-0.010538872,2.12,6.11,6.3,5.656802226,3.8
1972-08-01,30733.33333,6,773,2263,1.270295504,1.98,6.21,7.43,5.435032677,4.833333333
1972-09-01,31166.66667,6.2,767,2393,2.551129879,1.54,6.55,8.57,5.213263127,5.866666667
1972-10-01,31600,5.7,843,2354,3.831964255,1.58,6.48,9.7,4.991493578,6.9
1972-11-01,32000,6.8,735,2234,2.342602728,1.71,6.28,8.97,5.1636244,8.033333333
1972-12-01,32400,6.5,772,2419,0.853241202,1.57,6.36,8.23,5.335755221,9.166666667
1973-01-01,32800,6.5,781,2271,-0.636120325,1.44,6.46,7.5,5.507886043,10.3
1973-02-01,33566.66667,6.8,737,2226,-3.20248925,1.33,6.64,4.93,5.313588761,8.333333333
1973-03-01,34333.33333,7,725,2062,-5.768858174,1.32,6.71,2.37,5.11929148,6.366666667
1973-04-01,35100,7.7,661,1908,-8.335227099,1.42,6.67,-0.2,4.924994198,4.4
1973-05-01,35366.66667,7.5,660,1931,-6.022551767,1.21,6.85,0.33,4.906956197,2.233333333
1973-06-01,35633.33333,7.8,650,2051,-3.709876436,1.23,6.9,0.87,4.888918197,0.066666667
1973-07-01,35900,8.7,601,1819,-1.397201104,1.11,7.13,1.4,4.870880196,-2.1
1973-08-01,36133.33333,9.4,566,1809,-1.705661406,1.13,7.4,0.53,4.747000978,-0.133333333
1973-09-01,36366.66667,9.5,561,1704,-2.014121707,1.54,7.09,-0.33,4.623121759,1.833333333
1973-10-01,36600,9.4,565,1411,-2.322582009,1.62,6.79,-1.2,4.499242541,3.8
1973-11-01,37066.66667,9.6,547,1402,-3.720581125,1.69,6.73,-1.97,4.881994161,1.4
1973-12-01,37533.33333,10.1,519,1288,-5.11858024,1.74,6.74,-2.73,5.264745782,-1
1974-01-01,38000,9.7,523,1331,-6.516579356,1.49,6.99,-3.5,5.647497402,-3.4
1974-02-01,38200,9.6,539,1360,-6.484010886,1.57,6.96,-1.83,5.492145712,-1.933333333
1974-03-01,38400,8.8,572,1440,-6.451442415,1.41,7.21,-0.17,5.336794023,-0.466666667
1974-04-01,38600,9.1,544,1254,-6.418873945,1.36,7.51,1.5,5.181442333,1
1974-05-01,38733.33333,8,590,1138,-10.05048576,1.47,7.58,1.57,5.334998861,-0.566666667
1974-06-01,38866.66667,8.9,534,1086,-13.68209758,1.73,7.54,1.63,5.488555389,-2.133333333
1974-07-01,39000,8.8,534,1002,-17.3137094,1.67,7.81,1.7,5.642111917,-3.7
1974-08-01,39100,9.3,492,917,-14.01344611,1.73,8.04,-0.77,5.840468893,-2.966666667
1974-09-01,39200,9.1,511,840,-10.71318282,2.14,8.04,-3.23,6.038825869,-2.233333333
1974-10-01,39300,9.8,448,824,-7.412919534,2.58,7.9,-5.7,6.237182845,-1.5
1974-11-01,39833.33333,9.7,450,783,-0.282103469,2.92,7.68,-2.67,7.226561452,-2.6
1974-12-01,40366.66667,10.3,417,869,6.848712595,3.2,7.43,0.37,8.21594006,-3.7
1975-01-01,40900,9.9,416,726,13.97952866,3.31,7.5,3.4,9.205318667,-4.8
1975-02-01,41466.66667,10.4,422,729,13.70666034,3.26,7.39,4.5,9.057272586,-2.233333333
1975-03-01,42033.33333,8.9,477,709,13.43379201,2.75,7.73,5.6,8.909226506,0.333333333
1975-04-01,42600,7.2,543,866,13.16092369,2.35,8.23,6.7,8.761180425,2.9
1975-05-01,42466.66667,6.8,579,914,8.381742912,2.63,8.06,6.4,8.649737941,4.266666667
1975-06-01,42333.33333,7.2,557,946,3.602562135,2.76,7.86,6.1,8.538295456,5.633333333
1975-07-01,42200,7,569,1020,-1.176618643,2.49,8.06,5.8,8.426852972,7
1975-08-01,42933.33333,6.8,566,994,-0.530185033,2.19,8.4,5.33,8.235403858,6.5
1975-09-01,43666.66667,7.3,556,1064,0.116248578,2.18,8.43,4.87,8.043954744,6
1975-10-01,44400,6.6,609,1096,0.762682188,2.48,8.14,4.4,7.85250563,5.5
1975-11-01,44933.33333,5.8,680,1110,4.700448325,2.51,8.05,5.67,8.098417165,6.766666667
1975-12-01,45466.66667,5.8,669,1091,8.638214463,2.56,8,6.93,8.344328701,8.033333333
1976-01-01,46000,6.4,603,1195,12.5759806,2.67,7.74,8.2,8.590240236,9.3
1976-02-01,46600,5.9,644,1190,9.080440307,2.45,7.79,6.7,8.211034282,7.2
1976-03-01,47200,6.8,591,1164,5.584900014,2.39,7.73,5.2,7.831828328,5.1
1976-04-01,47800,6.4,611,1132,2.089359721,2.38,7.56,3.7,7.452622374,3
1976-05-01,47900,7,570,1194,2.371714637,1.96,7.9,3.9,7.531402131,2.733333333
1976-06-01,48000,6.9,591,1188,2.654069553,2.03,7.86,4.1,7.610181888,2.466666667
1976-07-01,48100,6.4,664,1245,2.936424469,1.99,7.83,4.3,7.688961645,2.2
1976-08-01,48833.33333,6.2,648,1309,1.517641491,1.87,7.77,4.63,7.597449192,2.433333333
1976-09-01,49566.66667,6.2,696,1481,0.098858514,1.81,7.59,4.97,7.50593674,2.666666667
1976-10-01,50300,5.8,708,1425,-1.319924464,1.88,7.41,5.3,7.414424287,2.9
1976-11-01,50733.33333,6,735,1531,-0.690792569,1.94,7.29,5.13,7.708066312,3.533333333
1976-12-01,51166.66667,5.6,767,1511,-0.061660674,2.25,6.87,4.97,8.001708337,4.166666667
1977-01-01,51600,5.3,825,1466,0.567471221,1.87,7.21,4.8,8.295350362,4.8
1977-02-01,52500,5.1,839,1560,-0.365433096,1.73,7.39,3.93,7.867646201,5.866666667
1977-03-01,53400,5,872,1660,-1.298337413,1.66,7.46,3.07,7.43994204,6.933333333
1977-04-01,54300,5.5,799,1660,-2.23124173,1.7,7.37,2.2,7.012237879,8
1977-05-01,54200,5.4,807,1668,-1.707093289,1.55,7.46,2.73,6.97445524,7.8
1977-06-01,54100,5.5,805,1752,-1.182944848,1.63,7.28,3.27,6.936672602,7.6
1977-07-01,54000,6.1,755,1687,-0.658796407,1.54,7.33,3.8,6.898889963,7.4
1977-08-01,55166.66667,5.8,808,1780,-1.688698551,1.42,7.4,4.6,6.707106977,4.933333333
1977-09-01,56333.33333,5.9,842,1674,-2.718600694,1.46,7.34,5.4,6.51532399,2.466666667
1977-10-01,57500,6.1,819,1758,-3.748502838,1.37,7.52,6.2,6.323541004,0
1977-11-01,58100,6,829,1771,-3.847392501,1.37,7.58,4.9,6.525854732,0.433333333
1977-12-01,58700,6,835,1754,-3.946282165,1.3,7.69,3.6,6.728168461,0.866666667
1978-01-01,59300,5.9,795,1740,-4.045171828,1.21,7.96,2.3,6.930482189,1.3
1978-02-01,60066.66667,6.3,791,1736,0.053037336,1.17,8.03,4.47,6.5875673,6.333333333
1978-03-01,60833.33333,6.1,814,1799,4.151246501,1.18,8.04,6.63,6.244652412,11.36666667
1978-04-01,61600,5.8,864,1948,8.249455665,1.17,8.15,8.8,5.901737523,16.4
1978-05-01,62233.33333,5.9,857,1766,7.702681918,1.14,8.35,6.43,5.952938429,12.3
1978-06-01,62866.66667,6.2,834,1983,7.155908171,1.14,8.46,4.07,6.004139334,8.2
1978-07-01,63500,6.6,789,1786,6.609134424,0.96,8.64,1.7,6.05534024,4.1
1978-08-01,64466.66667,6.6,756,1691,2.679593551,1.07,8.41,2.23,5.919971126,4.566666667
1978-09-01,65433.33333,5.9,812,1751,-1.249947323,1,8.42,2.77,5.784602012,5.033333333
1978-10-01,66400,5.7,872,1781,-5.179488196,0.95,8.64,3.3,5.649232898,5.5
1978-11-01,67033.33333,6.5,798,1795,-2.590878934,1.02,8.81,2.9,5.895741601,3.9
1978-12-01,67666.66667,6.1,805,1818,-0.002269671,0.93,9.01,2.5,6.142250304,2.3
1979-01-01,68300,6.6,754,1461,2.586339591,1.03,9.1,2.1,6.388759007,0.7
1979-02-01,69666.66667,6.8,723,1492,2.579187219,0.98,9.1,1.3,6.150912304,0.6
1979-03-01,71033.33333,6.6,793,1720,2.572034846,1.14,9.12,0.5,5.9130656,0.5
1979-04-01,72400,6.8,748,1597,2.564882474,1.15,9.18,-0.3,5.675218897,0.4
1979-05-01,73000,7.1,727,1684,3.684623944,1.22,9.25,1.13,5.749758525,1.266666667
1979-06-01,73600,7.4,700,1640,4.804365413,1.47,8.91,2.57,5.824298152,2.133333333
1979-07-01,74200,7.1,715,1534,5.924106883,1.34,8.95,4,5.89883778,3
1979-08-01,73700,6.9,729,1591,3.687922552,1.32,9.03,3,5.843388878,2.333333333
1979-09-01,73200,7.4,727,1638,1.451738221,1.21,9.33,2,5.787939975,1.666666667
1979-10-01,72700,7.4,670,1481,-0.78444611,1.1,10.3,1,5.732491073,1
1979-11-01,73000,8.3,597,1276,1.22145784,1.34,10.65,0.47,6.110218408,1.1
1979-12-01,73300,8.6,559,1254,3.227361791,1.67,10.39,-0.07,6.487945744,1.2
1980-01-01,73600,7.9,592,1280,5.233265741,1.62,10.8,-0.6,6.865673079,1.3
1980-02-01,73866.66667,8.6,541,1199,2.751474517,1.16,12.41,-3.3,7.011239385,-1.8
1980-03-01,74133.33333,9.8,474,988,0.269683293,1.7,12.75,-6,7.15680569,-4.9
1980-04-01,74400,11.6,370,808,-2.212107931,2.72,11.47,-8.7,7.302371996,-8
1980-05-01,75433.33333,9.2,469,861,3.432097939,2.99,10.18,-4.3,7.420744964,-5.5
1980-06-01,76466.66667,7.6,552,1118,9.07630381,2.93,9.78,0.1,7.539117933,-3
1980-07-01,77500,6.5,636,1259,14.72050968,2.4,10.25,4.5,7.657490901,-0.5
1980-08-01,78333.33333,6,659,1367,12.55094518,2.05,11.1,4.83,7.50410439,2.233333333
1980-09-01,79166.66667,7.3,596,1484,10.38138069,2.19,11.51,5.17,7.350717878,4.966666667
1980-10-01,80000,7.3,561,1366,8.21181619,2.48,11.75,5.5,7.197331367,7.7
1980-11-01,80300,7.4,562,1383,4.925764869,1.96,12.68,4.1,7.498117763,7.833333333
1980-12-01,80600,7.6,532,1249,1.639713548,2.3,12.84,2.7,7.798904159,7.966666667
1981-01-01,80900,8,511,1221,-1.646337773,2.46,12.57,1.3,8.099690555,8.1
1981-02-01,82033.33333,8.1,510,1199,-0.439303763,2.18,13.19,0.87,7.866511437,4.433333333
1981-03-01,83166.66667,7.7,514,1183,0.767730248,2.22,13.12,0.43,7.633332319,0.766666667
1981-04-01,84300,8.6,470,1190,1.974764258,1.88,13.68,0.4,7.400153201,-2.9
1981-05-01,84133.33333,8.4,467,1173,-0.430785722,1.85,14.1,0.63,7.402879946,-0.3
1981-06-01,83966.66667,9.2,415,976,-2.836335702,2.33,13.47,1.27,7.40560669,2.3
1981-07-01,83800,9,431,935,-5.241885682,1.89,14.28,1.9,7.408333435,4.9
1981-08-01,83766.66667,9.8,378,889,-4.392379492,1.4,14.94,0.37,7.624537667,1.833333333
1981-09-01,83733.33333,11.3,338,847,-3.542873302,1.6,15.32,-1.17,7.840741898,-1.233333333
1981-10-01,83700,10.3,356,731,-2.693367112,1.96,15.15,-2.7,8.05694613,-4.3
1981-11-01,82866.66667,9.1,382,748,-4.109666298,3,13.39,-0.8,8.592996494,-4.9
1981-12-01,82033.33333,7.1,457,796,-5.525965483,2.83,13.72,1.1,9.129046858,-5.5
1982-01-01,81200,8.9,368,794,-6.942264669,2.51,14.59,3,9.665097222,-6.1
1982-02-01,82700,9.2,365,808,-4.763826652,2.75,14.43,2.4,9.608050307,-3.466666667
1982-03-01,84200,8.7,374,891,-2.585388634,2.96,13.86,1.8,9.551003392,-0.833333333
1982-04-01,85700,9.4,339,888,-0.406950617,2.91,13.87,1.2,9.493956477,1.8
1982-05-01,85100,8.3,384,953,-0.473009025,3.02,13.62,1.7,9.615738873,0.7
1982-06-01,84500,8.3,370,913,-0.539067434,2.62,14.3,2.2,9.73752127,-0.4
1982-07-01,83900,8.2,375,1044,-0.605125842,2.85,13.95,2.7,9.859303666,-1.5
1982-08-01,84133.33333,7.1,407,926,6.436536045,3.26,13.06,4.2,10.04789298,-0.933333333
1982-09-01,84366.66667,6.7,481,1042,13.47819793,3.29,12.34,5.7,10.2364823,-0.366666667
1982-10-01,84600,6.2,480,1149,20.51985982,3.82,10.91,7.2,10.42507162,0.2
1982-11-01,85300,5.4,554,1229,16.41119925,3.75,10.55,6.13,10.73901976,1.933333333
1982-12-01,86000,5.8,521,1351,12.30253869,3.6,10.54,5.07,11.05296789,3.666666667
1983-01-01,86700,5.4,582,1426,8.193878123,3.48,10.46,4,11.36691603,5.4
1983-02-01,87500,5.6,562,1471,8.873919265,3.23,10.72,5.47,10.9693168,6.733333333
1983-03-01,88300,5.4,596,1475,9.553960408,3.1,10.51,6.93,10.57171756,8.066666667
1983-04-01,89100,5.1,638,1566,10.23400155,2.89,10.4,8.4,10.17411833,9.4
1983-05-01,90233.33333,4.9,664,1669,7.504810604,2.71,10.38,8.07,9.867643034,9
1983-06-01,91366.66667,5.3,651,1769,4.775619657,2.52,10.85,7.73,9.561167739,8.6
1983-07-01,92500,5.8,606,1795,2.046428711,2.01,11.38,7.4,9.254692443,8.2
1983-08-01,91933.33333,6.2,572,1713,1.33075498,1.79,11.85,7.1,8.945182898,8.333333333
1983-09-01,91366.66667,6.2,608,1585,0.615081249,1.9,11.65,6.8,8.635673352,8.466666667
1983-10-01,90800,5.6,632,1716,-0.100592482,1.92,11.54,6.5,8.326163807,8.6
1983-11-01,92100,5.8,644,1668,-1.181433978,1.92,11.69,5.47,8.410208762,8.433333333
1983-12-01,93400,4.7,773,1627,-2.262275473,1.92,11.83,4.43,8.494253717,8.266666667
1984-01-01,94700,5.3,691,1816,-3.343116969,1.98,11.67,3.4,8.578298672,8.1
1984-02-01,96200,5.1,696,1987,-3.249130872,1.75,11.84,4.17,8.223654921,7.766666667
1984-03-01,97700,6.1,641,1725,-3.155144774,1.67,12.32,4.93,7.869011171,7.433333333
1984-04-01,99200,6,639,1776,-3.061158677,1.68,12.63,5.7,7.51436742,7.1
1984-05-01,98966.66667,6.7,615,1741,-1.068082149,1.33,13.41,4.8,7.474272011,6.033333333
1984-06-01,98733.33333,6.6,630,1814,0.924994379,1.49,13.56,3.9,7.434176602,4.966666667
1984-07-01,98500,6.7,619,1605,2.918070907,1.79,13.36,3,7.394081193,3.9
1984-08-01,98266.66667,7.5,567,1530,3.014645124,1.91,12.72,3.77,7.283687983,3.7
1984-09-01,98033.33333,6.5,662,1523,3.111219341,1.83,12.52,4.53,7.173294773,3.5
1984-10-01,97800,6,687,1490,3.207793558,1.78,12.16,5.3,7.062901563,3.3
1984-11-01,98033.33333,7.2,597,1643,4.706235032,1.91,11.57,5.87,7.34809507,3.5
1984-12-01,98266.66667,7.3,597,1626,6.204676505,1.9,11.5,6.43,7.633288577,3.7
1985-01-01,98500,6.7,645,1660,7.703117979,1.88,11.38,7,7.918482084,3.9
1985-02-01,99166.66667,6.5,682,1662,6.590583308,1.72,11.51,5.9,7.715567838,3.8
1985-03-01,99833.33333,6.4,671,1727,5.478048636,1.83,11.86,4.8,7.512653592,3.7
1985-04-01,100500,6.9,620,1664,4.365513965,2.08,11.43,3.7,7.309739346,3.6
1985-05-01,100500,6.4,678,1709,3.548259865,2.3,10.85,5.07,7.259778876,4.466666667
1985-06-01,100500,6,722,1716,2.731005764,2.24,10.16,6.43,7.209818407,5.333333333
1985-07-01,100500,5.6,766,1697,1.913751664,2.12,10.31,7.8,7.159857937,6.2
1985-08-01,101600,5.8,726,1808,2.648690843,2.17,10.33,5.5,7.049357804,5.133333333
1985-09-01,102700,6.3,678,1916,3.383630021,2.11,10.37,3.2,6.938857672,4.066666667
1985-10-01,103800,6.4,655,1743,4.1185692,2.12,10.24,0.9,6.828357539,3
1985-11-01,104633.3333,5.9,733,1692,6.629941543,2.21,9.78,1.77,7.097698041,3.266666667
1985-12-01,105466.6667,5.8,721,1794,9.141313887,2.32,9.26,2.63,7.367038542,3.533333333
1986-01-01,106300,5.7,733,1847,11.65268623,2.25,9.19,3.5,7.636379044,3.8
1986-02-01,108200,6,728,1767,10.8258863,2.41,8.7,3.8,7.493035522,3.133333333
1986-03-01,110100,4.7,880,1780,9.999086361,2.72,7.78,4.1,7.349691999,2.466666667
1986-04-01,112000,4.7,857,1858,9.172286427,2.89,7.3,4.4,7.206348477,1.8
1986-05-01,112800,5.2,789,1797,6.182731494,2.58,7.71,5.37,7.114397315,2.5
1986-06-01,113600,5.7,728,1790,3.193176561,2.54,7.8,6.33,7.022446152,3.2
1986-07-01,114400,6.1,698,1780,0.203621628,2.86,7.3,7.3,6.93049499,3.9
1986-08-01,114800,7,621,1726,0.408470938,3.01,7.17,5.7,6.825084883,3.333333333
1986-09-01,115200,5.8,763,1686,0.613320249,2.75,7.45,4.1,6.719674776,2.766666667
1986-10-01,115600,6.5,669,1675,0.818169559,2.81,7.43,2.5,6.614264669,2.2
1986-11-01,117333.3333,6.1,707,1644,5.162980206,2.82,7.25,1.8,6.823587091,2.466666667
1986-12-01,119066.6667,5.5,784,1903,9.507790853,2.86,7.11,1.1,7.032909512,2.733333333
1987-01-01,120800,6,709,1690,13.8526015,2.64,7.08,0.4,7.242231934,3
1987-02-01,122566.6667,6.2,732,1689,10.53383086,2.4,7.25,2.13,6.933132257,3.466666667
1987-03-01,124333.3333,6,713,1704,7.215060227,2.36,7.25,3.87,6.624032581,3.933333333
1987-04-01,126100,6,735,1601,3.896289591,2.02,8.02,5.6,6.314932904,4.4
1987-05-01,127366.6667,6.7,651,1500,5.312901745,1.9,8.61,5.27,6.200858079,4.1
1987-06-01,128633.3333,6.9,637,1522,6.729513899,2.12,8.4,4.93,6.086783253,3.8
1987-07-01,129900,6.7,658,1516,8.146126053,2.16,8.45,4.6,5.972708428,3.5
1987-08-01,131100,6.8,657,1511,-1.254481705,2.04,8.76,3.37,5.868099793,4.666666667
1987-09-01,132300,6.8,666,1514,-10.65508946,1.89,9.42,2.13,5.763491158,5.833333333
1987-10-01,133500,6.8,650,1447,-20.05569722,2.1,9.52,0.9,5.658882523,7
1987-11-01,134966.6667,7,625,1457,-12.87842355,2.37,8.86,3.03,5.857736193,5.366666667
1987-12-01,136433.3333,7.6,595,1345,-5.701149887,2.3,8.99,5.17,6.056589862,3.733333333
1988-01-01,137900,7.5,585,1244,1.476123779,2.4,8.67,7.3,6.255443532,2.1
1988-02-01,136866.6667,6.6,663,1438,1.796487869,2.41,8.21,5.87,6.002824082,3.2
1988-03-01,135833.3333,6.6,669,1525,2.116851958,2.2,8.37,4.43,5.750204631,4.3
1988-04-01,134800,6.4,699,1429,2.437216048,2.18,8.72,3,5.497585181,5.4
1988-05-01,137033.3333,6.6,684,1444,2.123316878,1.95,9.09,3.2,5.482825489,4.4
1988-06-01,139266.6667,6.2,717,1485,1.809417709,2.08,8.92,3.4,5.468065796,3.4
1988-07-01,141500,6.6,679,1439,1.495518539,2.05,9.06,3.6,5.453306104,2.4
1988-08-01,141133.3333,6.6,688,1460,1.846493173,1.95,9.26,3.93,5.35230734,3.4
1988-09-01,140766.6667,6.5,703,1436,2.197467806,1.92,8.98,4.27,5.251308575,4.4
1988-10-01,140400,6,718,1516,2.54844244,1.61,8.8,4.6,5.150309811,5.4
1988-11-01,141700,7.2,628,1508,3.543466524,1.52,8.96,3.7,5.333334933,4.966666667
1988-12-01,143000,6.8,658,1501,4.538490609,1.54,9.11,2.8,5.516360054,4.533333333
1989-01-01,144300,6.2,719,1466,5.533514693,1.56,9.09,1.9,5.699385176,4.1
1989-02-01,145133.3333,7.5,622,1383,6.092855846,1.44,9.17,1.9,5.551877642,3.766666667
1989-03-01,145966.6667,8.2,567,1214,6.652196998,1.31,9.36,1.9,5.404370109,3.433333333
1989-04-01,146800,7.4,608,1376,7.211538151,1.43,9.18,1.9,5.256862575,3.1
1989-05-01,147933.3333,7.1,656,1381,7.701146469,1.6,8.86,2.57,5.253706698,3.066666667
1989-06-01,149066.6667,7.2,642,1322,8.190754786,1.75,8.28,3.23,5.250550822,3.033333333
1989-07-01,150200,6.1,731,1283,8.680363104,1.85,8.02,3.9,5.247394945,3
1989-08-01,150533.3333,6.4,697,1334,5.934497543,1.77,8.11,3.2,5.21779286,2.266666667
1989-09-01,150866.6667,7.1,639,1314,3.188631981,1.72,8.19,2.5,5.188190774,1.533333333
1989-10-01,151200,6.9,645,1365,0.44276642,1.8,8.01,1.8,5.158588689,0.8
1989-11-01,150633.3333,6.6,684,1344,-0.708583764,1.94,7.87,2.33,5.384354445,2
1989-12-01,150066.6667,7,630,1422,-1.859933947,1.98,7.84,2.87,5.6101202,3.2
1990-01-01,149500,7,620,1748,-3.011284131,1.73,8.21,3.4,5.835885956,4.4
1990-02-01,150066.6667,7.6,591,1329,-0.968139411,1.67,8.47,2.67,5.682189543,3.433333333
1990-03-01,150633.3333,7.8,574,1246,1.07500531,1.62,8.59,1.93,5.528493131,2.466666667
1990-04-01,151200,8.3,542,1136,3.11815003,1.51,8.79,1.2,5.374796718,1.5
1990-05-01,149300,8.2,534,1067,0.781974341,1.65,8.76,1.33,5.45778523,1.1
1990-06-01,147400,7.9,545,1108,-1.554201349,1.74,8.48,1.47,5.540773741,0.7
1990-07-01,145500,7.8,542,1078,-3.890377038,1.73,8.47,1.6,5.623762253,0.3
1990-08-01,147033.3333,8.2,528,1069,-4.497419194,1.66,8.75,0.07,5.701197729,-1
1990-09-01,148566.6667,8.4,496,976,-5.104461349,1.75,8.89,-1.47,5.778633206,-2.3
1990-10-01,150100,8.7,465,925,-5.711503505,2.02,8.72,-3,5.856068682,-3.6
1990-11-01,150433.3333,8.2,493,941,0.002990387,2.23,8.39,-2.5,6.32874296,-3.033333333
1990-12-01,150766.6667,8.5,464,861,5.717484278,2.35,8.08,-2,6.801417237,-2.466666667
1991-01-01,151100,9.4,401,786,11.43197817,2.36,8.09,-1.5,7.274091515,-1.9
1991-02-01,150133.3333,7.9,482,853,10.07857093,2.22,7.85,0.13,7.135934465,-0.2
1991-03-01,149166.6667,7.3,507,911,8.725163685,1.98,8.11,1.77,6.997777416,1.5
1991-04-01,148200,7.3,508,916,7.371756443,1.9,8.04,3.4,6.859620366,3.2
1991-05-01,147266.6667,7,517,991,5.569099795,1.79,8.07,2.93,6.827678112,2.8
1991-06-01,146333.3333,7,516,964,3.766443148,1.68,8.28,2.47,6.795735857,2.4
1991-07-01,145400,7.1,511,973,1.9637865,1.62,8.27,2,6.763793603,2
1991-08-01,145066.6667,6.8,526,944,1.647686927,1.75,7.9,1.27,6.779856352,1.8
1991-09-01,144733.3333,7.4,487,974,1.331587354,1.86,7.65,0.53,6.7959191,1.6
1991-10-01,144400,6.7,524,991,1.015487781,1.96,7.53,-0.2,6.811981849,1.4
1991-11-01,144433.3333,6.2,575,984,2.865130379,2.03,7.42,2.43,7.259956058,2.566666667
1991-12-01,144466.6667,6.2,558,1061,4.714772976,2.17,7.09,5.07,7.707930266,3.733333333
1992-01-01,144500,5.2,676,1077,6.564415574,2.1,7.03,7.7,8.155904475,4.9
1992-02-01,144766.6667,4.9,639,1146,4.140082015,1.89,7.34,6.03,7.968046158,4.733333333
1992-03-01,145033.3333,6.1,553,1082,1.715748456,1.71,7.54,4.37,7.780187841,4.566666667
1992-04-01,145300,6.1,546,1054,-0.708585103,1.73,7.48,2.7,7.592329524,4.4
1992-05-01,144100,6,554,1056,0.045866777,1.74,7.39,3.27,7.58241743,4.266666667
1992-06-01,142900,5.6,596,1057,0.800318656,1.79,7.26,3.83,7.572505337,4.133333333
1992-07-01,141700,5.3,627,1089,1.554770536,2,6.84,4.4,7.562593243,4
1992-08-01,143533.3333,5.2,636,1075,1.564995207,2.06,6.59,4.57,7.41470223,4.066666667
1992-09-01,145366.6667,5,650,1114,1.575219878,2.2,6.42,4.73,7.266811216,4.133333333
1992-10-01,147200,5.1,621,1132,1.585444549,2.25,6.59,4.9,7.118920203,4.2
1992-11-01,146366.6667,5.4,614,1118,2.57842502,2.09,6.87,3.77,7.365834282,3.033333333
1992-12-01,145533.3333,5,650,1176,3.57140549,2.04,6.77,2.63,7.612748362,1.866666667
1993-01-01,144700,5.4,596,1177,4.564385961,2.07,6.6,1.5,7.859662441,0.7
1993-02-01,146100,5.3,604,1148,3.348501964,2.13,6.26,2.23,7.608349401,1.233333333
1993-03-01,147500,5.4,602,1056,2.132617968,2.17,5.98,2.97,7.357036362,1.766666667
1993-04-01,148900,4.7,701,1104,0.916733971,2.17,5.97,3.7,7.105723322,2.3
1993-05-01,148600,5.3,626,1112,1.367346238,2.17,6.04,3.97,6.998263815,2.166666667
1993-06-01,148300,5.2,653,1130,1.817958504,2.11,5.96,4.23,6.890804308,2.033333333
1993-07-01,148000,5.3,655,1174,2.268570771,2.12,5.81,4.5,6.783344801,1.9
1993-08-01,148100,5.5,645,1230,2.243059197,1.92,5.68,4.2,6.64000674,3.133333333
1993-09-01,148200,4.9,726,1251,2.217547622,1.98,5.36,3.9,6.49666868,4.366666667
1993-10-01,148300,5,704,1287,2.192036048,1.98,5.33,3.6,6.353330619,5.6
1993-11-01,150066.6667,4.8,769,1357,1.902628316,1.94,5.72,3.97,6.633453314,5.033333333
1993-12-01,151833.3333,4.5,812,1461,1.613220584,1.92,5.77,4.33,6.913576008,4.466666667
1994-01-01,153600,5.9,619,1390,1.323812852,1.9,5.75,4.7,7.193698703,3.9
1994-02-01,153800,5,686,1269,-0.510289747,1.79,5.97,4.17,6.857224766,4.433333333
1994-03-01,154000,4.8,747,1342,-2.344392345,1.65,6.48,3.63,6.520750829,4.966666667
1994-04-01,154200,5.2,692,1392,-4.178494944,1.55,6.97,3.1,6.184276892,5.5
1994-05-01,153733.3333,5.3,691,1396,-2.151730789,1.44,7.18,3.1,6.117143249,4.466666667
1994-06-01,153266.6667,6.2,621,1357,-0.124966633,1.55,7.1,3.1,6.050009607,3.433333333
1994-07-01,152800,6.3,628,1335,1.901797522,1.5,7.3,3.1,5.982875964,2.4
1994-08-01,153900,6.1,656,1377,0.978142807,1.5,7.24,3.53,5.760040736,3.166666667
1994-09-01,155000,6,677,1412,0.054488091,1.52,7.46,3.97,5.537205508,3.933333333
1994-10-01,156100,5.6,715,1397,-0.869166624,1.46,7.74,4.4,5.31437028,4.7
1994-11-01,155233.3333,6.3,646,1340,0.561384502,1.36,7.96,3.27,5.53326352,3.6
1994-12-01,154366.6667,6.6,629,1396,1.991935627,1.29,7.81,2.13,5.75215676,2.5
1995-01-01,153500,6.8,626,1282,3.422486753,1.3,7.78,1,5.97105,1.4
1995-02-01,155300,7.3,559,1254,4.986063545,1.38,7.47,1.87,5.87168558,1.333333333
1995-03-01,157100,6.8,616,1226,6.549640338,1.5,7.2,2.73,5.772321161,1.266666667
1995-04-01,158900,6.7,621,1259,8.11321713,1.54,7.06,3.6,5.672956741,1.2
1995-05-01,158500,6.3,674,1271,7.889087172,1.57,6.63,3.63,5.667723016,1.966666667
1995-06-01,158100,5.8,725,1305,7.664957214,1.73,6.17,3.67,5.66248929,2.733333333
1995-07-01,157700,5.6,765,1354,7.440827256,1.76,6.28,3.7,5.657255565,3.5
1995-08-01,158766.6667,6.1,701,1386,6.74414607,1.7,6.49,3.4,5.529596478,3.233333333
1995-09-01,159833.3333,6.3,678,1421,6.047464884,1.73,6.2,3.1,5.401937391,2.966666667
1995-10-01,160900,6.3,696,1400,5.350783698,1.71,6.04,2.8,5.274278304,2.7
1995-11-01,160966.6667,6.8,664,1430,5.836374374,1.75,5.93,3.1,5.543287786,2.8
1995-12-01,161033.3333,6.4,709,1442,6.321965051,1.78,5.71,3.4,5.812297267,2.9
1996-01-01,161100,6.4,714,1387,6.807555727,1.82,5.65,3.7,6.081306749,3
1996-02-01,162733.3333,5.3,769,1420,5.785397149,1.82,5.81,3.93,5.872735748,4.266666667
1996-03-01,164366.6667,6.2,721,1437,4.763238572,1.76,6.27,4.17,5.664164746,5.533333333
1996-04-01,166000,6,736,1463,3.741079994,1.68,6.51,4.4,5.455593745,6.8
1996-05-01,165333.3333,5.9,746,1457,2.50688686,1.56,6.74,3.73,5.398234268,5.733333333
1996-06-01,164666.6667,6,721,1429,1.272693727,1.49,6.91,3.07,5.34087479,4.666666667
1996-07-01,164000,5.7,770,1450,0.038500593,1.48,6.87,2.4,5.283515313,3.6
1996-08-01,166333.3333,5,826,1413,2.941992537,1.54,6.64,2.67,5.192117535,3.8
1996-09-01,168666.6667,5.2,770,1392,5.84548448,1.52,6.83,2.93,5.100719756,4
1996-10-01,171000,5.6,720,1358,8.748976424,1.54,6.53,3.2,5.009321978,4.2
1996-11-01,171400,5.2,771,1412,8.287051169,1.59,6.2,3.57,5.254079858,3.666666667
1996-12-01,171800,5,805,1411,7.825125913,1.59,6.3,3.93,5.498837739,3.133333333
1997-01-01,172200,4.7,830,1382,7.363200658,1.51,6.58,4.3,5.743595619,2.6
1997-02-01,173866.6667,4.5,801,1445,6.323198722,1.52,6.42,3.47,5.483333321,4
1997-03-01,175533.3333,4.1,831,1436,5.283196785,1.49,6.69,2.63,5.223071023,5.4
1997-04-01,177200,4.7,744,1421,4.243194849,1.45,6.89,1.8,4.962808725,6.8
1997-05-01,176366.6667,4.6,760,1414,6.978593313,1.49,6.71,3.53,4.934094306,6.233333333
1997-06-01,175533.3333,4.4,793,1402,9.713991776,1.53,6.49,5.27,4.905379887,5.666666667
1997-07-01,174700,4.4,805,1440,12.44939024,1.53,6.22,7,4.876665468,5.1
1997-08-01,174933.3333,4.3,815,1449,9.30442666,1.52,6.3,6.3,4.718454863,4.566666667
1997-09-01,175166.6667,4.2,840,1494,6.15946308,1.49,6.21,5.6,4.560244257,4.033333333
1997-10-01,175400,4.3,800,1499,3.0144995,1.54,6.03,4.9,4.402033652,3.5
1997-11-01,176933.3333,3.9,864,1469,4.259993398,1.54,5.88,4.63,4.638835953,3.7
1997-12-01,178466.6667,4.4,793,1456,5.505487295,1.51,5.81,4.37,4.875638255,3.9
1998-01-01,180000,4,872,1555,6.750981193,1.65,5.54,4.1,5.112440556,4.1
1998-02-01,179600,3.9,866,1647,7.115752022,1.68,5.57,5.13,4.873594516,4
1998-03-01,179200,4.1,836,1605,7.480522851,1.67,5.65,6.17,4.634748476,3.9
1998-04-01,178800,4,866,1547,7.84529368,1.69,5.64,7.2,4.395902436,3.8
1998-05-01,180633.3333,3.9,887,1554,3.485259021,1.65,5.65,6.57,4.446694664,4.233333333
1998-06-01,182466.6667,3.8,923,1551,-0.874775637,1.63,5.5,5.93,4.497486893,4.666666667
1998-07-01,184300,4,876,1610,-5.234810296,1.69,5.46,5.3,4.548279121,5.1
1998-08-01,183366.6667,4.1,846,1654,-3.089534444,1.8,5.34,5.5,4.413456486,5.6
1998-09-01,182433.3333,4.1,864,1577,-0.944258593,2.28,4.81,5.7,4.278633851,6.1
1998-10-01,181500,4,893,1719,1.201017259,2.65,4.53,5.9,4.143811216,6.6
1998-11-01,184033.3333,3.5,995,1672,3.547609111,2.51,4.83,5.23,4.32706236,5.666666667
1998-12-01,186566.6667,3.8,949,1742,5.894200964,2.58,4.65,4.57,4.510313504,4.733333333
1999-01-01,189100,3.9,875,1732,8.240792816,2.57,4.72,3.9,4.693564648,3.8
1999-02-01,190000,4,848,1720,7.452837251,2.39,5,4.6,4.533387984,3.566666667
1999-03-01,190900,4.1,863,1665,6.664881686,2.3,5.23,5.3,4.373211321,3.333333333
1999-04-01,191800,3.9,918,1600,5.876926121,2.3,5.18,6,4.213034657,3.1
1999-05-01,192200,4,888,1640,3.650813033,2.18,5.54,5.53,4.229151182,3.833333333
1999-06-01,192600,3.9,923,1702,1.424699946,2.12,5.9,5.07,4.245267707,4.566666667
1999-07-01,193000,4,900,1682,-0.801413142,2.16,5.79,4.6,4.261384232,5.3
1999-08-01,196933.3333,4,893,1671,-0.645923382,2.21,5.94,5.07,4.122310791,5.866666667
1999-09-01,200866.6667,4.5,826,1551,-0.490433621,2.28,5.92,5.53,3.98323735,6.433333333
1999-10-01,204800,4.2,872,1649,-0.334943861,2.27,6.11,6,3.844163909,7
1999-11-01,204166.6667,4.3,863,1672,-0.387944725,2.12,6.03,6.1,4.034362552,5.166666667
1999-12-01,203533.3333,4.3,873,1683,-0.44094559,1.91,6.28,6.2,4.224561196,3.333333333
2000-01-01,202900,4.3,873,1727,-0.493946454,1.67,6.66,6.3,4.414759839,1.5
2000-02-01,202733.3333,4.3,856,1692,0.985407951,1.77,6.52,5.5,4.248167024,3.5
2000-03-01,202566.6667,4.3,900,1651,2.464762355,2.11,6.26,4.7,4.081574208,5.5
2000-04-01,202400,4.4,841,1597,3.94411676,2.41,5.99,3.9,3.914981393,7.5
2000-05-01,202966.6667,4.4,857,1543,3.5105879,2.46,6.44,3.93,3.958793585,5.166666667
2000-06-01,203533.3333,4.8,793,1572,3.077059039,2.38,6.1,3.97,4.002605777,2.833333333
2000-07-01,204100,4.1,887,1542,2.643530179,2.3,6.05,4,4.046417969,0.5
2000-08-01,206766.6667,4.4,848,1552,0.933462871,2.43,5.83,3.83,3.933538987,1.166666667
2000-09-01,209433.3333,4,912,1570,-0.776604436,2.55,5.8,3.67,3.820660006,1.833333333
2000-10-01,212100,4,933,1577,-2.486671744,2.6,5.74,3.5,3.707781024,2.5
2000-11-01,211733.3333,4.2,880,1614,-2.266192274,2.56,5.72,2.87,4.017167231,1.3
2000-12-01,211366.6667,3.6,983,1543,-2.045712805,2.78,5.24,2.23,4.326553438,0.1
2001-01-01,211000,3.8,936,1699,-1.825233335,2.77,5.16,1.6,4.635939645,-1.1
2001-02-01,211066.6667,3.7,963,1656,-1.564016649,2.77,5.1,1.37,4.561887947,0.066666667
2001-03-01,211133.3333,3.8,939,1659,-1.302799964,2.95,4.89,1.13,4.487836249,1.233333333
2001-04-01,211200,3.9,909,1666,-1.041583278,2.93,5.14,0.9,4.413784551,2.4
2001-05-01,210066.6667,4,885,1665,-2.686361938,2.68,5.39,1.07,4.549944655,1.033333333
2001-06-01,208933.3333,4.2,882,1626,-4.331140597,2.69,5.28,1.23,4.686104759,-0.333333333
2001-07-01,207800,4.2,880,1598,-5.975919257,2.73,5.24,1.4,4.822264863,-1.7
2001-08-01,209933.3333,4.4,866,1615,-5.024495626,2.88,4.97,2.97,4.973099546,-0.766666667
2001-09-01,212066.6667,4.4,853,1565,-4.073071994,3.3,4.73,4.53,5.12393423,0.166666667
2001-10-01,214200,4.3,871,1566,-3.121648363,3.34,4.57,6.1,5.274768913,1.1
2001-11-01,218666.6667,4.1,924,1651,-1.348136699,3.16,4.65,4.47,5.601570808,1.9
2001-12-01,223133.3333,3.8,979,1680,0.425374965,2.96,5.09,2.83,5.928372702,2.7
2002-01-01,227600,4.2,880,1665,2.198886629,2.83,5.04,1.2,6.255174597,3.5
2002-02-01,227600,4,948,1787,0.62014777,2.98,4.91,1.5,6.109585677,3.133333333
2002-03-01,227600,4.1,923,1691,-0.958591088,2.83,5.28,1.8,5.963996757,2.766666667
2002-04-01,227600,4.3,936,1669,-2.537329947,2.82,5.21,2.1,5.818407837,2.4
2002-05-01,224766.6667,4,978,1716,-6.696412841,2.93,5.16,2.37,5.787012836,2.2
2002-06-01,221933.3333,4.2,957,1758,-10.85549574,3.02,4.93,2.63,5.755617836,2
2002-07-01,219100,4.2,956,1738,-15.01457863,3.25,4.65,2.9,5.724222835,1.8
2002-08-01,223566.6667,4,1014,1695,-10.65551043,3.32,4.26,2.7,5.685833782,1.4
2002-09-01,228033.3333,3.9,1044,1803,-6.296442231,3.53,3.87,2.5,5.64744473,1
2002-10-01,232500,4,1006,1799,-1.937374031,3.79,3.94,2.3,5.609055677,0.6
2002-11-01,232700,4,1024,1771,-2.467230849,3.57,4.05,2.17,5.872170937,1.133333333
2002-12-01,232900,4,1048,1896,-2.997087666,3.42,4.03,2.03,6.135286198,1.666666667
2003-01-01,233100,4,999,1808,-3.526944484,3.3,4.05,1.9,6.398401458,2.2
2003-02-01,235733.3333,4.5,936,1854,0.667975439,3.16,3.9,2.8,6.311386322,2.633333333
2003-03-01,238366.6667,4.1,999,1757,4.862895362,3.14,3.81,3.7,6.224371185,3.066666667
2003-04-01,241000,4.1,1012,1803,9.057815285,2.89,3.96,4.6,6.137356049,3.5
2003-05-01,243366.6667,3.9,1078,1835,8.269815778,2.81,3.57,5.07,6.124613946,4.666666667
2003-06-01,245733.3333,3.5,1193,1875,7.48181627,2.86,3.33,5.53,6.111871843,5.833333333
2003-07-01,248100,3.6,1168,1885,6.693816763,2.64,3.98,6,6.09912974,7
2003-08-01,250733.3333,3.5,1206,1966,6.915779023,2.56,4.45,4.9,5.936579591,6.233333333
2003-09-01,253366.6667,3.8,1131,1961,7.137741282,2.52,4.27,3.8,5.774029443,5.466666667
2003-10-01,256000,3.8,1144,2012,7.359703542,2.44,4.29,2.7,5.611479294,4.7
2003-11-01,258300,4.1,1093,1918,7.967313923,2.36,4.3,3,5.799263333,3.866666667
2003-12-01,260600,4,1129,1987,8.574924304,2.33,4.27,3.3,5.987047372,3.033333333
2004-01-01,262900,3.8,1165,1952,9.182534685,2.29,4.15,3.6,6.174831411,2.2
2004-02-01,263700,3.7,1159,1966,5.662395898,2.19,4.08,3.23,5.971687276,2.5
2004-03-01,264500,3.6,1276,2066,2.142257111,2.28,3.83,2.87,5.768543141,2.8
2004-04-01,265300,4,1186,2070,-1.377881676,2.11,4.35,2.5,5.565399006,3.1
2004-05-01,268200,3.8,1241,2150,-1.222040623,2.03,4.72,3.17,5.528837714,3.333333333
2004-06-01,271100,3.9,1180,2020,-1.066199569,2.05,4.73,3.83,5.492276421,3.566666667
2004-07-01,274000,4.5,1088,2112,-0.910358516,2.12,4.5,4.5,5.455715129,3.8
2004-08-01,278100,4.3,1175,2056,1.689934228,2.18,4.28,4.47,5.369097596,3.9
2004-09-01,282200,4.1,1214,2041,4.290226971,2.14,4.13,4.43,5.282480062,4
2004-10-01,286300,3.9,1305,2097,6.890519715,2.11,4.1,4.4,5.195862529,4.1
2004-11-01,287033.3333,4.3,1179,2079,6.022196446,2.01,4.19,3.73,5.364255505,4.233333333
2004-12-01,287766.6667,4.1,1242,2082,5.153873178,1.92,4.23,3.07,5.532648482,4.366666667
2005-01-01,288500,4.4,1203,2139,4.285549909,1.8,4.22,2.4,5.701041458,4.5
2005-02-01,288266.6667,4.3,1319,2114,2.616721502,1.65,4.17,3.13,5.497227524,3.633333333
2005-03-01,288033.3333,4.1,1328,2062,0.947893096,1.56,4.5,3.87,5.29341359,2.766666667
2005-04-01,287800,4.3,1260,2150,-0.720935311,1.71,4.34,4.6,5.089599656,1.9
2005-05-01,290066.6667,4.2,1286,2085,1.126188108,1.87,4.14,4.37,5.066319851,2.466666667
2005-06-01,292333.3333,4.3,1274,2178,2.973311527,1.86,4,4.13,5.043040046,3.033333333
2005-07-01,294600,4.2,1389,2203,4.820434946,1.77,4.18,3.9,5.019760241,3.6
2005-08-01,294466.6667,4.5,1255,2219,3.671687149,1.7,4.26,3,4.934994783,3.266666667
2005-09-01,294333.3333,4.7,1244,2263,2.522939351,1.83,4.2,2.1,4.850229326,2.933333333
2005-10-01,294200,4.5,1336,2170,1.374191554,1.84,4.46,1.2,4.765463868,2.6
2005-11-01,297900,5,1214,2218,3.058287484,1.85,4.54,2.3,4.876838577,3.533333333
2005-12-01,301600,4.9,1239,2120,4.742383415,1.85,4.47,3.4,4.988213287,4.466666667
2006-01-01,305300,5.3,1174,2212,6.426479345,1.82,4.42,4.5,5.099587996,5.4
2006-02-01,304400,6.1,1061,2141,4.918854814,1.7,4.57,3.67,4.954250521,3.9
2006-03-01,303500,5.9,1116,2118,3.411230283,1.69,4.72,2.83,4.808913046,2.4
2006-04-01,302600,6.3,1123,1998,1.903605752,1.69,4.99,2,4.663575571,0.9
2006-05-01,304433.3333,6.2,1086,1905,1.420223,1.64,5.11,2.13,4.67881887,0.8
2006-06-01,306266.6667,6.3,1074,1867,0.936840249,1.67,5.11,2.27,4.694062168,0.7
2006-07-01,308100,7.3,965,1763,0.453457497,1.67,5.09,2.4,4.709305467,0.6
2006-08-01,305266.6667,6.7,1035,1722,2.734056936,1.71,4.88,2.9,4.567294537,1.566666667
2006-09-01,302433.3333,6.7,1016,1655,5.014656374,1.71,4.72,3.4,4.425283607,2.533333333
2006-10-01,299600,7.3,941,1570,7.295255813,1.69,4.73,3.9,4.283272677,3.5
2006-11-01,307100,6.6,1003,1535,6.121848562,1.6,4.6,3.37,4.480089789,2.633333333
2006-12-01,314600,6.5,998,1638,4.948441311,1.66,4.56,2.83,4.676906901,1.766666667
2007-01-01,322100,7.2,891,1626,3.77503406,1.58,4.76,2.3,4.873724013,0.9
2007-02-01,318100,7.9,828,1598,4.531126217,1.56,4.72,1.77,4.743345875,1.366666667
2007-03-01,314100,7.9,833,1596,5.287218374,1.71,4.56,1.23,4.612967736,1.833333333
2007-04-01,310100,7.4,887,1470,6.043310531,1.7,4.69,0.7,4.482589598,2.3
2007-05-01,307133.3333,7.8,842,1493,3.94285321,1.64,4.75,1.23,4.563148443,2.266666667
2007-06-01,304166.6667,8.2,793,1407,1.84239589,1.6,5.1,1.77,4.643707287,2.233333333
2007-07-01,301200,8.3,778,1361,-0.258061431,1.65,5,2.3,4.724266132,2.2
2007-08-01,302733.3333,9.2,699,1321,0.397820701,1.98,4.67,1.9,4.68942476,2.3
2007-09-01,304266.6667,9.2,686,1261,1.053702833,2.07,4.52,1.5,4.654583388,2.4
2007-10-01,305800,8.5,727,1192,1.709584965,1.95,4.53,1.1,4.619742016,2.5
2007-11-01,300666.6667,9.4,641,1224,-1.902389409,2.25,4.15,0.37,4.8549912,0.9
2007-12-01,295533.3333,9.6,619,1149,-5.514363783,2.55,4.1,-0.37,5.090240385,-0.7
2008-01-01,290400,9.3,627,1094,-9.126338157,2.8,3.74,-1.1,5.325489569,-2.3
2008-02-01,295000,9.7,593,1014,-5.331489809,3.08,3.74,-0.53,5.323493959,-0.833333333
2008-03-01,299600,10.5,535,967,-1.536641462,3.38,3.51,0.03,5.321498349,0.633333333
2008-04-01,304200,10.3,536,1008,2.258206886,3.29,3.68,0.6,5.319502739,2.1
2008-05-01,297833.3333,10.7,504,995,-1.990589859,3.05,3.88,-0.6,5.576461997,0.7
2008-06-01,291466.6667,10.7,487,1180,-6.239386605,2.97,4.1,-1.8,5.833421254,-0.7
2008-07-01,285100,10.5,477,921,-10.48818335,3.15,4.01,-3,6.090380512,-2.1
2008-08-01,282266.6667,11.3,435,858,-17.13717181,3.26,3.89,-3.23,6.278496984,-4.2
2008-09-01,279433.3333,10.9,433,797,-23.78616027,3.62,3.69,-3.47,6.466613457,-6.3
2008-10-01,276600,11.6,393,736,-30.43514873,5.07,3.81,-3.7,6.654729929,-8.4
2008-11-01,270066.6667,11.4,389,626,-23.97268384,5.68,3.53,-2.77,7.410009387,-7.066666667
2008-12-01,263533.3333,11.2,377,554,-17.51021895,6.01,2.42,-1.83,8.165288844,-5.733333333
2009-01-01,257000,12.2,336,545,-11.04775406,5.62,2.52,-0.9,8.920568302,-4.4
2009-02-01,262466.6667,10.5,372,558,-3.303242523,5.21,2.87,-1.13,9.027487481,-3.133333333
2009-03-01,267933.3333,11,339,513,4.441269013,5.6,2.82,-1.37,9.134406661,-1.866666667
2009-04-01,273400,10.7,337,521,12.18578055,5.46,2.93,-1.6,9.24132584,-0.6
2009-05-01,273633.3333,9.3,376,556,12.54866171,4.77,3.29,-0.13,9.397081212,0.1
2009-06-01,273866.6667,8.5,393,601,12.91154286,3.78,3.72,1.33,9.552836585,0.8
2009-07-01,274100,7.9,411,595,13.27442402,3.53,3.56,2.8,9.708591957,1.5
2009-08-01,273700,7.5,418,616,11.9744798,2.99,3.59,1.67,9.68610751,2.5
2009-09-01,273300,7.8,386,609,10.67453557,2.91,3.4,0.53,9.663623063,3.5
2009-10-01,272900,7.4,396,583,9.374591345,2.9,3.39,-0.6,9.641138616,4.5
2009-11-01,273700,7.6,375,623,6.749233392,2.92,3.4,0.27,9.940442367,3.5
2009-12-01,274500,8,352,664,4.12387544,2.78,3.59,1.13,10.23974612,2.5
2010-01-01,275300,8.1,345,636,1.498517487,2.52,3.73,2,10.53904987,1.5
2010-02-01,273133.3333,8.3,336,650,0.703918469,2.65,3.69,2.4,10.24148859,2.233333333
2010-03-01,270966.6667,7.1,381,687,-0.090680548,2.54,3.73,2.8,9.943927301,2.966666667
2010-04-01,268800,6.2,422,637,-0.885279566,2.4,3.85,3.2,9.646366016,3.7
2010-05-01,267866.6667,9.3,280,575,-1.381151165,2.63,3.42,3.07,9.633462075,3.466666667
2010-06-01,266933.3333,8.3,305,587,-1.877022763,3.03,3.2,2.93,9.620558135,3.233333333
2010-07-01,266000,8.9,283,579,-2.372894362,3,3.01,2.8,9.607654194,3
2010-08-01,270000,8.8,282,580,1.71840378,2.96,2.7,2.77,9.498116115,2.666666667
2010-09-01,274000,7.6,317,563,5.809701922,3.01,2.65,2.73,9.388578037,2.333333333
2010-10-01,278000,8.2,291,558,9.901000064,3.18,2.54,2.7,9.279039958,2
2010-11-01,274700,8.2,287,560,9.232623228,3.16,2.76,2.37,9.401415743,1
2010-12-01,271400,7,326,632,8.564246393,2.81,3.29,2.03,9.523791528,0
2011-01-01,268100,7.3,307,576,7.895869557,2.7,3.39,1.7,9.646167313,-1
2011-02-01,267933.3333,8.1,270,542,5.604022834,2.57,3.58,1.43,9.44416687,0.3
2011-03-01,267766.6667,7.2,300,583,3.312176111,2.62,3.41,1.17,9.242166427,1.6
2011-04-01,267600,6.7,310,581,1.020329388,2.56,3.46,0.9,9.040165984,2.9
2011-05-01,266066.6667,6.6,305,618,-2.322164631,2.61,3.17,1.13,9.082196004,1.9
2011-06-01,264533.3333,6.6,301,636,-5.664658649,2.75,3,1.37,9.124226024,0.9
2011-07-01,263000,6.7,296,621,-9.007152668,2.76,3,1.6,9.166256044,-0.1
2011-08-01,261900,6.5,299,647,-7.106007093,3.06,2.3,1.3,8.91510882,1.5
2011-09-01,260800,6.3,304,610,-5.204861519,3.29,1.98,1,8.663961597,3.1
2011-10-01,259700,6,316,671,-3.303715944,3.22,2.15,0.7,8.412814373,4.7
2011-11-01,265800,5.7,328,706,0.784087316,3.13,2.01,1.57,8.529047873,4.2
2011-12-01,271900,5.3,341,697,4.871890577,3.27,1.98,2.43,8.645281373,3.7
2012-01-01,278000,5.3,335,712,8.959693837,3.26,1.97,3.3,8.761514873,3.2
2012-02-01,279566.6667,4.8,366,738,5.062005361,3.17,1.97,2.4,8.543813018,2.7
2012-03-01,281133.3333,4.9,354,806,1.164316886,3.06,2.17,1.5,8.326111164,2.2
2012-04-01,282700,4.9,354,732,-2.73337159,3.14,2.05,0.6,8.108409309,1.7
2012-05-01,286633.3333,4.7,370,796,-0.756913461,3.27,1.8,0.63,8.133974135,1.3
2012-06-01,290566.6667,4.8,360,794,1.219544669,3.4,1.62,0.67,8.159538962,0.9
2012-07-01,294500,4.6,369,849,3.196002798,3.34,1.53,0.7,8.185103788,0.5
2012-08-01,295566.6667,4.6,375,840,3.148872636,3.23,1.68,1.07,7.992522838,0.5
2012-09-01,296633.3333,4.5,385,930,3.101742474,3.12,1.72,1.43,7.799941888,0.5
2012-10-01,297700,4.9,358,887,3.054612312,2.83,1.75,1.8,7.607360938,0.5
2012-11-01,300933.3333,4.6,392,917,4.594400997,2.86,1.65,1.9,7.798848516,1.533333333
2012-12-01,304166.6667,4.5,399,941,6.134189683,2.91,1.72,2,7.990336093,2.566666667
2013-01-01,307400,4,446,940,7.673978368,2.82,1.91,2.1,8.181823671,3.6
2013-02-01,311733.3333,4.1,447,979,6.425992486,2.87,1.98,1.5,7.957675492,2.566666667
2013-03-01,316066.6667,4.2,444,936,5.178006603,2.89,1.96,0.9,7.733527314,1.533333333
2013-04-01,320400,4.4,441,1016,3.930020721,2.83,1.76,0.3,7.509379135,0.5
2013-05-01,321733.3333,4.6,428,1003,3.618665182,2.8,1.93,0.73,7.49756529,1.4
2013-06-01,323066.6667,4.1,470,941,3.307309642,2.89,2.3,1.17,7.485751445,2.3
2013-07-01,324400,5.5,375,998,2.995954103,2.74,2.58,1.6,7.4739376,3.2
2013-08-01,327733.3333,5.5,381,961,3.785159799,2.68,2.74,2.23,7.241210892,3.2
2013-09-01,331066.6667,5.4,403,1004,4.574365496,2.66,2.81,2.87,7.008484184,3.2
2013-10-01,334400,4.9,444,1041,5.363571192,2.69,2.62,3.5,6.775757476,3.2
2013-11-01,333400,5,446,1031,4.400499003,2.66,2.72,2.87,6.877935524,1.8
2013-12-01,332400,5.2,433,1009,3.437426815,2.48,2.9,2.23,6.980113572,0.4
2014-01-01,331400,5.1,445,985,2.474354626,2.33,2.86,1.6,7.08229162,-1
2014-02-01,334466.6667,5.2,429,1047,2.96869213,2.39,2.71,2.53,6.771877414,1.033333333
2014-03-01,337533.3333,5.6,409,1061,3.463029633,2.34,2.72,3.47,6.461463209,3.066666667
2014-04-01,340600,5.7,400,1089,3.957367137,2.19,2.71,4.4,6.151049003,5.1
2014-05-01,340533.3333,5.2,452,1019,3.357223487,2.2,2.56,4.43,6.183314843,5.033333333
2014-06-01,340466.6667,5.7,416,1002,2.757079836,2.2,2.6,4.47,6.215580682,4.966666667
2014-07-01,340400,6.1,402,1072,2.156936186,2.19,2.54,4.5,6.247846522,4.9
2014-08-01,350066.6667,5.5,455,1042,0.88548555,2.27,2.42,4.57,6.01197602,3.9
2014-09-01,359733.3333,5.4,466,1072,-0.385965087,2.27,2.53,4.63,5.776105517,2.9
2014-10-01,369400,5.3,472,1099,-1.657415723,2.39,2.3,4.7,5.540235015,1.9
2014-11-01,362266.6667,5.7,444,1063,-0.729352589,2.46,2.33,4.3,5.665226619,2.366666667
2014-12-01,355133.3333,5.2,488,1077,0.198710546,2.53,2.21,3.9,5.790218222,2.833333333
2015-01-01,348000,4.8,522,1060,1.12677368,2.57,1.88,3.5,5.915209826,3.3
2015-02-01,345233.3333,4.4,556,1133,1.440603768,2.53,1.98,3.47,5.735859168,3.3
2015-03-01,342466.6667,5.1,485,1071,1.754433857,2.5,2.04,3.43,5.556508509,3.3
2015-04-01,339700,4.9,503,1170,2.068263945,2.54,1.94,3.4,5.377157851,3.3
2015-05-01,342266.6667,5,504,1271,-0.532917447,2.69,2.2,3.23,5.342953573,2.533333333
2015-06-01,344833.3333,5.5,474,1362,-3.134098838,2.77,2.36,3.07,5.308749294,1.766666667
2015-07-01,347400,5.2,498,1139,-5.73528023,2.88,2.32,2.9,5.274545016,1
2015-08-01,353833.3333,5.1,515,1159,-4.237232623,3.02,2.17,2.7,5.149211929,0.8
2015-09-01,360266.6667,5.9,456,1135,-2.739185017,3.17,2.17,2.5,5.023878843,0.6
2015-10-01,366700,5.7,476,1162,-1.24113741,3.27,2.07,2.3,4.898545756,0.4
2015-11-01,363466.6667,5.5,504,1258,-2.928132391,3.2,2.26,2.33,5.024865426,0.766666667
2015-12-01,360233.3333,5.2,534,1217,-4.615127371,3.22,2.24,2.37,5.151185096,1.133333333
2016-01-01,357000,5.5,519,1179,-6.302122352,3.36,2.09,2.4,5.277504766,1.5
2016-02-01,357300,5.4,527,1195,-1.801849324,3.56,1.78,2.73,5.134536098,1.766666667
2016-03-01,357600,5.4,538,1106,2.698423703,3.24,1.89,3.07,4.991567431,2.033333333
2016-04-01,357900,5.1,566,1162,7.198696731,2.98,1.81,3.4,4.848598763,2.3
2016-05-01,358200,5.2,558,1192,5.952828906,2.87,1.81,3.17,4.908938066,2.166666667
2016-06-01,358500,5.2,560,1194,4.70696108,2.89,1.64,2.93,4.96927737,2.033333333
2016-07-01,358800,4.5,632,1185,3.461093255,2.72,1.5,2.7,5.029616673,1.9
2016-08-01,360833.3333,5,572,1195,2.470300516,2.68,1.56,2.67,4.879138709,1.866666667
2016-09-01,362866.6667,5.2,566,1276,1.479507777,2.68,1.63,2.63,4.728660744,1.833333333
2016-10-01,364900,5.2,573,1276,0.488715038,2.62,1.76,2.6,4.57818278,1.8
2016-11-01,368200,5.3,568,1249,2.202630326,2.57,2.14,2.33,4.693078182,1.8
2016-12-01,371500,5.6,546,1263,3.916545615,2.34,2.49,2.07,4.807973585,1.8
2017-01-01,374800,5.3,596,1329,5.630460903,2.23,2.43,1.8,4.922868987,1.8
2017-02-01,375500,5.1,618,1248,4.357403541,2.22,2.42,2.17,4.708107218,2.2
2017-03-01,376200,5,643,1279,3.084346178,2.2,2.48,2.53,4.493345449,2.6
2017-04-01,376900,5.4,593,1255,1.811288816,2.27,2.3,2.9,4.27858368,3
2017-05-01,375666.6667,5.4,604,1205,2.171000207,2.25,2.3,2.67,4.341598032,2.933333333
2017-06-01,374433.3333,5.3,616,1312,2.530711598,2.18,2.19,2.43,4.404612385,2.866666667
2017-07-01,373200,6,556,1258,2.890422989,2.07,2.32,2.2,4.467626737,2.8
2017-08-01,382033.3333,6,558,1300,3.481823108,2.1,2.21,2.77,4.295107985,2.633333333
2017-09-01,390866.6667,5.3,637,1254,4.073223228,2.1,2.2,3.33,4.122589232,2.466666667
2017-10-01,399700,5.6,618,1343,4.664623347,1.96,2.36,3.9,3.95007048,2.3
2017-11-01,391333.3333,4.9,712,1323,4.173400798,1.92,2.35,2.77,4.096723647,2.266666667
2017-12-01,382966.6667,5.5,636,1320,3.682178249,1.82,2.4,1.63,4.243376814,2.233333333
2018-01-01,374600,5.6,633,1366,3.1909557,1.68,2.58,0.5,4.390029981,2.2
2018-02-01,375866.6667,5.4,663,1323,1.435487813,1.65,2.86,1.6,4.212144179,2.866666667
2018-03-01,377133.3333,5.3,672,1377,-0.319980075,1.8,2.84,2.7,4.034258378,3.533333333
2018-04-01,378400,5.7,633,1364,-2.075447962,1.8,2.87,3.8,3.856372576,4.2
2018-05-01,383233.3333,5.5,653,1301,-0.558772543,1.85,2.98,3.7,3.864886776,3.933333333
2018-06-01,388066.6667,6,612,1292,0.957902877,1.92,2.91,3.6,3.873400977,3.666666667
2018-07-01,392900,6.2,606,1303,2.474578296,1.9,2.89,3.5,3.881915177,3.4
2018-08-01,388233.3333,6.3,601,1249,-0.312171634,1.88,2.89,3.27,3.795670322,3.133333333
2018-09-01,383566.6667,6.3,609,1270,-3.098921564,1.88,3,3.03,3.709425466,2.866666667
2018-10-01,378900,7.2,549,1265,-5.885671494,1.92,3.15,2.8,3.623180611,2.6
2018-11-01,378900,6.7,599,1322,-5.885671494,2.1,3.12,2.8,3.623180611,2.6
2018-12-01,378900,6.6,621,1326,-5.885671494,2.3,2.83,2.8,3.623180611,2.6
