,H_RATIO_M,H_RATIO_M_PCT_CHG,H_RATIO_Q_PCT_CHG,H_RATIO_A_PCT_CHG,H_RATIO_2A_PCT_CHG,H_RATIO_3A_PCT_CHG
1962-01-01,4.7,0.0,0.0,0.0,0.2978723404255319,0.17021276595744683
1962-02-01,4.7,0.0,0.0,0.0,0.2978723404255319,0.17021276595744683
1962-03-01,4.7,0.0,0.0,0.0,0.2978723404255319,0.17021276595744683
1962-04-01,4.7,0.0,0.0,0.0,0.2978723404255319,0.17021276595744683
1962-05-01,4.7,0.0,0.0,0.0,0.2978723404255319,0.17021276595744683
1962-06-01,4.7,0.0,0.0,0.0,0.2978723404255319,0.17021276595744683
1962-07-01,4.7,0.0,0.0,0.0,0.2978723404255319,0.17021276595744683
1962-08-01,4.7,0.0,0.0,0.0,0.2978723404255319,0.17021276595744683
1962-09-01,4.7,0.0,0.0,0.0,0.2978723404255319,0.17021276595744683
1962-10-01,4.7,0.0,0.0,0.0,0.2978723404255319,0.17021276595744683
1962-11-01,4.7,0.0,0.0,0.0,0.2978723404255319,0.17021276595744683
1962-12-01,4.7,0.0,0.0,0.0,0.2978723404255319,0.17021276595744683
1963-01-01,4.7,0.0,0.0,0.0,0.2978723404255319,0.17021276595744683
1963-02-01,6.6,0.404255319148936,0.404255319148936,0.404255319148936,0.2978723404255319,0.17021276595744683
1963-03-01,6.4,-0.030303030303030165,0.36170212765957444,0.36170212765957444,0.2978723404255319,0.17021276595744683
1963-04-01,5.3,-0.1718750000000001,-0.1969696969696969,0.12765957446808507,0.2978723404255319,0.17021276595744683
1963-05-01,5.1,-0.037735849056603765,-0.2031250000000001,0.0851063829787233,0.2978723404255319,0.17021276595744683
1963-06-01,6.0,0.17647058823529416,0.13207547169811318,0.2765957446808509,0.2978723404255319,0.17021276595744683
1963-07-01,4.6,-0.2333333333333334,-0.0980392156862745,-0.021276595744680993,0.2978723404255319,0.17021276595744683
1963-08-01,5.6,0.21739130434782616,-0.06666666666666676,0.1914893617021276,0.2978723404255319,0.17021276595744683
1963-09-01,5.4,-0.03571428571428559,0.17391304347826098,0.14893617021276606,0.2978723404255319,0.17021276595744683
1963-10-01,5.9,0.09259259259259256,0.0535714285714286,0.25531914893617014,0.2978723404255319,0.17021276595744683
1963-11-01,5.5,-0.06779661016949157,0.01851851851851838,0.17021276595744683,0.2978723404255319,0.17021276595744683
1963-12-01,6.1,0.10909090909090913,0.03389830508474567,0.2978723404255319,0.2978723404255319,0.17021276595744683
1964-01-01,5.8,-0.0491803278688524,0.05454545454545445,-0.12121212121212122,0.23404255319148937,0.17021276595744683
1964-02-01,5.5,-0.051724137931034475,-0.09836065573770492,-0.140625,0.17021276595744683,0.17021276595744683
1964-03-01,5.8,0.05454545454545445,0.0,0.09433962264150941,0.23404255319148937,0.17021276595744683
1964-04-01,6.0,0.034482758620689724,0.09090909090909083,0.17647058823529416,0.2765957446808509,0.17021276595744683
1964-05-01,6.2,0.03333333333333344,0.06896551724137945,0.03333333333333344,0.31914893617021267,0.17021276595744683
1964-06-01,5.7,-0.08064516129032262,-0.04999999999999993,0.23913043478260887,0.2127659574468086,0.17021276595744683
1964-07-01,5.5,-0.03508771929824561,-0.11290322580645162,-0.017857142857142794,0.17021276595744683,0.17021276595744683
1964-08-01,5.4,-0.018181818181818077,-0.05263157894736836,0.0,0.14893617021276606,0.17021276595744683
1964-09-01,5.4,0.0,-0.018181818181818077,-0.0847457627118644,0.14893617021276606,0.17021276595744683
1964-10-01,5.3,-0.0185185185185186,-0.0185185185185186,-0.036363636363636376,0.12765957446808507,0.17021276595744683
1964-11-01,5.6,0.05660377358490565,0.03703703703703698,-0.08196721311475408,0.1914893617021276,0.17021276595744683
1964-12-01,5.5,-0.017857142857142794,0.037735849056603765,-0.051724137931034475,0.17021276595744683,0.17021276595744683
1965-01-01,5.6,0.018181818181818077,0.0,0.018181818181818077,-0.1515151515151515,0.1914893617021276
1965-02-01,5.5,-0.017857142857142794,0.0,-0.051724137931034475,-0.140625,0.17021276595744683
1965-03-01,5.4,-0.018181818181818077,-0.03571428571428559,-0.09999999999999998,0.018867924528301883,0.14893617021276606
1965-04-01,5.6,0.03703703703703698,0.018181818181818077,-0.09677419354838723,0.0980392156862746,0.1914893617021276
1965-05-01,5.3,-0.05357142857142849,-0.0185185185185186,-0.07017543859649134,-0.1166666666666667,0.12765957446808507
1965-06-01,4.7,-0.1132075471698113,-0.1607142857142856,-0.1454545454545454,0.021739130434782705,0.0
1965-07-01,5.2,0.1063829787234043,-0.01886792452830177,-0.03703703703703709,-0.07142857142857129,0.1063829787234043
1965-08-01,4.6,-0.11538461538461553,-0.021276595744680993,-0.14814814814814825,-0.14814814814814825,-0.021276595744680993
1965-09-01,4.9,0.0652173913043479,-0.05769230769230771,-0.07547169811320742,-0.1694915254237288,0.042553191489361764
1965-10-01,5.0,0.020408163265306145,0.0869565217391306,-0.1071428571428571,-0.09090909090909094,0.06382978723404253
1965-11-01,4.6,-0.08000000000000007,-0.061224489795918546,-0.1636363636363637,-0.24590163934426235,-0.021276595744680993
1965-12-01,4.4,-0.04347826086956508,-0.11999999999999988,-0.2142857142857142,-0.2413793103448275,-0.06382978723404253
1966-01-01,4.7,0.06818181818181812,0.021739130434782705,-0.1454545454545454,-0.1454545454545454,-0.28787878787878785
1966-02-01,4.9,0.042553191489361764,0.11363636363636354,-0.09259259259259256,-0.15517241379310331,-0.234375
1966-03-01,5.0,0.020408163265306145,0.06382978723404253,-0.1071428571428571,-0.16666666666666663,-0.05660377358490565
1966-04-01,5.1,0.020000000000000018,0.04081632653061207,-0.037735849056603765,-0.17741935483870974,0.0
1966-05-01,5.3,0.03921568627450989,0.06000000000000005,0.12765957446808507,-0.07017543859649134,-0.1166666666666667
1966-06-01,6.0,0.13207547169811318,0.17647058823529416,0.15384615384615374,0.09090909090909083,0.30434782608695654
1966-07-01,5.9,-0.016666666666666607,0.11320754716981152,0.28260869565217406,0.09259259259259256,0.0535714285714286
1966-08-01,6.8,0.15254237288135575,0.1333333333333333,0.3877551020408161,0.2592592592592591,0.2592592592592591
1966-09-01,7.2,0.05882352941176472,0.22033898305084731,0.43999999999999995,0.358490566037736,0.22033898305084731
1966-10-01,6.3,-0.125,-0.07352941176470584,0.36956521739130443,0.125,0.1454545454545455
1966-11-01,6.2,-0.015873015873015817,-0.13888888888888884,0.40909090909090895,0.1272727272727272,0.016393442622950838
1966-12-01,6.3,0.016129032258064502,0.0,0.34042553191489344,0.125,0.0862068965517242
1967-01-01,5.7,-0.09523809523809523,-0.08064516129032262,0.16326530612244894,0.036363636363636376,0.036363636363636376
1967-02-01,5.7,0.0,-0.09523809523809523,0.14000000000000012,0.05555555555555558,-0.01724137931034475
1967-03-01,5.4,-0.05263157894736836,-0.05263157894736836,0.05882352941176494,-0.03571428571428559,-0.09999999999999998
1967-04-01,4.9,-0.09259259259259256,-0.14035087719298245,-0.07547169811320742,-0.07547169811320742,-0.20967741935483863
1967-05-01,4.5,-0.08163265306122458,-0.16666666666666674,-0.25,-0.042553191489361764,-0.21052631578947367
1967-06-01,4.6,0.022222222222222143,-0.061224489795918546,-0.22033898305084754,-0.11538461538461553,-0.1636363636363637
1967-07-01,4.4,-0.04347826086956508,-0.022222222222222143,-0.3529411764705882,-0.04347826086956508,-0.18518518518518512
1967-08-01,4.4,0.0,-0.04347826086956508,-0.38888888888888884,-0.10204081632653061,-0.18518518518518512
1967-09-01,4.3,-0.022727272727272818,-0.022727272727272818,-0.31746031746031744,-0.14,-0.18867924528301883
1967-10-01,4.1,-0.04651162790697683,-0.06818181818181834,-0.33870967741935487,-0.10869565217391308,-0.2678571428571429
1967-11-01,4.6,0.12195121951219523,0.06976744186046502,-0.2698412698412699,0.04545454545454519,-0.1636363636363637
1967-12-01,4.7,0.021739130434782705,0.14634146341463428,-0.17543859649122806,0.0,-0.1607142857142856
1968-01-01,4.7,0.0,0.021739130434782705,-0.17543859649122806,-0.04081632653061229,-0.1454545454545454
1968-02-01,4.1,-0.12765957446808518,-0.12765957446808518,-0.2407407407407408,-0.18000000000000005,-0.2407407407407408
1968-03-01,4.8,0.17073170731707332,0.02127659574468077,-0.020408163265306256,-0.05882352941176472,-0.1428571428571428
1968-04-01,4.9,0.02083333333333348,0.19512195121951237,0.08888888888888902,-0.07547169811320742,-0.07547169811320742
1968-05-01,5.5,0.12244897959183665,0.14583333333333348,0.19565217391304368,-0.08333333333333337,0.17021276595744683
1968-06-01,5.5,0.0,0.12244897959183665,0.25,-0.06779661016949157,0.05769230769230771
1968-07-01,5.1,-0.07272727272727275,-0.07272727272727275,0.15909090909090895,-0.25,0.10869565217391308
1968-08-01,5.0,-0.019607843137254832,-0.09090909090909094,0.16279069767441867,-0.3055555555555556,0.020408163265306145
1968-09-01,5.1,0.020000000000000018,0.0,0.24390243902439024,-0.19047619047619047,0.020000000000000018
1968-10-01,5.2,0.019607843137255054,0.040000000000000036,0.1304347826086958,-0.16129032258064513,0.1304347826086958
1968-11-01,5.6,0.07692307692307687,0.0980392156862746,0.1914893617021276,-0.11111111111111116,0.2727272727272725
1968-12-01,5.2,-0.07142857142857129,0.0,0.1063829787234043,-0.08771929824561409,0.1063829787234043
1969-01-01,5.5,0.05769230769230771,-0.017857142857142794,0.3414634146341464,-0.03508771929824561,0.12244897959183665
1969-02-01,4.9,-0.10909090909090902,-0.05769230769230771,0.02083333333333348,-0.09259259259259256,-0.019999999999999907
1969-03-01,5.7,0.16326530612244894,0.036363636363636376,0.16326530612244894,0.16326530612244894,0.11764705882352944
1969-04-01,6.0,0.05263157894736836,0.22448979591836715,0.09090909090909083,0.33333333333333326,0.13207547169811318
1969-05-01,6.1,0.016666666666666607,0.07017543859649122,0.10909090909090913,0.32608695652173925,0.016666666666666607
1969-06-01,5.8,-0.0491803278688524,-0.033333333333333326,0.13725490196078427,0.3181818181818181,-0.016949152542372947
1969-07-01,6.3,0.0862068965517242,0.032786885245901676,0.26,0.43181818181818166,-0.07352941176470584
1969-08-01,6.5,0.031746031746031855,0.12068965517241392,0.27450980392156876,0.5116279069767442,-0.09722222222222221
1969-09-01,6.9,0.06153846153846154,0.09523809523809534,0.32692307692307687,0.6829268292682928,0.09523809523809534
1969-10-01,7.0,0.014492753623188248,0.07692307692307687,0.25,0.5217391304347827,0.12903225806451601
1969-11-01,6.2,-0.11428571428571421,-0.10144927536231885,0.1923076923076923,0.31914893617021267,-0.015873015873015817
1969-12-01,6.1,-0.016129032258064613,-0.12857142857142867,0.10909090909090913,0.2978723404255319,0.07017543859649122
1970-01-01,5.5,-0.09836065573770492,-0.11290322580645162,0.12244897959183665,0.3414634146341464,-0.03508771929824561
1970-02-01,7.2,0.3090909090909091,0.18032786885245922,0.26315789473684204,0.5,0.33333333333333326
1970-03-01,6.8,-0.05555555555555558,0.23636363636363633,0.1333333333333333,0.3877551020408161,0.3877551020408161
1970-04-01,6.0,-0.11764705882352944,-0.16666666666666674,-0.016393442622950727,0.09090909090909083,0.33333333333333326
1970-05-01,5.7,-0.04999999999999993,-0.16176470588235292,-0.01724137931034475,0.036363636363636376,0.23913043478260887
1970-06-01,5.5,-0.03508771929824561,-0.08333333333333337,-0.12698412698412698,0.07843137254901977,0.25
1970-07-01,5.4,-0.018181818181818077,-0.05263157894736836,-0.16923076923076918,0.08000000000000007,0.2272727272727273
1970-08-01,5.1,-0.05555555555555569,-0.07272727272727275,-0.26086956521739135,0.0,0.18604651162790686
1970-09-01,4.7,-0.07843137254901955,-0.12962962962962965,-0.3285714285714285,-0.09615384615384615,0.14634146341463428
1970-10-01,4.8,0.02127659574468077,-0.05882352941176472,-0.22580645161290325,-0.1428571428571428,0.04347826086956519
1970-11-01,4.6,-0.04166666666666674,-0.021276595744680993,-0.24590163934426235,-0.11538461538461553,-0.021276595744680993
1970-12-01,4.7,0.021739130434782705,-0.02083333333333326,-0.1454545454545454,-0.1454545454545454,0.0
1971-01-01,4.3,-0.08510638297872353,-0.06521739130434778,-0.4027777777777778,-0.12244897959183687,0.04878048780487809
1971-02-01,4.4,0.023255813953488413,-0.06382978723404253,-0.3529411764705882,-0.22807017543859642,-0.08333333333333326
1971-03-01,4.0,-0.09090909090909094,-0.06976744186046513,-0.33333333333333337,-0.33333333333333337,-0.1836734693877552
1971-04-01,4.2,0.050000000000000044,-0.045454545454545525,-0.26315789473684215,-0.3114754098360655,-0.23636363636363633
1971-05-01,4.6,0.09523809523809512,0.1499999999999999,-0.1636363636363637,-0.206896551724138,-0.1636363636363637
1971-06-01,4.7,0.021739130434782705,0.11904761904761907,-0.12962962962962965,-0.25396825396825395,-0.07843137254901955
1971-07-01,4.1,-0.12765957446808518,-0.10869565217391308,-0.196078431372549,-0.36923076923076925,-0.18000000000000005
1971-08-01,4.7,0.14634146341463428,0.0,0.0,-0.3188405797101449,-0.07843137254901955
1971-09-01,5.2,0.1063829787234043,0.2682926829268295,0.08333333333333348,-0.2571428571428571,0.0
1971-10-01,5.0,-0.03846153846153855,0.06382978723404253,0.0869565217391306,-0.19354838709677424,-0.1071428571428571
1971-11-01,4.9,-0.019999999999999907,-0.05769230769230771,0.042553191489361764,-0.19672131147540972,-0.05769230769230771
1971-12-01,5.1,0.04081632653061207,0.020000000000000018,0.18604651162790686,-0.07272727272727275,-0.07272727272727275
1972-01-01,5.2,0.019607843137255054,0.061224489795918435,0.18181818181818166,-0.2777777777777778,0.061224489795918435
1972-02-01,5.4,0.03846153846153855,0.05882352941176494,0.3500000000000001,-0.2058823529411764,-0.05263157894736836
1972-03-01,6.1,0.12962962962962954,0.1730769230769229,0.45238095238095233,0.016666666666666607,0.016666666666666607
1972-04-01,5.8,-0.0491803278688524,0.07407407407407396,0.26086956521739135,0.01754385964912264,-0.0491803278688524
1972-05-01,6.1,0.051724137931034475,0.0,0.2978723404255319,0.10909090909090913,0.051724137931034475
1972-06-01,6.3,0.032786885245901676,0.0862068965517242,0.5365853658536586,0.16666666666666652,0.0
1972-07-01,6.3,0.0,0.032786885245901676,0.34042553191489344,0.23529411764705888,-0.03076923076923077
1972-08-01,6.0,-0.04761904761904756,-0.04761904761904756,0.15384615384615374,0.2765957446808509,-0.13043478260869568
1972-09-01,6.2,0.03333333333333344,-0.015873015873015817,0.24,0.29166666666666674,-0.11428571428571421
1972-10-01,5.7,-0.08064516129032262,-0.04999999999999993,0.16326530612244894,0.23913043478260887,-0.08064516129032262
1972-11-01,6.8,0.1929824561403508,0.09677419354838701,0.3333333333333335,0.44680851063829774,0.11475409836065587
1972-12-01,6.5,-0.044117647058823484,0.14035087719298245,0.25,0.5116279069767442,0.18181818181818188
1973-01-01,6.5,0.0,-0.044117647058823484,0.20370370370370372,0.47727272727272707,-0.09722222222222221
1973-02-01,6.8,0.04615384615384621,0.04615384615384621,0.11475409836065587,0.7,0.0
1973-03-01,7.0,0.02941176470588247,0.07692307692307687,0.2068965517241379,0.6666666666666665,0.16666666666666674
1973-04-01,7.7,0.10000000000000009,0.13235294117647056,0.2622950819672132,0.673913043478261,0.3508771929824561
1973-05-01,7.5,-0.025974025974025983,0.0714285714285714,0.19047619047619047,0.5957446808510638,0.36363636363636354
1973-06-01,7.8,0.040000000000000036,0.01298701298701288,0.23809523809523814,0.902439024390244,0.4444444444444444
1973-07-01,8.7,0.11538461538461542,0.15999999999999992,0.44999999999999996,0.8510638297872337,0.7058823529411764
1973-08-01,9.4,0.08045977011494276,0.2051282051282053,0.5161290322580645,0.8076923076923077,1.0
1973-09-01,9.5,0.010638297872340496,0.09195402298850586,0.6666666666666665,0.8999999999999999,0.9791666666666667
1973-10-01,9.4,-0.010526315789473606,0.0,0.3823529411764708,0.9183673469387754,1.0434782608695654
1973-11-01,9.6,0.02127659574468077,0.010526315789473717,0.4769230769230768,0.8823529411764706,1.0425531914893615
1973-12-01,10.1,0.05208333333333326,0.07446808510638281,0.5538461538461539,0.9423076923076921,1.3488372093023258
1974-01-01,9.7,-0.03960396039603964,0.01041666666666674,0.42647058823529416,0.7962962962962961,1.2045454545454541
1974-02-01,9.6,-0.010309278350515427,-0.04950495049504955,0.37142857142857144,0.5737704918032787,1.4
1974-03-01,8.8,-0.08333333333333326,-0.09278350515463907,0.14285714285714302,0.517241379310345,1.0952380952380953
1974-04-01,9.1,0.03409090909090895,-0.05208333333333337,0.21333333333333337,0.4918032786885247,0.9782608695652175
1974-05-01,8.0,-0.1208791208791209,-0.09090909090909094,0.025641025641025772,0.26984126984126977,0.7021276595744681
1974-06-01,8.9,0.11250000000000004,-0.0219780219780219,0.02298850574712663,0.4126984126984128,1.1707317073170733
1974-07-01,8.8,-0.011235955056179692,0.10000000000000009,-0.06382978723404253,0.4666666666666668,0.8723404255319149
1974-08-01,9.3,0.05681818181818188,0.04494382022471921,-0.021052631578947323,0.5,0.7884615384615385
1974-09-01,9.1,-0.021505376344086113,0.03409090909090895,-0.03191489361702138,0.5964912280701753,0.8199999999999998
1974-10-01,9.8,0.0769230769230771,0.053763440860215006,0.02083333333333348,0.4411764705882355,1.0
1974-11-01,9.7,-0.010204081632653184,0.06593406593406592,-0.03960396039603964,0.4923076923076921,0.9019607843137254
1974-12-01,10.3,0.06185567010309301,0.05102040816326525,0.06185567010309301,0.5846153846153848,0.9807692307692308
1975-01-01,9.9,-0.03883495145631066,0.020618556701031077,0.03125,0.4558823529411766,0.8333333333333333
1975-02-01,10.4,0.05050505050505061,0.009708737864077666,0.18181818181818166,0.48571428571428577,0.7049180327868854
1975-03-01,8.9,-0.14423076923076927,-0.101010101010101,-0.0219780219780219,0.1558441558441559,0.5344827586206897
1975-04-01,7.2,-0.1910112359550562,-0.3076923076923077,-0.09999999999999998,-0.039999999999999925,0.18032786885245922
1975-05-01,6.8,-0.05555555555555558,-0.2359550561797753,-0.2359550561797753,-0.1282051282051282,0.0793650793650793
1975-06-01,7.2,0.05882352941176472,0.0,-0.18181818181818188,-0.17241379310344818,0.14285714285714302
1975-07-01,7.0,-0.02777777777777779,0.02941176470588247,-0.24731182795698925,-0.25531914893617025,0.16666666666666674
1975-08-01,6.8,-0.02857142857142858,-0.05555555555555558,-0.25274725274725274,-0.28421052631578947,0.09677419354838701
1975-09-01,7.3,0.07352941176470584,0.04285714285714293,-0.2551020408163266,-0.22340425531914898,0.2807017543859649
1975-10-01,6.6,-0.09589041095890416,-0.02941176470588236,-0.31958762886597936,-0.3125,-0.02941176470588236
1975-11-01,5.8,-0.12121212121212122,-0.20547945205479456,-0.4368932038834952,-0.4257425742574258,-0.10769230769230775
1975-12-01,5.8,0.0,-0.12121212121212122,-0.41414141414141414,-0.4020618556701031,-0.10769230769230775
1976-01-01,6.4,0.10344827586206895,0.10344827586206895,-0.3846153846153846,-0.33333333333333326,-0.05882352941176461
1976-02-01,5.9,-0.078125,0.017241379310344973,-0.3370786516853932,-0.3295454545454546,-0.15714285714285714
1976-03-01,6.8,0.15254237288135575,0.0625,-0.05555555555555558,-0.25274725274725274,-0.11688311688311692
1976-04-01,6.4,-0.05882352941176461,0.0847457627118644,-0.05882352941176461,-0.19999999999999996,-0.1466666666666666
1976-05-01,7.0,0.09375,0.02941176470588247,-0.02777777777777779,-0.2134831460674158,-0.10256410256410253
1976-06-01,6.9,-0.014285714285714235,0.078125,-0.014285714285714235,-0.21590909090909094,-0.2068965517241378
1976-07-01,6.4,-0.07246376811594202,-0.08571428571428563,-0.05882352941176461,-0.31182795698924737,-0.3191489361702128
1976-08-01,6.2,-0.03125,-0.10144927536231885,-0.15068493150684925,-0.31868131868131866,-0.34736842105263155
1976-09-01,6.2,0.0,-0.03125,-0.06060606060606055,-0.3673469387755103,-0.34042553191489366
1976-10-01,5.8,-0.06451612903225812,-0.06451612903225812,0.0,-0.4020618556701031,-0.39583333333333337
1976-11-01,6.0,0.034482758620689724,-0.032258064516129115,0.034482758620689724,-0.41747572815533984,-0.40594059405940597
1976-12-01,5.6,-0.06666666666666676,-0.034482758620689724,-0.1250000000000001,-0.43434343434343436,-0.42268041237113396
1977-01-01,5.3,-0.05357142857142849,-0.1166666666666667,-0.10169491525423735,-0.4903846153846154,-0.44791666666666663
1977-02-01,5.1,-0.037735849056603765,-0.0892857142857143,-0.25,-0.4269662921348315,-0.4204545454545455
1977-03-01,5.0,-0.019607843137254832,-0.05660377358490565,-0.21875,-0.3055555555555556,-0.4505494505494505
1977-04-01,5.5,0.10000000000000009,0.07843137254901977,-0.2142857142857143,-0.19117647058823528,-0.3125
1977-05-01,5.4,-0.018181818181818077,0.08000000000000007,-0.21739130434782605,-0.25,-0.3932584269662921
1977-06-01,5.5,0.01851851851851838,0.0,-0.140625,-0.2142857142857143,-0.375
1977-07-01,6.1,0.10909090909090913,0.12962962962962954,-0.016129032258064613,-0.10294117647058831,-0.3440860215053765
1977-08-01,5.8,-0.0491803278688524,0.05454545454545445,-0.06451612903225812,-0.20547945205479456,-0.3626373626373627
1977-09-01,5.9,0.017241379310344973,-0.032786885245901565,0.017241379310344973,-0.10606060606060597,-0.3979591836734694
1977-10-01,6.1,0.03389830508474567,0.051724137931034475,0.016666666666666607,0.051724137931034475,-0.3711340206185567
1977-11-01,6.0,-0.016393442622950727,0.016949152542372836,0.0714285714285714,0.034482758620689724,-0.41747572815533984
1977-12-01,6.0,0.0,-0.016393442622950727,0.13207547169811318,-0.0625,-0.3939393939393939
1978-01-01,5.9,-0.016666666666666607,-0.016666666666666607,0.15686274509803932,0.0,-0.4326923076923077
1978-02-01,6.3,0.06779661016949134,0.050000000000000044,0.26,-0.07352941176470584,-0.2921348314606742
1978-03-01,6.1,-0.031746031746031744,0.03389830508474567,0.10909090909090913,-0.04687500000000011,-0.1527777777777779
1978-04-01,5.8,-0.0491803278688524,-0.07936507936507942,0.07407407407407396,-0.17142857142857149,-0.1470588235294118
1978-05-01,5.9,0.017241379310344973,-0.032786885245901565,0.07272727272727275,-0.14492753623188404,-0.18055555555555558
1978-06-01,6.2,0.05084745762711851,0.06896551724137945,0.016393442622950838,-0.03125,-0.11428571428571421
1978-07-01,6.6,0.06451612903225801,0.11864406779661008,0.13793103448275867,0.06451612903225801,-0.02941176470588236
1978-08-01,6.6,0.0,0.06451612903225801,0.11864406779661008,0.06451612903225801,-0.09589041095890416
1978-09-01,5.9,-0.10606060606060597,-0.10606060606060597,-0.032786885245901565,0.017241379310344973,-0.10606060606060597
1978-10-01,5.7,-0.03389830508474578,-0.13636363636363624,-0.04999999999999993,-0.04999999999999993,-0.01724137931034475
1978-11-01,6.5,0.14035087719298245,0.10169491525423724,0.08333333333333326,0.1607142857142858,0.12068965517241392
1978-12-01,6.1,-0.06153846153846154,0.07017543859649122,0.03389830508474567,0.15094339622641506,-0.04687500000000011
1979-01-01,6.6,0.08196721311475419,0.01538461538461533,0.04761904761904767,0.2941176470588236,0.11864406779661008
1979-02-01,6.8,0.030303030303030276,0.11475409836065587,0.11475409836065587,0.3599999999999999,0.0
1979-03-01,6.6,-0.02941176470588236,0.0,0.13793103448275867,0.19999999999999996,0.031249999999999778
1979-04-01,6.8,0.030303030303030276,0.0,0.15254237288135575,0.2592592592592591,-0.02857142857142858
1979-05-01,7.1,0.044117647058823595,0.07575757575757569,0.14516129032258052,0.2909090909090908,0.02898550724637672
1979-06-01,7.4,0.04225352112676073,0.08823529411764719,0.12121212121212133,0.2131147540983609,0.15625
1979-07-01,7.1,-0.04054054054054068,0.0,0.07575757575757569,0.22413793103448265,0.14516129032258052
1979-08-01,6.9,-0.028169014084506894,-0.06756756756756754,0.1694915254237288,0.1694915254237288,0.11290322580645173
1979-09-01,7.4,0.07246376811594213,0.04225352112676073,0.29824561403508776,0.2131147540983609,0.27586206896551735
1979-10-01,7.4,0.0,0.07246376811594213,0.1384615384615384,0.2333333333333334,0.2333333333333334
1979-11-01,8.3,0.12162162162162171,0.12162162162162171,0.3606557377049182,0.3833333333333335,0.48214285714285743
1979-12-01,8.6,0.036144578313252795,0.16216216216216206,0.303030303030303,0.4576271186440677,0.6226415094339623
1980-01-01,7.9,-0.08139534883720922,-0.048192771084337394,0.16176470588235303,0.25396825396825395,0.5490196078431375
1980-02-01,8.6,0.08860759493670867,0.0,0.303030303030303,0.4098360655737705,0.72
1980-03-01,9.8,0.13953488372093026,0.240506329113924,0.4411764705882355,0.6896551724137934,0.781818181818182
1980-04-01,11.6,0.18367346938775508,0.34883720930232553,0.6338028169014085,0.9661016949152541,1.148148148148148
1980-05-01,9.2,-0.206896551724138,-0.061224489795918546,0.24324324324324298,0.4838709677419353,0.6727272727272726
1980-06-01,7.6,-0.17391304347826086,-0.3448275862068966,0.07042253521126751,0.1515151515151516,0.24590163934426235
1980-07-01,6.5,-0.14473684210526316,-0.2934782608695652,-0.05797101449275366,-0.015151515151515138,0.12068965517241392
1980-08-01,6.0,-0.07692307692307687,-0.21052631578947367,-0.18918918918918926,0.016949152542372836,0.016949152542372836
1980-09-01,7.3,0.21666666666666656,0.12307692307692308,-0.013513513513513598,0.2807017543859649,0.19672131147540983
1980-10-01,7.3,0.0,0.21666666666666656,-0.12048192771084343,0.12307692307692308,0.21666666666666656
1980-11-01,7.4,0.013698630136986356,0.013698630136986356,-0.13953488372093015,0.2131147540983609,0.2333333333333334
1980-12-01,7.6,0.027027027027026973,0.041095890410958846,-0.03797468354430389,0.1515151515151516,0.2881355932203389
1981-01-01,8.0,0.05263157894736836,0.08108108108108092,-0.06976744186046513,0.17647058823529416,0.26984126984126977
1981-02-01,8.1,0.012499999999999956,0.06578947368421062,-0.17346938775510212,0.2272727272727273,0.3278688524590163
1981-03-01,7.7,-0.0493827160493826,-0.03749999999999998,-0.3362068965517241,0.13235294117647056,0.3275862068965518
1981-04-01,8.6,0.11688311688311681,0.06172839506172845,-0.06521739130434778,0.21126760563380276,0.4576271186440677
1981-05-01,8.4,-0.023255813953488302,0.09090909090909083,0.10526315789473695,0.1351351351351351,0.3548387096774195
1981-06-01,9.2,0.09523809523809512,0.06976744186046502,0.41538461538461524,0.295774647887324,0.3939393939393938
1981-07-01,9.0,-0.021739130434782483,0.0714285714285714,0.5,0.30434782608695654,0.36363636363636376
1981-08-01,9.8,0.08888888888888902,0.0652173913043479,0.34246575342465757,0.32432432432432434,0.6610169491525424
1981-09-01,11.3,0.15306122448979598,0.25555555555555554,0.5479452054794522,0.527027027027027,0.9824561403508774
1981-10-01,10.3,-0.08849557522123896,0.05102040816326525,0.3918918918918919,0.24096385542168663,0.5846153846153848
1981-11-01,9.1,-0.1165048543689321,-0.19469026548672574,0.19736842105263164,0.058139534883721034,0.4918032786885247
1981-12-01,7.1,-0.21978021978021978,-0.3106796116504855,-0.11250000000000004,-0.10126582278481022,0.07575757575757569
1982-01-01,8.9,0.2535211267605635,-0.0219780219780219,0.09876543209876543,0.03488372093023262,0.3088235294117647
1982-02-01,9.2,0.033707865168539186,0.295774647887324,0.19480519480519476,-0.061224489795918546,0.3939393939393938
1982-03-01,8.7,-0.05434782608695654,-0.022471910112359716,0.011627906976744207,-0.25,0.27941176470588225
1982-04-01,9.4,0.08045977011494276,0.021739130434782705,0.11904761904761907,0.021739130434782705,0.323943661971831
1982-05-01,8.3,-0.11702127659574468,-0.045977011494252706,-0.09782608695652162,0.09210526315789491,0.12162162162162171
1982-06-01,8.3,0.0,-0.11702127659574468,-0.07777777777777772,0.27692307692307705,0.16901408450704247
1982-07-01,8.2,-0.012048192771084487,-0.012048192771084487,-0.16326530612244916,0.3666666666666665,0.188405797101449
1982-08-01,7.1,-0.13414634146341464,-0.14457831325301218,-0.37168141592920356,-0.0273972602739726,-0.04054054054054068
1982-09-01,6.7,-0.05633802816901401,-0.18292682926829262,-0.3495145631067962,-0.0821917808219178,-0.09459459459459463
1982-10-01,6.2,-0.07462686567164178,-0.12676056338028163,-0.31868131868131866,-0.16216216216216217,-0.2530120481927711
1982-11-01,5.4,-0.12903225806451613,-0.19402985074626866,-0.23943661971830976,-0.2894736842105262,-0.37209302325581384
1982-12-01,5.8,0.07407407407407396,-0.06451612903225812,-0.3483146067415731,-0.275,-0.26582278481012667
1983-01-01,5.4,-0.06896551724137923,0.0,-0.4130434782608695,-0.33333333333333326,-0.37209302325581384
1983-02-01,5.6,0.03703703703703698,-0.034482758620689724,-0.3563218390804598,-0.2727272727272728,-0.4285714285714286
1983-03-01,5.4,-0.03571428571428559,0.0,-0.42553191489361697,-0.37209302325581384,-0.5344827586206896
1983-04-01,5.1,-0.05555555555555569,-0.0892857142857143,-0.3855421686746989,-0.3928571428571429,-0.44565217391304346
1983-05-01,4.9,-0.039215686274509665,-0.09259259259259256,-0.40963855421686746,-0.46739130434782605,-0.3552631578947367
1983-06-01,5.3,0.08163265306122436,0.03921568627450989,-0.35365853658536583,-0.4111111111111111,-0.18461538461538463
1983-07-01,5.8,0.09433962264150941,0.18367346938775508,-0.18309859154929575,-0.40816326530612246,-0.033333333333333326
1983-08-01,6.2,0.06896551724137945,0.16981132075471694,-0.07462686567164178,-0.4513274336283186,-0.15068493150684925
1983-09-01,6.2,0.0,0.06896551724137945,0.0,-0.3980582524271845,-0.15068493150684925
1983-10-01,5.6,-0.09677419354838723,-0.09677419354838723,0.03703703703703698,-0.3846153846153846,-0.2432432432432433
1983-11-01,5.8,0.03571428571428581,-0.06451612903225812,0.0,-0.18309859154929575,-0.23684210526315785
1983-12-01,4.7,-0.18965517241379304,-0.1607142857142856,-0.12962962962962965,-0.4719101123595506,-0.4125
1984-01-01,5.3,0.12765957446808507,-0.08620689655172409,-0.05357142857142849,-0.42391304347826086,-0.345679012345679
1984-02-01,5.1,-0.037735849056603765,0.0851063829787233,-0.05555555555555569,-0.4137931034482758,-0.3376623376623378
1984-03-01,6.1,0.196078431372549,0.15094339622641506,0.196078431372549,-0.35106382978723405,-0.2906976744186046
1984-04-01,6.0,-0.016393442622950727,0.17647058823529416,0.22448979591836715,-0.2771084337349399,-0.2857142857142857
1984-05-01,6.7,0.1166666666666667,0.09836065573770503,0.2641509433962266,-0.19277108433734946,-0.2717391304347825
1984-06-01,6.6,-0.014925373134328401,0.09999999999999987,0.13793103448275867,-0.19512195121951215,-0.2666666666666667
1984-07-01,6.7,0.015151515151515138,0.0,0.08064516129032251,-0.05633802816901401,-0.3163265306122449
1984-08-01,7.5,0.11940298507462677,0.13636363636363646,0.20967741935483875,0.11940298507462677,-0.33628318584070804
1984-09-01,6.5,-0.1333333333333333,-0.02985074626865669,0.1607142857142858,0.048387096774193505,-0.3689320388349515
1984-10-01,6.0,-0.07692307692307687,-0.19999999999999996,0.034482758620689724,0.11111111111111094,-0.34065934065934067
1984-11-01,7.2,0.19999999999999996,0.10769230769230775,0.5319148936170213,0.24137931034482762,0.014084507042253502
1984-12-01,7.3,0.01388888888888884,0.21666666666666656,0.37735849056603765,0.35185185185185164,-0.1797752808988765
1985-01-01,6.7,-0.0821917808219178,-0.06944444444444442,0.31372549019607865,0.19642857142857162,-0.2717391304347825
1985-02-01,6.5,-0.02985074626865669,-0.1095890410958904,0.06557377049180335,0.20370370370370372,-0.2528735632183907
1985-03-01,6.4,-0.01538461538461533,-0.04477611940298509,0.06666666666666665,0.25490196078431393,-0.3191489361702128
1985-04-01,6.9,0.078125,0.06153846153846154,0.029850746268656803,0.40816326530612246,-0.1686746987951807
1985-05-01,6.4,-0.07246376811594202,0.0,-0.030303030303030165,0.20754716981132093,-0.22891566265060248
1985-06-01,6.0,-0.0625,-0.13043478260869568,-0.10447761194029848,0.034482758620689724,-0.2682926829268292
1985-07-01,5.6,-0.06666666666666676,-0.1250000000000001,-0.2533333333333334,-0.09677419354838723,-0.21126760563380287
1985-08-01,5.8,0.03571428571428581,-0.033333333333333326,-0.10769230769230775,-0.06451612903225812,-0.13432835820895528
1985-09-01,6.3,0.0862068965517242,0.125,0.050000000000000044,0.125,0.016129032258064502
1985-10-01,6.4,0.01587301587301604,0.10344827586206895,-0.11111111111111105,0.10344827586206895,0.18518518518518512
1985-11-01,5.9,-0.078125,-0.06349206349206338,-0.1917808219178081,0.25531914893617014,0.017241379310344973
1985-12-01,5.8,-0.016949152542372947,-0.09375000000000011,-0.13432835820895528,0.09433962264150941,0.07407407407407396
1986-01-01,5.7,-0.01724137931034475,-0.03389830508474578,-0.12307692307692308,0.11764705882352944,0.017857142857143016
1986-02-01,6.0,0.05263157894736836,0.034482758620689724,-0.0625,-0.016393442622950727,0.11111111111111094
1986-03-01,4.7,-0.21666666666666667,-0.17543859649122806,-0.3188405797101449,-0.21666666666666667,-0.07843137254901955
1986-04-01,4.7,0.0,-0.21666666666666667,-0.265625,-0.29850746268656714,-0.04081632653061229
1986-05-01,5.2,0.1063829787234043,0.1063829787234043,-0.1333333333333333,-0.21212121212121204,-0.01886792452830177
1986-06-01,5.7,0.09615384615384626,0.2127659574468086,0.017857142857143016,-0.14925373134328357,-0.01724137931034475
1986-07-01,6.1,0.07017543859649122,0.1730769230769229,0.051724137931034475,-0.18666666666666676,-0.016129032258064613
1986-08-01,7.0,0.14754098360655754,0.22807017543859653,0.11111111111111116,0.07692307692307687,0.12903225806451601
1986-09-01,5.8,-0.17142857142857149,-0.0491803278688524,-0.09375000000000011,-0.033333333333333326,0.03571428571428581
1986-10-01,6.5,0.12068965517241392,-0.0714285714285714,0.10169491525423724,-0.09722222222222221,0.12068965517241392
1986-11-01,6.1,-0.06153846153846154,0.051724137931034475,0.051724137931034475,-0.1643835616438356,0.2978723404255319
1986-12-01,5.5,-0.09836065573770492,-0.15384615384615385,-0.03508771929824561,-0.17910447761194037,0.037735849056603765
1987-01-01,6.0,0.09090909090909083,-0.016393442622950727,0.0,-0.07692307692307687,0.17647058823529416
1987-02-01,6.2,0.03333333333333344,0.1272727272727272,0.31914893617021267,-0.03125,0.016393442622950838
1987-03-01,6.0,-0.032258064516129115,0.0,0.2765957446808509,-0.13043478260869568,0.0
1987-04-01,6.0,0.0,-0.032258064516129115,0.15384615384615374,-0.0625,-0.10447761194029848
1987-05-01,6.7,0.1166666666666667,0.1166666666666667,0.17543859649122817,0.1166666666666667,0.015151515151515138
1987-06-01,6.9,0.029850746268656803,0.15000000000000013,0.1311475409836067,0.2321428571428572,0.029850746268656803
1987-07-01,6.7,-0.02898550724637683,0.0,-0.042857142857142816,0.15517241379310343,-0.10666666666666669
1987-08-01,6.8,0.014925373134328401,-0.01449275362318847,0.17241379310344818,0.0793650793650793,0.04615384615384621
1987-09-01,6.8,0.0,0.014925373134328401,0.04615384615384621,0.0625,0.1333333333333333
1987-10-01,6.8,0.0,0.0,0.11475409836065587,0.15254237288135575,-0.05555555555555558
1987-11-01,7.0,0.02941176470588247,0.02941176470588247,0.2727272727272727,0.2068965517241379,-0.041095890410958846
1987-12-01,7.6,0.08571428571428563,0.11764705882352944,0.2666666666666666,0.33333333333333326,0.13432835820895517
1988-01-01,7.5,-0.013157894736842035,0.0714285714285714,0.20967741935483875,0.25,0.15384615384615374
1988-02-01,6.6,-0.12,-0.13157894736842102,0.09999999999999987,0.404255319148936,0.031249999999999778
1988-03-01,6.6,0.0,-0.12,0.09999999999999987,0.404255319148936,-0.0434782608695653
1988-04-01,6.4,-0.030303030303030165,-0.030303030303030165,-0.04477611940298509,0.23076923076923084,0.0
1988-05-01,6.6,0.031249999999999778,0.0,-0.0434782608695653,0.1578947368421051,0.09999999999999987
1988-06-01,6.2,-0.06060606060606055,-0.03125,-0.07462686567164178,0.016393442622950838,0.1071428571428572
1988-07-01,6.6,0.06451612903225801,0.0,-0.02941176470588236,-0.05714285714285716,0.13793103448275867
1988-08-01,6.6,0.0,0.06451612903225801,-0.02941176470588236,0.13793103448275867,0.04761904761904767
1988-09-01,6.5,-0.015151515151515138,-0.015151515151515138,-0.044117647058823484,0.0,0.015625
1988-10-01,6.0,-0.07692307692307687,-0.09090909090909083,-0.1428571428571429,-0.016393442622950727,0.016949152542372836
1988-11-01,7.2,0.19999999999999996,0.10769230769230775,-0.05263157894736836,0.3090909090909091,0.24137931034482762
1988-12-01,6.8,-0.05555555555555558,0.1333333333333333,-0.09333333333333338,0.1333333333333333,0.1929824561403508
1989-01-01,6.2,-0.08823529411764697,-0.13888888888888884,-0.06060606060606055,0.0,0.03333333333333344
1989-02-01,7.5,0.20967741935483875,0.10294117647058831,0.13636363636363646,0.25,0.5957446808510638
1989-03-01,8.2,0.09333333333333327,0.32258064516129026,0.2812499999999998,0.3666666666666665,0.7446808510638296
1989-04-01,7.4,-0.09756097560975596,-0.013333333333333308,0.12121212121212133,0.10447761194029859,0.42307692307692313
1989-05-01,7.1,-0.04054054054054068,-0.13414634146341464,0.14516129032258052,0.02898550724637672,0.24561403508771917
1989-06-01,7.2,0.014084507042253502,-0.027027027027027084,0.09090909090909105,0.07462686567164178,0.18032786885245922
1989-07-01,6.1,-0.1527777777777779,-0.14084507042253525,-0.0757575757575758,-0.10294117647058831,-0.12857142857142867
1989-08-01,6.4,0.049180327868852514,-0.11111111111111105,-0.01538461538461533,-0.05882352941176461,0.10344827586206895
1989-09-01,7.1,0.10937499999999978,0.16393442622950816,0.18333333333333335,0.044117647058823595,0.0923076923076922
1989-10-01,6.9,-0.028169014084506894,0.078125,-0.04166666666666663,-0.014285714285714235,0.1311475409836067
1989-11-01,6.6,-0.0434782608695653,-0.07042253521126762,-0.02941176470588236,-0.13157894736842102,0.19999999999999996
1989-12-01,7.0,0.06060606060606055,0.014492753623188248,0.12903225806451601,-0.06666666666666665,0.16666666666666674
1990-01-01,7.0,0.0,0.06060606060606055,-0.06666666666666665,0.06060606060606055,0.12903225806451601
1990-02-01,7.6,0.08571428571428563,0.08571428571428563,-0.07317073170731703,0.1515151515151516,0.2666666666666666
1990-03-01,7.8,0.026315789473684292,0.11428571428571432,0.054054054054053946,0.21875,0.30000000000000004
1990-04-01,8.3,0.06410256410256432,0.09210526315789491,0.16901408450704247,0.2575757575757578,0.23880597014925375
1990-05-01,8.2,-0.012048192771084487,0.05128205128205132,0.13888888888888884,0.32258064516129026,0.188405797101449
1990-06-01,7.9,-0.03658536585365846,-0.048192771084337394,0.29508196721311486,0.19696969696969702,0.17910447761194037
1990-07-01,7.8,-0.012658227848101333,-0.04878048780487798,0.21875,0.18181818181818188,0.1470588235294117
1990-08-01,8.2,0.05128205128205132,0.037974683544303556,0.15492957746478875,0.2615384615384615,0.2058823529411764
1990-09-01,8.4,0.024390243902439046,0.0769230769230771,0.21739130434782616,0.40000000000000013,0.23529411764705888
1990-10-01,8.7,0.03571428571428559,0.060975609756097615,0.3181818181818181,0.20833333333333326,0.24285714285714266
1990-11-01,8.2,-0.05747126436781613,-0.023809523809523947,0.17142857142857126,0.2058823529411764,0.07894736842105265
1990-12-01,8.5,0.03658536585365857,-0.02298850574712641,0.2142857142857142,0.37096774193548376,0.1333333333333333
1991-01-01,9.4,0.10588235294117654,0.14634146341463428,0.23684210526315796,0.2533333333333334,0.4242424242424243
1991-02-01,7.9,-0.15957446808510634,-0.07058823529411762,0.012820512820512997,-0.03658536585365846,0.19696969696969702
1991-03-01,7.3,-0.07594936708860767,-0.22340425531914898,-0.12048192771084343,-0.013513513513513598,0.140625
1991-04-01,7.3,0.0,-0.07594936708860767,-0.1097560975609756,0.028169014084507005,0.10606060606060619
1991-05-01,7.0,-0.041095890410958846,-0.041095890410958846,-0.11392405063291144,-0.02777777777777779,0.12903225806451601
1991-06-01,7.0,0.0,-0.041095890410958846,-0.10256410256410253,0.14754098360655754,0.06060606060606055
1991-07-01,7.1,0.014285714285714235,0.014285714285714235,-0.13414634146341464,0.10937499999999978,0.07575757575757569
1991-08-01,6.8,-0.04225352112676051,-0.02857142857142858,-0.19047619047619058,-0.04225352112676051,0.04615384615384621
1991-09-01,7.4,0.08823529411764719,0.04225352112676073,-0.14942528735632177,0.07246376811594213,0.2333333333333334
1991-10-01,6.7,-0.09459459459459463,-0.014705882352941124,-0.18292682926829262,0.015151515151515138,-0.06944444444444442
1991-11-01,6.2,-0.07462686567164178,-0.16216216216216217,-0.2705882352941176,-0.11428571428571421,-0.08823529411764697
1991-12-01,6.2,0.0,-0.07462686567164178,-0.34042553191489366,-0.11428571428571421,0.0
1992-01-01,5.2,-0.16129032258064513,-0.16129032258064513,-0.3417721518987342,-0.3157894736842105,-0.30666666666666664
1992-02-01,4.9,-0.05769230769230771,-0.20967741935483863,-0.3287671232876712,-0.3717948717948717,-0.4024390243902438
1992-03-01,6.1,0.2448979591836733,0.1730769230769229,-0.1643835616438356,-0.2650602409638555,-0.17567567567567577
1992-04-01,6.1,0.0,0.2448979591836733,-0.12857142857142867,-0.25609756097560976,-0.14084507042253525
1992-05-01,6.0,-0.016393442622950727,-0.016393442622950727,-0.1428571428571429,-0.2405063291139241,-0.16666666666666674
1992-06-01,5.6,-0.06666666666666676,-0.08196721311475408,-0.21126760563380287,-0.28205128205128205,-0.08196721311475408
1992-07-01,5.3,-0.05357142857142849,-0.1166666666666667,-0.22058823529411764,-0.35365853658536583,-0.1718750000000001
1992-08-01,5.2,-0.01886792452830177,-0.07142857142857129,-0.29729729729729726,-0.38095238095238093,-0.2676056338028169
1992-09-01,5.0,-0.03846153846153855,-0.05660377358490565,-0.25373134328358216,-0.425287356321839,-0.2753623188405797
1992-10-01,5.1,0.020000000000000018,-0.019230769230769384,-0.17741935483870974,-0.3780487804878049,-0.2272727272727273
1992-11-01,5.4,0.05882352941176494,0.08000000000000007,-0.12903225806451613,-0.3647058823529411,-0.22857142857142854
1992-12-01,5.0,-0.07407407407407418,-0.019607843137254832,-0.03846153846153855,-0.46808510638297873,-0.2857142857142857
1993-01-01,5.4,0.08000000000000007,0.0,0.1020408163265305,-0.31645569620253167,-0.2894736842105262
1993-02-01,5.3,-0.0185185185185186,0.06000000000000005,-0.13114754098360648,-0.273972602739726,-0.3205128205128205
1993-03-01,5.4,0.018867924528301883,0.0,-0.11475409836065564,-0.26027397260273966,-0.3493975903614458
1993-04-01,4.7,-0.12962962962962965,-0.1132075471698113,-0.21666666666666667,-0.3285714285714285,-0.42682926829268286
1993-05-01,5.3,0.12765957446808507,-0.0185185185185186,-0.05357142857142849,-0.24285714285714288,-0.329113924050633
1993-06-01,5.2,-0.01886792452830177,0.1063829787234043,-0.01886792452830177,-0.2676056338028169,-0.33333333333333326
1993-07-01,5.3,0.019230769230769162,0.0,0.019230769230769162,-0.22058823529411764,-0.35365853658536583
1993-08-01,5.5,0.037735849056603765,0.05769230769230771,0.10000000000000009,-0.2567567567567568,-0.34523809523809523
1993-09-01,4.9,-0.10909090909090902,-0.07547169811320742,-0.039215686274509665,-0.26865671641791045,-0.4367816091954022
1993-10-01,5.0,0.020408163265306145,-0.09090909090909094,-0.07407407407407418,-0.19354838709677424,-0.3902439024390243
1993-11-01,4.8,-0.040000000000000036,-0.020408163265306256,-0.040000000000000036,-0.22580645161290325,-0.43529411764705883
1993-12-01,4.5,-0.0625,-0.09999999999999998,-0.16666666666666674,-0.1346153846153847,-0.5212765957446809
1994-01-01,5.9,0.3111111111111111,0.22916666666666674,0.11320754716981152,0.20408163265306123,-0.25316455696202533
1994-02-01,5.0,-0.15254237288135597,0.11111111111111116,-0.07407407407407418,-0.180327868852459,-0.31506849315068497
1994-03-01,4.8,-0.040000000000000036,-0.18644067796610175,0.02127659574468077,-0.21311475409836067,-0.34246575342465757
1994-04-01,5.2,0.08333333333333348,0.040000000000000036,-0.01886792452830177,-0.1333333333333333,-0.2571428571428571
1994-05-01,5.3,0.019230769230769162,0.10416666666666674,0.019230769230769162,-0.05357142857142849,-0.24285714285714288
1994-06-01,6.2,0.16981132075471694,0.1923076923076923,0.16981132075471694,0.16981132075471694,-0.12676056338028163
1994-07-01,6.3,0.016129032258064502,0.18867924528301883,0.1454545454545455,0.21153846153846145,-0.07352941176470584
1994-08-01,6.1,-0.031746031746031744,-0.016129032258064613,0.2448979591836733,0.21999999999999997,-0.17567567567567577
1994-09-01,6.0,-0.016393442622950727,-0.04761904761904756,0.19999999999999996,0.17647058823529416,-0.10447761194029848
1994-10-01,5.6,-0.06666666666666676,-0.08196721311475408,0.16666666666666674,0.03703703703703698,-0.09677419354838723
1994-11-01,6.3,0.125,0.050000000000000044,0.3999999999999999,0.26,0.016129032258064502
1994-12-01,6.6,0.04761904761904767,0.1785714285714286,0.11864406779661008,0.2222222222222221,0.26923076923076916
1995-01-01,6.8,0.030303030303030276,0.0793650793650793,0.3599999999999999,0.28301886792452824,0.3877551020408161
1995-02-01,7.3,0.07352941176470584,0.10606060606060619,0.5208333333333333,0.35185185185185164,0.19672131147540983
1995-03-01,6.8,-0.06849315068493156,0.0,0.3076923076923077,0.44680851063829774,0.11475409836065587
1995-04-01,6.7,-0.014705882352941124,-0.0821917808219178,0.2641509433962266,0.2641509433962266,0.1166666666666667
1995-05-01,6.3,-0.059701492537313494,-0.07352941176470584,0.016129032258064502,0.21153846153846145,0.125
1995-06-01,5.8,-0.07936507936507942,-0.13432835820895528,-0.07936507936507942,0.09433962264150941,0.09433962264150941
1995-07-01,5.6,-0.034482758620689724,-0.11111111111111116,-0.08196721311475408,0.018181818181818077,0.07692307692307687
1995-08-01,6.1,0.08928571428571419,0.051724137931034475,0.016666666666666607,0.2448979591836733,0.21999999999999997
1995-09-01,6.3,0.032786885245901676,0.125,0.125,0.26,0.23529411764705888
1995-10-01,6.3,0.0,0.032786885245901676,0.0,0.3125,0.16666666666666652
1995-11-01,6.8,0.0793650793650793,0.0793650793650793,0.030303030303030276,0.5111111111111111,0.3599999999999999
1995-12-01,6.4,-0.05882352941176461,0.01587301587301604,-0.05882352941176461,0.0847457627118644,0.18518518518518512
1996-01-01,6.4,0.0,-0.05882352941176461,-0.12328767123287665,0.28,0.20754716981132093
1996-02-01,5.3,-0.1718750000000001,-0.1718750000000001,-0.22058823529411764,0.10416666666666674,-0.0185185185185186
1996-03-01,6.2,0.16981132075471694,-0.03125,-0.07462686567164178,0.1923076923076923,0.31914893617021267
1996-04-01,6.0,-0.032258064516129115,0.13207547169811318,-0.04761904761904756,0.13207547169811318,0.13207547169811318
1996-05-01,5.9,-0.016666666666666607,-0.048387096774193505,0.017241379310344973,-0.048387096774193505,0.13461538461538458
1996-06-01,6.0,0.016949152542372836,0.0,0.0714285714285714,-0.04761904761904756,0.13207547169811318
1996-07-01,5.7,-0.04999999999999993,-0.03389830508474578,-0.06557377049180324,-0.06557377049180324,0.036363636363636376
1996-08-01,5.0,-0.1228070175438597,-0.16666666666666663,-0.20634920634920628,-0.16666666666666663,0.020408163265306145
1996-09-01,5.2,0.040000000000000036,-0.08771929824561409,-0.17460317460317454,-0.07142857142857129,0.040000000000000036
1996-10-01,5.6,0.07692307692307687,0.11999999999999988,-0.17647058823529416,-0.11111111111111116,0.16666666666666674
1996-11-01,5.2,-0.07142857142857129,0.0,-0.1875,-0.21212121212121204,0.15555555555555567
1996-12-01,5.0,-0.03846153846153855,-0.1071428571428571,-0.21875,-0.2647058823529411,-0.15254237288135597
1997-01-01,4.7,-0.05999999999999994,-0.09615384615384615,-0.1132075471698113,-0.3561643835616438,-0.05999999999999994
1997-02-01,4.5,-0.042553191489361764,-0.09999999999999998,-0.27419354838709675,-0.3382352941176471,-0.0625
1997-03-01,4.1,-0.08888888888888902,-0.12765957446808518,-0.31666666666666676,-0.38805970149253743,-0.21153846153846168
1997-04-01,4.7,0.14634146341463428,0.04444444444444451,-0.2033898305084746,-0.25396825396825395,-0.1132075471698113
1997-05-01,4.6,-0.021276595744680993,0.12195121951219523,-0.2333333333333334,-0.206896551724138,-0.25806451612903236
1997-06-01,4.4,-0.04347826086956508,-0.06382978723404253,-0.22807017543859642,-0.2142857142857142,-0.3015873015873015
1997-07-01,4.4,0.0,-0.04347826086956508,-0.11999999999999988,-0.2786885245901638,-0.2786885245901638
1997-08-01,4.3,-0.022727272727272818,-0.022727272727272818,-0.17307692307692313,-0.31746031746031744,-0.2833333333333333
1997-09-01,4.2,-0.023255813953488302,-0.045454545454545525,-0.2499999999999999,-0.33333333333333326,-0.2499999999999999
1997-10-01,4.3,0.023809523809523725,0.0,-0.17307692307692313,-0.36764705882352944,-0.31746031746031744
1997-11-01,3.9,-0.09302325581395343,-0.07142857142857151,-0.21999999999999997,-0.390625,-0.40909090909090906
1997-12-01,4.4,0.12820512820512842,0.023255813953488413,-0.06382978723404253,-0.3125,-0.3529411764705882
1998-01-01,4.0,-0.09090909090909094,0.025641025641025772,-0.11111111111111116,-0.24528301886792447,-0.452054794520548
1998-02-01,3.9,-0.025000000000000022,-0.11363636363636376,-0.04878048780487798,-0.3709677419354839,-0.42647058823529416
1998-03-01,4.1,0.05128205128205132,0.02499999999999991,-0.12765957446808518,-0.31666666666666676,-0.38805970149253743
1998-04-01,4.0,-0.024390243902438935,0.025641025641025772,-0.13043478260869557,-0.3220338983050848,-0.3650793650793651
1998-05-01,3.9,-0.025000000000000022,-0.04878048780487798,-0.11363636363636376,-0.35,-0.3275862068965517
1998-06-01,3.8,-0.02564102564102566,-0.050000000000000044,-0.13636363636363646,-0.33333333333333337,-0.3214285714285714
1998-07-01,4.0,0.05263157894736836,0.025641025641025772,-0.06976744186046513,-0.19999999999999996,-0.34426229508196715
1998-08-01,4.1,0.02499999999999991,0.07894736842105265,-0.023809523809523947,-0.21153846153846168,-0.3492063492063493
1998-09-01,4.1,0.0,0.02499999999999991,-0.04651162790697683,-0.2678571428571429,-0.3492063492063493
1998-10-01,4.0,-0.024390243902438935,-0.024390243902438935,0.025641025641025772,-0.23076923076923084,-0.4117647058823529
1998-11-01,3.5,-0.125,-0.14634146341463405,-0.20454545454545459,-0.30000000000000004,-0.453125
1998-12-01,3.8,0.08571428571428563,-0.050000000000000044,-0.050000000000000044,-0.19148936170212771,-0.4062500000000001
1999-01-01,3.9,0.026315789473684292,0.11428571428571432,0.0,-0.1333333333333333,-0.26415094339622636
1999-02-01,4.0,0.025641025641025772,0.05263157894736836,-0.024390243902438935,-0.024390243902438935,-0.3548387096774194
1999-03-01,4.1,0.02499999999999991,0.05128205128205132,0.02499999999999991,-0.12765957446808518,-0.31666666666666676
1999-04-01,3.9,-0.04878048780487798,-0.025000000000000022,0.0,-0.15217391304347816,-0.3389830508474577
1999-05-01,4.0,0.025641025641025772,-0.024390243902438935,0.05263157894736836,-0.09090909090909094,-0.33333333333333337
1999-06-01,3.9,-0.025000000000000022,0.0,-0.025000000000000022,-0.11363636363636376,-0.3157894736842105
1999-07-01,4.0,0.025641025641025772,0.0,-0.024390243902438935,-0.06976744186046513,-0.19999999999999996
1999-08-01,4.0,0.0,0.025641025641025772,-0.024390243902438935,-0.04761904761904767,-0.23076923076923084
1999-09-01,4.5,0.125,0.125,0.125,0.04651162790697683,-0.1964285714285714
1999-10-01,4.2,-0.06666666666666665,0.050000000000000044,0.19999999999999996,0.0769230769230771,-0.1923076923076923
1999-11-01,4.3,0.023809523809523725,-0.04444444444444451,0.13157894736842102,-0.022727272727272818,-0.14
1999-12-01,4.3,0.0,0.023809523809523725,0.10256410256410264,0.07499999999999996,-0.08510638297872353
2000-01-01,4.3,0.0,0.0,0.07499999999999996,0.10256410256410264,-0.04444444444444451
2000-02-01,4.3,0.0,0.0,0.04878048780487809,0.04878048780487809,0.04878048780487809
2000-03-01,4.3,0.0,0.0,0.10256410256410264,0.07499999999999996,-0.08510638297872353
2000-04-01,4.4,0.023255813953488413,0.023255813953488413,0.10000000000000009,0.12820512820512842,-0.04347826086956508
2000-05-01,4.4,0.0,0.023255813953488413,0.12820512820512842,0.1578947368421053,0.0
2000-06-01,4.8,0.09090909090909083,0.09090909090909083,0.19999999999999996,0.19999999999999996,0.09090909090909083
2000-07-01,4.1,-0.14583333333333337,-0.06818181818181834,0.02499999999999991,0.0,-0.04651162790697683
2000-08-01,4.4,0.07317073170731736,-0.08333333333333326,-0.022222222222222143,0.07317073170731736,0.04761904761904767
2000-09-01,4.0,-0.09090909090909094,-0.024390243902438935,-0.04761904761904767,0.0,-0.06976744186046513
2000-10-01,4.0,0.0,-0.09090909090909094,-0.06976744186046513,0.1428571428571428,0.025641025641025772
2000-11-01,4.2,0.050000000000000044,0.050000000000000044,-0.023255813953488302,0.10526315789473695,-0.045454545454545525
2000-12-01,3.6,-0.1428571428571429,-0.09999999999999998,-0.16279069767441856,-0.07692307692307687,-0.09999999999999998
2001-01-01,3.8,0.05555555555555558,-0.09523809523809534,-0.11627906976744184,-0.050000000000000044,-0.02564102564102566
2001-02-01,3.7,-0.02631578947368407,0.0277777777777779,-0.13953488372093015,-0.09756097560975596,-0.09756097560975596
2001-03-01,3.8,0.027027027027026973,0.0,-0.13636363636363646,-0.02564102564102566,-0.050000000000000044
2001-04-01,3.9,0.026315789473684292,0.054054054054053946,-0.11363636363636376,-0.025000000000000022,0.0
2001-05-01,4.0,0.025641025641025772,0.05263157894736836,-0.16666666666666663,0.025641025641025772,0.05263157894736836
2001-06-01,4.2,0.050000000000000044,0.0769230769230771,0.024390243902439046,0.050000000000000044,0.050000000000000044
2001-07-01,4.2,0.0,0.050000000000000044,-0.045454545454545525,0.050000000000000044,0.024390243902439046
2001-08-01,4.4,0.04761904761904767,0.04761904761904767,0.10000000000000009,-0.022222222222222143,0.07317073170731736
2001-09-01,4.4,0.0,0.04761904761904767,0.10000000000000009,0.04761904761904767,0.10000000000000009
2001-10-01,4.3,-0.022727272727272818,-0.022727272727272818,0.023809523809523725,0.0,0.22857142857142843
2001-11-01,4.1,-0.04651162790697683,-0.06818181818181834,0.13888888888888884,-0.04651162790697683,0.07894736842105265
2001-12-01,3.8,-0.07317073170731703,-0.11627906976744184,0.0,-0.11627906976744184,-0.02564102564102566
2002-01-01,4.2,0.10526315789473695,0.024390243902439046,0.1351351351351351,-0.023255813953488302,0.050000000000000044
2002-02-01,4.0,-0.04761904761904767,0.05263157894736836,0.05263157894736836,-0.06976744186046513,-0.024390243902438935
2002-03-01,4.1,0.02499999999999991,-0.023809523809523947,0.05128205128205132,-0.06818181818181834,0.05128205128205132
2002-04-01,4.3,0.04878048780487809,0.07499999999999996,0.07499999999999996,-0.022727272727272818,0.07499999999999996
2002-05-01,4.0,-0.06976744186046513,-0.024390243902438935,-0.04761904761904767,-0.16666666666666663,0.025641025641025772
2002-06-01,4.2,0.050000000000000044,-0.023255813953488302,0.0,0.024390243902439046,0.050000000000000044
2002-07-01,4.2,0.0,0.050000000000000044,-0.045454545454545525,-0.045454545454545525,0.050000000000000044
2002-08-01,4.0,-0.04761904761904767,-0.04761904761904767,-0.09090909090909094,0.0,-0.11111111111111116
2002-09-01,3.9,-0.025000000000000022,-0.07142857142857151,-0.09302325581395343,-0.025000000000000022,-0.07142857142857151
2002-10-01,4.0,0.025641025641025772,0.0,-0.024390243902438935,-0.04761904761904767,-0.06976744186046513
2002-11-01,4.0,0.0,0.025641025641025772,0.05263157894736836,0.11111111111111116,-0.06976744186046513
2002-12-01,4.0,0.0,0.0,-0.04761904761904767,0.05263157894736836,-0.06976744186046513
2003-01-01,4.0,0.0,0.0,0.0,0.08108108108108092,-0.06976744186046513
2003-02-01,4.5,0.125,0.125,0.09756097560975618,0.1842105263157896,0.04651162790697683
2003-03-01,4.1,-0.08888888888888902,0.02499999999999991,-0.04651162790697683,0.05128205128205132,-0.06818181818181834
2003-04-01,4.1,0.0,-0.08888888888888902,0.02499999999999991,0.02499999999999991,-0.06818181818181834
2003-05-01,3.9,-0.04878048780487798,-0.04878048780487798,-0.07142857142857151,-0.07142857142857151,-0.1875
2003-06-01,3.5,-0.10256410256410253,-0.14634146341463405,-0.16666666666666674,-0.16666666666666674,-0.14634146341463405
2003-07-01,3.6,0.028571428571428692,-0.07692307692307687,-0.09999999999999998,-0.18181818181818188,-0.18181818181818188
2003-08-01,3.5,-0.02777777777777779,0.0,-0.10256410256410253,-0.20454545454545459,-0.125
2003-09-01,3.8,0.08571428571428563,0.05555555555555558,-0.050000000000000044,-0.11627906976744184,-0.050000000000000044
2003-10-01,3.8,0.0,0.08571428571428563,-0.050000000000000044,-0.07317073170731703,-0.09523809523809534
2003-11-01,4.1,0.07894736842105265,0.07894736842105265,0.02499999999999991,0.07894736842105265,0.13888888888888884
2003-12-01,4.0,-0.024390243902438935,0.05263157894736836,0.0,-0.04761904761904767,0.05263157894736836
2004-01-01,3.8,-0.050000000000000044,-0.07317073170731703,-0.15555555555555556,-0.050000000000000044,0.027027027027026973
2004-02-01,3.7,-0.02631578947368407,-0.07499999999999996,-0.09756097560975596,-0.09756097560975596,-0.02631578947368407
2004-03-01,3.6,-0.027027027027027084,-0.05263157894736836,-0.12195121951219501,-0.16279069767441856,-0.07692307692307687
2004-04-01,4.0,0.11111111111111116,0.08108108108108092,0.025641025641025772,0.0,0.0
2004-05-01,3.8,-0.050000000000000044,0.05555555555555558,0.08571428571428563,-0.09523809523809534,-0.09523809523809534
2004-06-01,3.9,0.026315789473684292,-0.025000000000000022,0.08333333333333326,-0.07142857142857151,-0.07142857142857151
2004-07-01,4.5,0.15384615384615397,0.1842105263157896,0.2857142857142858,0.125,0.022727272727272707
2004-08-01,4.3,-0.04444444444444451,0.10256410256410264,0.13157894736842102,0.10256410256410264,-0.022727272727272818
2004-09-01,4.1,-0.04651162790697683,-0.08888888888888902,0.07894736842105265,0.02499999999999991,-0.04651162790697683
2004-10-01,3.9,-0.04878048780487798,-0.09302325581395343,-0.04878048780487798,-0.025000000000000022,-0.04878048780487798
2004-11-01,4.3,0.10256410256410264,0.04878048780487809,0.07499999999999996,0.07499999999999996,0.13157894736842102
2004-12-01,4.1,-0.04651162790697683,0.05128205128205132,0.07894736842105265,0.02499999999999991,-0.023809523809523947
2005-01-01,4.4,0.07317073170731736,0.023255813953488413,0.18918918918918926,-0.022222222222222143,0.10000000000000009
2005-02-01,4.3,-0.022727272727272818,0.04878048780487809,0.19444444444444442,0.04878048780487809,0.04878048780487809
2005-03-01,4.1,-0.04651162790697683,-0.06818181818181834,0.02499999999999991,0.0,-0.04651162790697683
2005-04-01,4.3,0.04878048780487809,0.0,0.13157894736842102,0.10256410256410264,0.07499999999999996
2005-05-01,4.2,-0.023255813953488302,0.024390243902439046,0.0769230769230771,0.19999999999999996,0.0
2005-06-01,4.3,0.023809523809523725,0.0,-0.04444444444444451,0.19444444444444442,0.023809523809523725
2005-07-01,4.2,-0.023255813953488302,0.0,-0.023255813953488302,0.19999999999999996,0.050000000000000044
2005-08-01,4.5,0.0714285714285714,0.04651162790697683,0.09756097560975618,0.1842105263157896,0.15384615384615397
2005-09-01,4.7,0.04444444444444451,0.11904761904761907,0.2051282051282053,0.23684210526315796,0.17500000000000004
2005-10-01,4.5,-0.042553191489361764,0.0,0.04651162790697683,0.09756097560975618,0.125
2005-11-01,5.0,0.11111111111111116,0.06382978723404253,0.21951219512195141,0.25,0.25
2005-12-01,4.9,-0.019999999999999907,0.08888888888888902,0.11363636363636354,0.28947368421052655,0.2250000000000001
2006-01-01,5.3,0.08163265306122436,0.06000000000000005,0.2325581395348837,0.43243243243243223,0.1777777777777778
2006-02-01,6.1,0.15094339622641506,0.2448979591836733,0.4878048780487805,0.6944444444444442,0.4878048780487805
2006-03-01,5.9,-0.032786885245901565,0.11320754716981152,0.37209302325581417,0.4750000000000001,0.4390243902439026
2006-04-01,6.3,0.06779661016949134,0.032786885245901676,0.5,0.6578947368421053,0.6153846153846154
2006-05-01,6.2,-0.015873015873015817,0.05084745762711851,0.4418604651162792,0.5897435897435899,0.7714285714285716
2006-06-01,6.3,0.016129032258064502,0.0,0.5,0.3999999999999999,0.75
2006-07-01,7.3,0.15873015873015883,0.17741935483870952,0.6222222222222222,0.6976744186046513,1.0857142857142859
2006-08-01,6.7,-0.0821917808219178,0.06349206349206349,0.42553191489361697,0.6341463414634148,0.7631578947368423
2006-09-01,6.7,0.0,-0.0821917808219178,0.48888888888888893,0.7179487179487181,0.7631578947368423
2006-10-01,7.3,0.08955223880597019,0.08955223880597019,0.45999999999999996,0.6976744186046513,0.7804878048780488
2006-11-01,6.6,-0.09589041095890416,-0.014925373134328401,0.3469387755102038,0.6097560975609757,0.6499999999999999
2006-12-01,6.5,-0.015151515151515138,-0.1095890410958904,0.2264150943396226,0.47727272727272707,0.7105263157894737
2007-01-01,7.2,0.10769230769230775,0.09090909090909105,0.18032786885245922,0.6744186046511629,0.9459459459459458
2007-02-01,7.9,0.09722222222222232,0.2153846153846155,0.3389830508474576,0.9268292682926831,1.1944444444444446
2007-03-01,7.9,0.0,0.09722222222222232,0.25396825396825395,0.8372093023255816,0.9750000000000001
2007-04-01,7.4,-0.06329113924050633,-0.06329113924050633,0.19354838709677424,0.7619047619047619,0.9473684210526319
2007-05-01,7.8,0.054054054054053946,-0.012658227848101333,0.23809523809523814,0.8139534883720931,1.0
2007-06-01,8.2,0.05128205128205132,0.10810810810810789,0.12328767123287654,0.9523809523809521,0.822222222222222
2007-07-01,8.3,0.012195121951219745,0.06410256410256432,0.23880597014925375,0.8444444444444446,0.9302325581395352
2007-08-01,9.2,0.10843373493975883,0.12195121951219523,0.3731343283582089,0.957446808510638,1.2439024390243905
2007-09-01,9.2,0.0,0.10843373493975883,0.26027397260273966,1.0444444444444443,1.358974358974359
2007-10-01,8.5,-0.07608695652173902,-0.07608695652173902,0.28787878787878785,0.7,0.9767441860465118
2007-11-01,9.4,0.10588235294117654,0.021739130434782705,0.4461538461538461,0.9183673469387754,1.2926829268292686
2007-12-01,9.6,0.02127659574468077,0.12941176470588234,0.33333333333333326,0.8113207547169812,1.1818181818181817
2008-01-01,9.3,-0.03124999999999989,-0.010638297872340385,0.17721518987341778,0.5245901639344264,1.162790697674419
2008-02-01,9.7,0.04301075268817178,0.01041666666666674,0.22784810126582267,0.6440677966101693,1.3658536585365852
2008-03-01,10.5,0.08247422680412386,0.12903225806451601,0.41891891891891886,0.6666666666666667,1.441860465116279
2008-04-01,10.3,-0.01904761904761898,0.06185567010309301,0.3205128205128207,0.6612903225806452,1.4523809523809526
2008-05-01,10.7,0.03883495145631044,0.01904761904761898,0.30487804878048785,0.6984126984126984,1.4883720930232558
2008-06-01,10.7,0.0,0.03883495145631044,0.2891566265060239,0.4657534246575341,1.5476190476190474
2008-07-01,10.5,-0.01869158878504662,-0.01869158878504662,0.14130434782608714,0.5671641791044775,1.3333333333333335
2008-08-01,11.3,0.07619047619047636,0.056074766355140415,0.22826086956521752,0.6865671641791045,1.4042553191489362
2008-09-01,10.9,-0.03539823008849563,0.03809523809523818,0.2823529411764707,0.49315068493150704,1.4222222222222225
2008-10-01,11.6,0.06422018348623837,0.0265486725663715,0.23404255319148937,0.7575757575757576,1.3199999999999998
2008-11-01,11.4,-0.01724137931034475,0.04587155963302747,0.1875,0.7538461538461538,1.3265306122448979
2008-12-01,11.2,-0.01754385964912286,-0.034482758620689724,0.20430107526881702,0.5555555555555554,1.1132075471698113
2009-01-01,12.2,0.08928571428571419,0.07017543859649122,0.25773195876288657,0.5443037974683542,1.0
2009-02-01,10.5,-0.1393442622950819,-0.06249999999999989,0.0,0.3291139240506329,0.7796610169491525
2009-03-01,11.0,0.04761904761904767,-0.09836065573770492,0.06796116504854366,0.4864864864864864,0.746031746031746
2009-04-01,10.7,-0.027272727272727337,0.01904761904761898,0.0,0.3717948717948718,0.725806451612903
2009-05-01,9.3,-0.130841121495327,-0.15454545454545443,-0.130841121495327,0.13414634146341475,0.4761904761904763
2009-06-01,8.5,-0.08602150537634412,-0.20560747663551393,-0.19047619047619047,0.02409638554216853,0.1643835616438356
2009-07-01,7.9,-0.07058823529411762,-0.15053763440860213,-0.3008849557522124,-0.1413043478260868,0.17910447761194037
2009-08-01,7.5,-0.05063291139240511,-0.11764705882352944,-0.3119266055045872,-0.1847826086956521,0.11940298507462677
2009-09-01,7.8,0.040000000000000036,-0.012658227848101333,-0.3275862068965517,-0.08235294117647063,0.06849315068493156
2009-10-01,7.4,-0.05128205128205121,-0.013333333333333308,-0.3508771929824561,-0.21276595744680848,0.12121212121212133
2009-11-01,7.6,0.027027027027026973,-0.02564102564102566,-0.3214285714285714,-0.20833333333333337,0.16923076923076907
2009-12-01,8.0,0.05263157894736836,0.08108108108108092,-0.34426229508196715,-0.13978494623655924,0.11111111111111116
2010-01-01,8.1,0.012499999999999956,0.06578947368421062,-0.22857142857142865,-0.1649484536082474,0.025316455696202445
2010-02-01,8.3,0.024691358024691468,0.03750000000000009,-0.24545454545454537,-0.20952380952380945,0.05063291139240511
2010-03-01,7.1,-0.14457831325301218,-0.12345679012345678,-0.33644859813084116,-0.3106796116504855,-0.04054054054054068
2010-04-01,6.2,-0.12676056338028163,-0.2530120481927711,-0.33333333333333337,-0.42056074766355134,-0.20512820512820507
2010-05-01,9.3,0.5,0.3098591549295777,0.09411764705882364,-0.130841121495327,0.13414634146341475
2010-06-01,8.3,-0.10752688172043012,0.338709677419355,0.05063291139240511,-0.20952380952380945,0.0
2010-07-01,8.9,0.07228915662650603,-0.043010752688172116,0.18666666666666676,-0.21238938053097345,-0.032608695652173836
2010-08-01,8.8,-0.011235955056179692,0.06024096385542177,0.12820512820512842,-0.19266055045871555,-0.04347826086956508
2010-09-01,7.6,-0.13636363636363646,-0.1460674157303371,0.027027027027026973,-0.3448275862068966,-0.10588235294117654
2010-10-01,8.2,0.07894736842105265,-0.06818181818181834,0.07894736842105265,-0.280701754385965,-0.12765957446808518
2010-11-01,8.2,0.0,0.07894736842105265,0.02499999999999991,-0.2678571428571429,-0.14583333333333337
2010-12-01,7.0,-0.14634146341463405,-0.14634146341463405,-0.1358024691358024,-0.42622950819672123,-0.24731182795698925
2011-01-01,7.3,0.04285714285714293,-0.1097560975609756,-0.12048192771084343,-0.3047619047619048,-0.24742268041237114
2011-02-01,8.1,0.1095890410958904,0.15714285714285703,0.14084507042253525,-0.26363636363636367,-0.22857142857142865
2011-03-01,7.2,-0.11111111111111105,-0.013698630136986245,0.16129032258064524,-0.3271028037383177,-0.30097087378640774
2011-04-01,6.7,-0.06944444444444442,-0.1728395061728395,-0.27956989247311836,-0.27956989247311836,-0.3738317757009345
2011-05-01,6.6,-0.014925373134328401,-0.08333333333333337,-0.20481927710843384,-0.22352941176470598,-0.383177570093458
2011-06-01,6.6,0.0,-0.014925373134328401,-0.2584269662921349,-0.16455696202531656,-0.37142857142857144
2011-07-01,6.7,0.015151515151515138,0.015151515151515138,-0.23863636363636365,-0.10666666666666669,-0.4070796460176991
2011-08-01,6.5,-0.02985074626865669,-0.015151515151515138,-0.14473684210526316,-0.16666666666666663,-0.4036697247706422
2011-09-01,6.3,-0.03076923076923077,-0.059701492537313494,-0.23170731707317072,-0.14864864864864868,-0.4568965517241379
2011-10-01,6.0,-0.04761904761904756,-0.07692307692307687,-0.2682926829268292,-0.21052631578947367,-0.4736842105263158
2011-11-01,5.7,-0.04999999999999993,-0.09523809523809523,-0.18571428571428572,-0.2875,-0.4910714285714285
2011-12-01,5.3,-0.07017543859649134,-0.1166666666666667,-0.273972602739726,-0.345679012345679,-0.5655737704918032
2012-01-01,5.3,0.0,-0.07017543859649134,-0.345679012345679,-0.3614457831325302,-0.49523809523809526
2012-02-01,4.8,-0.09433962264150941,-0.09433962264150941,-0.33333333333333337,-0.323943661971831,-0.5636363636363637
2012-03-01,4.9,0.02083333333333348,-0.07547169811320742,-0.26865671641791045,-0.20967741935483863,-0.5420560747663551
2012-04-01,4.9,0.0,0.02083333333333348,-0.25757575757575746,-0.4731182795698925,-0.4731182795698925
2012-05-01,4.7,-0.04081632653061229,-0.04081632653061229,-0.28787878787878785,-0.4337349397590362,-0.44705882352941173
2012-06-01,4.8,0.02127659574468077,-0.020408163265306256,-0.28358208955223885,-0.4606741573033708,-0.39240506329113933
2012-07-01,4.6,-0.04166666666666674,-0.021276595744680993,-0.2923076923076924,-0.4772727272727274,-0.3866666666666667
2012-08-01,4.6,0.0,-0.04166666666666674,-0.2698412698412699,-0.39473684210526316,-0.41025641025641024
2012-09-01,4.5,-0.021739130434782483,-0.021739130434782483,-0.25,-0.4512195121951219,-0.3918918918918919
2012-10-01,4.9,0.08888888888888902,0.0652173913043479,-0.14035087719298245,-0.4024390243902438,-0.3552631578947367
2012-11-01,4.6,-0.061224489795918546,0.022222222222222143,-0.1320754716981133,-0.34285714285714286,-0.42500000000000004
2012-12-01,4.5,-0.021739130434782483,-0.08163265306122458,-0.15094339622641506,-0.3835616438356164,-0.4444444444444444
2013-01-01,4.0,-0.11111111111111116,-0.13043478260869557,-0.16666666666666663,-0.5061728395061729,-0.5180722891566265
2013-02-01,4.1,0.02499999999999991,-0.08888888888888902,-0.16326530612244916,-0.4305555555555556,-0.4225352112676056
2013-03-01,4.2,0.024390243902439046,0.050000000000000044,-0.1428571428571429,-0.3731343283582089,-0.32258064516129026
2013-04-01,4.4,0.04761904761904767,0.07317073170731736,-0.06382978723404253,-0.33333333333333326,-0.5268817204301075
2013-05-01,4.6,0.04545454545454519,0.09523809523809512,-0.04166666666666674,-0.3030303030303031,-0.4457831325301206
2013-06-01,4.1,-0.10869565217391308,-0.06818181818181834,-0.10869565217391308,-0.38805970149253743,-0.5393258426966292
2013-07-01,5.5,0.3414634146341464,0.19565217391304368,0.19565217391304368,-0.15384615384615385,-0.375
2013-08-01,5.5,0.0,0.3414634146341464,0.22222222222222232,-0.12698412698412698,-0.2763157894736842
2013-09-01,5.4,-0.018181818181818077,-0.018181818181818077,0.1020408163265305,-0.09999999999999998,-0.3414634146341462
2013-10-01,4.9,-0.09259259259259256,-0.10909090909090902,0.0652173913043479,-0.14035087719298245,-0.4024390243902438
2013-11-01,5.0,0.020408163265306145,-0.07407407407407418,0.11111111111111116,-0.05660377358490565,-0.2857142857142857
2013-12-01,5.2,0.040000000000000036,0.061224489795918435,0.30000000000000004,-0.01886792452830177,-0.28767123287671226
2014-01-01,5.1,-0.019230769230769384,0.020000000000000018,0.24390243902439024,0.0625,-0.37037037037037035
2014-02-01,5.2,0.019607843137255054,0.0,0.23809523809523814,0.061224489795918435,-0.2777777777777778
2014-03-01,5.6,0.07692307692307687,0.0980392156862746,0.2727272727272725,0.1428571428571428,-0.16417910447761197
2014-04-01,5.7,0.017857142857143016,0.09615384615384626,0.23913043478260887,0.2127659574468086,-0.13636363636363624
2014-05-01,5.2,-0.08771929824561409,-0.07142857142857129,0.2682926829268295,0.08333333333333348,-0.21212121212121204
2014-06-01,5.7,0.09615384615384626,0.0,0.036363636363636376,0.23913043478260887,-0.14925373134328357
2014-07-01,6.1,0.07017543859649122,0.1730769230769229,0.10909090909090913,0.32608695652173925,-0.06153846153846154
2014-08-01,5.5,-0.09836065573770492,-0.03508771929824561,0.01851851851851838,0.22222222222222232,-0.12698412698412698
2014-09-01,5.4,-0.018181818181818077,-0.11475409836065564,0.1020408163265305,0.1020408163265305,-0.09999999999999998
2014-10-01,5.3,-0.0185185185185186,-0.036363636363636376,0.06000000000000005,0.15217391304347827,-0.07017543859649134
2014-11-01,5.7,0.07547169811320753,0.05555555555555558,0.09615384615384626,0.2666666666666666,0.07547169811320753
2014-12-01,5.2,-0.08771929824561409,-0.01886792452830177,0.019607843137255054,0.30000000000000004,-0.01886792452830177
2015-01-01,4.8,-0.07692307692307698,-0.1578947368421053,-0.07692307692307698,0.17073170731707332,0.0
2015-02-01,4.4,-0.08333333333333326,-0.15384615384615385,-0.2142857142857142,0.04761904761904767,-0.10204081632653061
2015-03-01,5.1,0.15909090909090895,0.0625,-0.10526315789473695,0.15909090909090895,0.04081632653061207
2015-04-01,4.9,-0.039215686274509665,0.11363636363636354,-0.05769230769230771,0.0652173913043479,0.042553191489361764
2015-05-01,5.0,0.020408163265306145,-0.019607843137254832,-0.1228070175438597,0.21951219512195141,0.04166666666666674
2015-06-01,5.5,0.10000000000000009,0.12244897959183665,-0.09836065573770492,0.0,0.19565217391304368
2015-07-01,5.2,-0.054545454545454564,0.040000000000000036,-0.054545454545454564,-0.054545454545454564,0.1304347826086958
2015-08-01,5.1,-0.019230769230769384,-0.07272727272727275,-0.05555555555555569,-0.05555555555555569,0.1333333333333333
2015-09-01,5.9,0.15686274509803932,0.13461538461538458,0.11320754716981152,0.20408163265306123,0.20408163265306123
2015-10-01,5.7,-0.03389830508474578,0.11764705882352944,0.0,0.14000000000000012,0.23913043478260887
2015-11-01,5.5,-0.03508771929824561,-0.06779661016949157,0.05769230769230771,0.05769230769230771,0.22222222222222232
2015-12-01,5.2,-0.054545454545454564,-0.08771929824561409,0.08333333333333348,0.019607843137255054,0.30000000000000004
2016-01-01,5.5,0.05769230769230771,0.0,0.25,0.05769230769230771,0.3414634146341464
2016-02-01,5.4,-0.018181818181818077,0.03846153846153855,0.05882352941176494,-0.03571428571428559,0.2857142857142858
2016-03-01,5.4,0.0,-0.018181818181818077,0.1020408163265305,-0.05263157894736836,0.2272727272727273
2016-04-01,5.1,-0.05555555555555569,-0.05555555555555569,0.020000000000000018,-0.019230769230769384,0.10869565217391308
2016-05-01,5.2,0.019607843137255054,-0.03703703703703709,-0.054545454545454564,-0.08771929824561409,0.2682926829268295
2016-06-01,5.2,0.0,0.019607843137255054,0.0,-0.14754098360655732,-0.054545454545454564
2016-07-01,4.5,-0.1346153846153847,-0.1346153846153847,-0.11764705882352933,-0.18181818181818177,-0.18181818181818177
2016-08-01,5.0,0.11111111111111116,-0.03846153846153855,-0.15254237288135597,-0.07407407407407418,-0.07407407407407418
2016-09-01,5.2,0.040000000000000036,0.15555555555555567,-0.08771929824561409,-0.01886792452830177,0.061224489795918435
2016-10-01,5.2,0.0,0.040000000000000036,-0.054545454545454564,-0.08771929824561409,0.040000000000000036
2016-11-01,5.3,0.019230769230769162,0.019230769230769162,0.019230769230769162,0.019230769230769162,0.019230769230769162
2016-12-01,5.6,0.05660377358490565,0.07692307692307687,0.018181818181818077,0.16666666666666674,0.0980392156862746
2017-01-01,5.3,-0.05357142857142849,0.0,-0.0185185185185186,0.20454545454545436,0.019230769230769162
2017-02-01,5.1,-0.037735849056603765,-0.0892857142857143,-0.05555555555555569,0.0,-0.0892857142857143
2017-03-01,5.0,-0.019607843137254832,-0.05660377358490565,-0.019607843137254832,0.020408163265306145,-0.1228070175438597
2017-04-01,5.4,0.08000000000000007,0.05882352941176494,0.03846153846153855,0.08000000000000007,0.03846153846153855
2017-05-01,5.4,0.0,0.08000000000000007,0.03846153846153855,-0.018181818181818077,-0.05263157894736836
2017-06-01,5.3,-0.0185185185185186,-0.0185185185185186,0.1777777777777778,0.019230769230769162,-0.13114754098360648
2017-07-01,6.0,0.13207547169811318,0.11111111111111094,0.19999999999999996,0.17647058823529416,0.09090909090909083
2017-08-01,6.0,0.0,0.13207547169811318,0.15384615384615374,0.016949152542372836,0.11111111111111094
2017-09-01,5.3,-0.1166666666666667,-0.1166666666666667,0.019230769230769162,-0.07017543859649134,0.0
2017-10-01,5.6,0.05660377358490565,-0.06666666666666676,0.05660377358490565,0.018181818181818077,-0.01754385964912286
2017-11-01,4.9,-0.12499999999999989,-0.07547169811320742,-0.12499999999999989,-0.05769230769230771,-0.05769230769230771
2017-12-01,5.5,0.12244897959183665,-0.017857142857142794,0.037735849056603765,0.0,0.14583333333333348
2018-01-01,5.6,0.018181818181818077,0.1428571428571428,0.0980392156862746,0.03703703703703698,0.2727272727272725
2018-02-01,5.4,-0.03571428571428559,-0.018181818181818077,0.08000000000000007,0.0,0.05882352941176494
2018-03-01,5.3,-0.0185185185185186,-0.05357142857142849,-0.0185185185185186,0.03921568627450989,0.08163265306122436
2018-04-01,5.7,0.07547169811320753,0.05555555555555558,0.05555555555555558,0.09615384615384626,0.14000000000000012
2018-05-01,5.5,-0.03508771929824561,0.037735849056603765,0.037735849056603765,0.05769230769230771,0.0
2018-06-01,6.0,0.09090909090909083,0.05263157894736836,0.0,0.33333333333333326,0.15384615384615374
2018-07-01,6.2,0.03333333333333344,0.1272727272727272,0.03333333333333344,0.24,0.21568627450980404
2018-08-01,6.3,0.016129032258064502,0.050000000000000044,0.18867924528301883,0.21153846153846145,0.06779661016949134
2018-09-01,6.3,0.0,0.016129032258064502,0.125,0.21153846153846145,0.10526315789473673
2018-10-01,7.2,0.14285714285714302,0.14285714285714302,0.46938775510204067,0.358490566037736,0.3090909090909091
2018-11-01,6.7,-0.06944444444444442,0.06349206349206349,0.21818181818181825,0.19642857142857162,0.28846153846153855
2018-12-01,6.6,-0.014925373134328401,-0.08333333333333337,0.1785714285714286,0.24528301886792447,0.19999999999999996
