DATE,ASPUS_3A_PCT_CHG,H_RATIO_3A_PCT_CHG,HSN1F_3A_PCT_CHG,PERMIT_3A_PCT_CHG,STOCK_MKT_3A_PCT_CHG,BAA_YEILD_10Y_2A_PCT_CHG,US10Y_3A_PCT_CHG,RPCE_A_PCT_CHG,UEMP_3A_PCT_CHG,RGDP_M_PCT_CHG
1/1/1962,0.103626943,0.170212766,-0.086294416,0.037433155,-3.199388053,-0.28,0.024509804,-0.11627907,-0.207030921,-0.164383562
2/1/1962,0.103626943,0.170212766,-0.086294416,0.037433155,-3.199388053,-0.28,0.024509804,-0.11627907,-0.207030921,-0.164383562
3/1/1962,0.103626943,0.170212766,-0.086294416,0.037433155,-3.199388053,-0.28,0.024509804,-0.11627907,-0.207030921,-0.196721311
4/1/1962,0.103626943,0.170212766,-0.086294416,0.037433155,-3.199388053,-0.28,0.024509804,-0.11627907,-0.207030921,-0.244897959
5/1/1962,0.103626943,0.170212766,-0.086294416,0.037433155,-3.199388053,-0.28,0.024509804,-0.11627907,-0.207030921,0.117117117
6/1/1962,0.103626943,0.170212766,-0.086294416,0.037433155,-3.199388053,-0.28,0.024509804,-0.11627907,-0.207030921,0.10483871
7/1/1962,0.103626943,0.170212766,-0.086294416,0.037433155,-3.199388053,-0.28,0.024509804,-0.11627907,-0.207030921,0.094890511
8/1/1962,0.103626943,0.170212766,-0.086294416,0.037433155,-3.199388053,-0.28,0.024509804,-0.11627907,-0.207030921,-0.246666667
9/1/1962,0.103626943,0.170212766,-0.086294416,0.037433155,-3.199388053,-0.28,0.024509804,-0.11627907,-0.207030921,-0.327433628
10/1/1962,0.103626943,0.170212766,-0.086294416,0.037433155,-3.199388053,-0.28,0.024509804,-0.11627907,-0.207030921,-0.486842105
11/1/1962,0.103626943,0.170212766,-0.086294416,0.037433155,-3.199388053,-0.28,0.024509804,-0.11627907,-0.207030921,0.794871795
12/1/1962,0.103626943,0.170212766,-0.086294416,0.037433155,-3.199388053,-0.28,0.024509804,-0.11627907,-0.207030921,0.442857143
1/1/1963,0.103626943,0.170212766,-0.086294416,0.037433155,-3.199388053,-0.28,0.024509804,-0.381898455,-0.207030921,0.306930693
2/1/1963,0.103626943,0.170212766,-0.086294416,0.037433155,-3.199388053,-0.28,0.024509804,-0.343815514,-0.207030921,0.015151515
3/1/1963,0.103626943,0.170212766,-0.086294416,0.037433155,-3.199388053,-0.28,0.024509804,-0.306,-0.207030921,0.014925373
4/1/1963,0.103626943,0.170212766,-0.086294416,0.037433155,-3.199388053,-0.28,0.024509804,-0.136363636,-0.207030921,0.014705882
5/1/1963,0.103626943,0.170212766,-0.086294416,0.037433155,-3.199388053,-0.28,0.024509804,0.15,-0.207030921,0.326086957
6/1/1963,0.103626943,0.170212766,-0.086294416,0.037433155,-3.199388053,-0.28,0.024509804,0.540625,-0.207030921,0.245901639
7/1/1963,0.103626943,0.170212766,-0.086294416,0.037433155,-3.199388053,-0.28,0.024509804,0.351351351,-0.207030921,0.197368421
8/1/1963,0.103626943,0.170212766,-0.086294416,0.037433155,-3.199388053,-0.28,0.024509804,-0.026369168,-0.207030921,-0.238095238
9/1/1963,0.103626943,0.170212766,-0.086294416,0.037433155,-3.199388053,-0.28,0.024509804,-0.293103448,-0.207030921,-0.3125
10/1/1963,0.103626943,0.170212766,-0.086294416,0.037433155,-3.199388053,-0.28,0.024509804,-0.291666667,-0.207030921,-0.454545455
11/1/1963,0.103626943,0.170212766,-0.086294416,0.037433155,-3.199388053,-0.28,0.024509804,0.307894737,-0.207030921,0.782051282
12/1/1963,0.103626943,0.170212766,-0.086294416,0.037433155,-3.199388053,-0.28,0.024509804,1.332142857,-0.207030921,0.438848921
1/1/1964,0.103626943,0.170212766,-0.086294416,0.037433155,-3.199388053,-0.359223301,0.024509804,1.587859425,-0.207030921,0.305
2/1/1964,0.103626943,0.170212766,-0.086294416,0.037433155,-3.199388053,-0.387387387,0.024509804,1.25648415,-0.207030921,-0.164750958
3/1/1964,0.103626943,0.170212766,-0.086294416,0.037433155,-3.199388053,-0.483050847,0.024509804,0.992105263,-0.207030921,-0.197247706
4/1/1964,0.103626943,0.170212766,-0.086294416,0.037433155,-3.199388053,-0.451327434,0.024509804,0.670480549,-0.207030921,-0.245714286
5/1/1964,0.103626943,0.170212766,-0.086294416,0.037433155,-3.199388053,-0.414414414,0.024509804,0.501014199,-0.207030921,0.151515152
6/1/1964,0.103626943,0.170212766,-0.086294416,0.037433155,-3.199388053,-0.346153846,0.024509804,0.363636364,-0.207030921,0.131578947
7/1/1964,0.103626943,0.170212766,-0.086294416,0.037433155,-3.199388053,-0.407407407,0.024509804,0.583333333,-0.207030921,0.11627907
8/1/1964,0.103626943,0.170212766,-0.086294416,0.037433155,-3.199388053,-0.4,0.024509804,0.324390244,-0.207030921,-0.270833333
9/1/1964,0.103626943,0.170212766,-0.086294416,0.037433155,-3.199388053,-0.41509434,0.024509804,-0.038235294,-0.207030921,-0.371428571
10/1/1964,0.103626943,0.170212766,-0.086294416,0.037433155,-3.199388053,-0.403846154,0.024509804,-0.778672032,-0.207030921,-0.590909091
11/1/1964,0.103626943,0.170212766,-0.086294416,0.037433155,-3.199388053,-0.377358491,0.024509804,-0.418070444,-0.207030921,0.059384164
12/1/1964,0.103626943,0.170212766,-0.086294416,0.037433155,-3.199388053,-0.416666667,0.024509804,-0.197530864,-0.207030921,0.709677419
1/1/1965,0.113989637,0.191489362,-0.098138748,0.058626466,-2.672945539,-0.371134021,0.037128713,0.174968072,-0.115471229,0.41509434
2/1/1965,0.105354059,0.170212766,-0.054145516,0.044973545,-2.672945539,-0.4,0.071246819,0.007926024,-0.101793613,-0.163333333
3/1/1965,0.09671848,0.14893617,-0.059221658,-0.019433198,-1.189813603,-0.366666667,0.096354167,-0.168493151,-0.086468239,-0.195219124
4/1/1965,0.088082902,0.191489362,-0.060913706,0.017513135,-1.076746973,-0.347826087,0.085271318,-0.391891892,-0.109416205,-0.242574257
5/1/1965,0.098445596,0.127659574,-0.079526227,0.04592721,-1.076746973,-0.294117647,0.076726343,-0.289333333,-0.132130884,0.267973856
6/1/1965,0.10880829,0,0.03891709,0.04373423,-1.12266033,-0.219512195,0.049875312,-0.188157895,-0.155698585,0.211340206
7/1/1965,0.119170984,0.106382979,-0.062605753,0.030833333,-0.867555017,-0.180722892,0.055276382,0.289134438,-0.186868285,0.174468085
8/1/1965,0.1208981,-0.021276596,0.040609137,0.021259199,-0.867555017,-0.171052632,0.067839196,1.620795107,-0.206608819,0.010869565
9/1/1965,0.122625216,0.042553191,-0.00676819,0.038950042,-1.201044548,-0.138888889,0.091603053,1.849871238,-0.226785467,0.010752688
10/1/1965,0.124352332,0.063829787,-0.060913706,0.034789644,0.378476695,-0.194444444,0.109693878,2.078947368,-0.326455902,0.010638298
11/1/1965,0.141623489,-0.021276596,0.042301184,0.056634304,0.378476695,-0.305555556,0.152849741,0.507692308,-0.358650492,0.021052632
12/1/1965,0.158894646,-0.063829787,0.030456853,0.053685897,-0.336168269,-0.393939394,0.206266319,-0.141304348,-0.385703313,0.020618557
1/1/1966,0.174137931,-0.287878788,0.290948276,0.093234323,-0.918917938,-0.338235294,0.176020408,-0.213630406,-0.334044286,0.02020202
2/1/1966,0.180722892,-0.234375,0.173535792,-0.078696343,-0.918917938,-0.524590164,0.229007634,-0.286655684,-0.315573837,-0.287128713
3/1/1966,0.187285223,-0.056603774,-0.079338843,-0.041925466,-0.877975855,-0.274193548,0.226700252,-0.406666667,-0.295362458,-0.402777778
4/1/1966,0.2,0,-0.06996587,-0.151851852,-1.685410593,0.015384615,0.208651399,-0.812382739,-0.28483201,-0.674418605
5/1/1966,0.200692041,-0.116666667,-0.051330798,-0.198513011,-1.685410593,0.029411765,0.197994987,-0.638573744,-0.285078192,0.476190476
6/1/1966,0.201388889,0.304347826,-0.347368421,-0.276305829,-1.938257625,0.203125,0.196517413,-0.504285714,-0.285341541,0.322580645
7/1/1966,0.189655173,0.053571429,-0.236842105,-0.288549618,-2.191104656,0.047619048,0.255,-0.451575263,-0.304411092,0.243902439
8/1/1966,0.178082191,0.259259259,-0.361016949,-0.379334749,-2.443951688,-0.016129032,0.279411765,-0.634748272,-0.315708944,-0.009803922
9/1/1966,0.166666667,0.220338983,-0.368606702,-0.45261669,-2.696798719,0.467741935,0.260340633,-0.769230769,-0.327211018,-0.00990099
10/1/1966,0.163265306,0.145454545,-0.331606218,-0.45541636,-1.473106327,0.651515152,0.216019417,-0.826530612,-0.387406623,-0.01
11/1/1966,0.183673469,0.016393443,-0.256809339,-0.482782853,-1.473106327,0.53968254,0.249394673,-0.759493671,-0.380746396,0.03030303
12/1/1966,0.204081633,0.086206897,-0.327868852,-0.426697531,-1.358789669,1.196721311,0.160671463,-0.65,-0.374851231,0.029411765
1/1/1967,0.212121212,0.036363636,-0.316912972,-0.30998613,0.757977206,1.438596491,0.103614458,-0.468822171,-0.30288124,0.028571429
2/1/1967,0.203333333,-0.017241379,-0.274021352,-0.309215537,0.757977206,1.087719298,0.097156398,0.27340824,-0.289074547,-0.314814815
3/1/1967,0.194719472,-0.1,-0.214669052,-0.244462025,2.120074049,1.183333333,0.073286052,3.5,-0.27387678,-0.459459459
4/1/1967,0.192118227,-0.209677419,-0.084130019,-0.203233256,0.811246602,1.066666667,0.092857143,1.511210762,-0.266104725,-0.85
5/1/1967,0.181372549,-0.210526316,-0.132758621,-0.159375,0.811246602,0.734375,0.163069544,0.276657061,-0.22870535,0.003571429
6/1/1967,0.170731707,-0.163636364,-0.132173913,-0.103527607,0.946894192,0.661764706,0.198090692,-0.304255319,-0.18803278,0.857142857
7/1/1967,0.158319871,-0.185185185,-0.115120275,-0.098774885,0.257116631,0.746031746,0.23150358,-0.432432432,-0.169347605,0.461538462
8/1/1967,0.158908507,-0.185185185,-0.145762712,-0.028458498,0.257116631,0.693548387,0.257142857,-0.174074074,-0.173427569,-0.070175439
9/1/1967,0.159489633,-0.188679245,-0.089193825,0.039837398,0.483735148,0.896551724,0.264916468,0.394117647,-0.177628229,-0.075471698
10/1/1967,0.156398104,-0.267857143,0.032846715,0.020733652,-0.945468944,1.08,0.320481928,0.315789474,-0.244184412,-0.081632653
11/1/1967,0.161189358,-0.163636364,-0.074074074,0.114261168,-0.945468944,1.425,0.375598086,1.366666667,-0.265322971,0.6
12/1/1967,0.165891473,-0.160714286,-0.058161351,0.040348101,-0.928309111,1.733333333,0.360381862,2.230434783,-0.284122844,0.375
1/1/1968,0.190625,-0.145454545,-0.11627907,-0.005063291,-2.333542724,3.517241379,0.313539192,1.911764706,-0.232241574,0.272727273
2/1/1968,0.220472441,-0.240740741,-0.023381295,0.108175062,-2.333542724,1.755555556,0.320665083,0.926666667,-0.231671062,-0.05952381
3/1/1968,0.250793651,-0.142857143,-0.117117117,0.179001721,-4.298169824,0.681818182,0.366666667,0.326785714,-0.231049967,-0.063291139
4/1/1968,0.259433962,-0.075471698,-0.079044118,0.065451533,8.139800884,0.9,0.339667458,0.399548533,-0.231328276,-0.067567568
5/1/1968,0.246105919,0.170212766,-0.281758958,0.045124899,8.139800884,0.506493506,0.394299287,1.048929664,-0.189199151,-0.183574879
6/1/1968,0.233024691,0.057692308,-0.203971119,0.050929669,-9.464578782,1.045454545,0.361904762,2.428571429,-0.142894643,-0.224852071
7/1/1968,0.229583976,0.108695652,-0.198373984,0.076060849,-3.457257343,1.426229508,0.294117647,2.452914798,-0.105624931,-0.290076336
8/1/1968,0.233846154,0.020408163,-0.136286201,0.10594947,-3.457257343,0.538461538,0.263403263,1.417721519,-0.110665091,-0.161290323
9/1/1968,0.238095238,0.02,-0.097297297,0.144644253,-0.641620207,0.220183486,0.255172414,0.508,-0.116097216,-0.192307692
10/1/1968,0.225416036,0.130434783,-0.185064935,0.08805513,-0.023962155,0.298969072,0.253932584,-0.637826962,-0.190661823,-0.238095238
11/1/1968,0.21609538,0.272727273,-0.229885057,0.092015209,-0.023962155,-0.02238806,0.233766234,-0.636608345,-0.184897359,1
12/1/1968,0.207048458,0.106382979,-0.146911519,0.048301887,6.990976954,-0.136690647,0.30802603,-0.636363636,-0.179569197,0.5
1/1/1969,0.206997084,0.12244898,-0.112754159,0.258843831,-6.563992577,0.075630252,0.250517598,-0.480968858,-0.128998943,0.333333333
2/1/1969,0.205499277,-0.02,-0.059245961,0.211507293,-6.563992577,-0.152671756,0.271047228,-0.479138627,-0.128780466,-0.270833333
3/1/1969,0.204022988,0.117647059,-0.130275229,0.255895197,-0.009438364,-0.024193548,0.326315789,-0.479032258,-0.12855439,-0.371428571
4/1/1969,0.214697407,0.132075472,-0.098196393,0.336734694,-0.923770428,0.234234234,0.290794979,-0.611940299,-0.114315564,-0.590909091
5/1/1969,0.218208092,0.016666667,0.029953917,0.389121339,-0.923770428,0.061946903,0.313929314,-0.666666667,-0.060296131,0.416666667
6/1/1969,0.22173913,-0.016949153,0.059770115,0.447424893,-0.958900274,0.027272727,0.30876494,-0.714285714,-0.002329396,0.294117647
7/1/1969,0.225290698,-0.073529412,0.156498674,0.457240593,0.036729309,0.066666667,0.287356322,-0.65095986,0.047465385,0.227272727
8/1/1969,0.214285714,-0.097222222,0.17877095,0.701550388,0.036729309,0.063636364,0.291505792,-0.363395225,0.042864624,-0.567901235
9/1/1969,0.203216374,0.095238095,0.023255814,0.709066306,2.718235975,-0.144230769,0.429141717,0.555555556,0.038015436,-1.314285714
10/1/1969,0.168103448,0.129032258,0.04973822,0.652173913,-1.339778123,0.154639175,0.375968992,0.185185185,-0.066380177,-0.771177945
11/1/1969,0.146892656,-0.015873016,0.195121951,0.602960969,-1.339778123,-0.097560976,0.475206612,-0.175,-0.029439807,-0.228070175
12/1/1969,0.126388889,0.070175439,0.086538462,0.16080402,-0.93065389,-0.236641221,0.670305677,-0.393333333,0.002905307,-0.295454545
1/1/1970,0.121883656,-0.035087719,0.129901961,0.170893054,-1.563141497,-0.137096774,0.6825054,-0.354005168,0.125865999,-0.419354839
2/1/1970,0.122928177,0.333333333,-0.150341686,0.170680628,-1.563141497,0.387387387,0.594713656,-0.297213622,0.174881764,-0.666666667
3/1/1970,0.123966942,0.387755102,-0.187891441,0.093719807,-1.970073964,0.172932331,0.540305011,-0.219230769,0.226762215,-2
4/1/1970,0.132780083,0.333333333,-0.115308151,0.137546468,-3.038323069,0.129310345,0.52371134,-0.25,0.233613274,-0.138888889
5/1/1970,0.119444445,0.239130435,-0.066132265,0.136013687,-3.038323069,-0.207407407,0.575697211,0.077272727,0.268147106,1.722222222
6/1/1970,0.10599721,0.25,-0.058252427,0.123194562,-4.156747152,-0.047297297,0.519379845,0.465,0.302097225,0.632653061
7/1/1970,0.08033241,0.227272727,-0.045634921,0.077298617,-1.376003526,0.385714286,0.412878788,0.458333333,0.373139598,0.3875
8/1/1970,0.077028886,0.186046512,-0.030131827,0.089913995,-1.376003526,0.436090226,0.420754717,-0.296428571,0.418388253,-0.711711712
9/1/1970,0.073770492,0.146341463,-0.003533569,0.1140625,-2.184971365,0.587301587,0.348540146,-0.865625,0.46548143,-2.46875
10/1/1970,0.063342318,0.043478261,0.09,0.205859676,-2.993939203,0.526717557,0.274782609,-1.37037037,0.436974715,1.680851064
11/1/1970,0.0625,-0.021276596,0.135458167,0.142205323,-3.802907042,1.116666667,0.2,-0.304029304,0.48512253,-1.23015873
12/1/1970,0.06167979,0,0.178137652,0.498727735,-4.61187488,1.1328125,0.155515371,0.96,0.530419403,-0.193883713
1/1/1971,0.056774194,0.048780488,0.138121547,0.224292101,-5.981385025,1.252252252,0.122302158,2.480176211,0.687185458,0.842391304
2/1/1971,0.055837563,-0.083333333,0.26122449,0.159124088,-5.981385025,0.884297521,0.06445993,2.201970443,0.703495615,-0.268436578
3/1/1971,0.054931336,-0.183673469,0.359281437,0.367807154,0.797572396,1.01459854,0.010638298,1.833333333,0.721288838,-0.366935484
4/1/1971,0.0725,-0.236363636,0.501133787,0.34541249,-0.29864334,1.183333333,-0.00681431,0.561181435,0.649672505,-0.579617834
5/1/1971,0.07008761,-0.163636364,0.401360544,0.516923077,-0.29864334,0.973451327,0.117132867,0.204778157,0.652280187,0.166666667
6/1/1971,0.067669173,-0.078431373,0.310344828,0.415922619,1.415981671,0.991071429,0.185454545,-0.037142857,0.65485086,0.142857143
7/1/1971,0.058603491,-0.18,0.392504931,0.524686809,-2.211308134,0.735042735,0.241697417,0.624365482,0.741434348,0.125
8/1/1971,0.052109181,-0.078431373,0.315369261,0.368852459,-2.211308134,1.449438202,0.205128205,1.275892778,0.774704156,-0.242424242
9/1/1971,0.045679012,0,0.24501992,0.404644616,-1.444765908,1.1875,0.100358423,1.927420073,0.81112896,-0.32
10/1/1971,0.036764706,-0.107142857,0.379530917,0.41086351,-1.400064606,1.297297297,0.040350877,2.578947368,0.682065946,-0.470588235
11/1/1971,0.038929441,-0.057692308,0.389432485,0.496760259,-1.400064606,1.57,-0.036484245,0.291836735,0.685044901,0.121088861
12/1/1971,0.041062802,-0.072727273,0.435416667,0.461960247,-0.425429312,1.289719626,-0.018211921,-0.256962025,0.687772249,0.712765957
1/1/1972,0.044417767,0.06122449,0.332061069,0.496989967,-3.450308589,0.480519481,-0.038772213,-0.169230769,0.791321484,0.416149068
2/1/1972,0.042959427,-0.052631579,0.5,0.508344924,-3.450308589,0.378205128,-0.034920635,0.215686275,0.751333541,0.078947368
3/1/1972,0.041518387,0.016666667,0.422222222,0.460791117,-6.55097768,0.65648855,-0.016207455,0.891891892,0.7099521,0.073170732
4/1/1972,0.046263345,-0.049180328,0.530201342,0.610692771,-9.651646771,0.91588785,-0.02056962,1.209631728,0.598310123,0.068181818
5/1/1972,0.056939502,0.051724138,0.468546638,0.532246108,-9.651646771,0.489361702,-0.066971081,1.166172107,0.558417711,-0.19858156
6/1/1972,0.067615658,0,0.575688073,0.708137715,-1.34298279,0.077319588,-0.09077381,1.125,0.52037158,-0.247787611
7/1/1972,0.091236494,-0.030769231,0.613744076,0.666666667,-0.998664675,0.109947644,-0.086696562,0.431818182,0.56517958,-0.329411765
8/1/1972,0.120291616,-0.130434783,0.952020202,0.791765637,-0.998664675,-0.01,-0.132681564,0.326785714,0.551633863,0.271929825
9/1/1972,0.150061501,-0.114285714,0.912718204,0.967927632,-1.01461263,-0.23,-0.077464789,0.260294118,0.537198452,0.213793103
10/1/1972,0.167487685,-0.080645161,0.911564626,0.976490344,4.313194326,-0.377952756,-0.092436975,0.532385466,0.321888505,0.176136364
11/1/1972,0.183723798,0.114754098,0.626106195,0.934199134,4.313194326,-0.373626374,-0.179084967,0.528109029,0.241059256,0.164251208
12/1/1972,0.2,0.181818182,0.67462039,1.277777778,-1.654274918,-0.372,-0.183568678,0.524074074,0.173909717,0.141078838
1/1/1973,0.210332103,-0.097222222,1.09383378,1.031305903,-0.891387929,-0.368421053,-0.107734807,0.209677419,0.194194717,0.123636364
2/1/1973,0.234068628,0,0.894601542,0.966431095,-0.891387929,-0.518115942,-0.060820368,-0.295714286,0.135588559,-0.190938511
3/1/1973,0.257631258,0.166666667,0.629213483,0.684640523,-0.948309596,-0.496183206,-0.092016238,-0.696153846,0.078635394,-0.236
4/1/1973,0.306451613,0.350877193,0.418454936,0.436746988,-0.322689063,-0.3632287,-0.15676359,-1.02739726,0.000834831,-0.308900524
5/1/1973,0.337957125,0.363636364,0.360824742,0.460665658,-0.322689063,-0.457399103,-0.12627551,-0.951470588,-0.03703806,-0.492424242
6/1/1973,0.37051282,0.444444444,0.351351351,0.549093656,4.686381169,-0.39408867,-0.075067024,-0.861904762,-0.072398717,-0.970149254
7/1/1973,0.375478927,0.705882353,0.166990291,0.304878049,-0.046814448,-0.490825688,-0.05312085,-0.811574697,-0.087432319,-0.953328595
8/1/1973,0.37913486,1,0.003546099,0.26858345,-0.046814448,-0.53877551,0.00135318,-0.938156359,-0.121676341,-0.936507937
9/1/1973,0.382762991,0.979166667,0.029357798,0.089514066,-1.14514637,-0.396078431,-0.032742156,-1.034020619,-0.155080987,0.068109668
10/1/1973,0.374217772,1.043478261,-0.00877193,-0.060585885,-1.24127833,-0.369649805,-0.007309942,-1.133779264,-0.228653342,1.072727273
11/1/1973,0.374536465,1.042553191,-0.060137457,-0.206564799,-1.24127833,-0.310204082,0.053208138,-1.239368165,-0.211852829,-0.631578947
12/1/1973,0.374847375,1.348837209,-0.160194175,-0.216068168,-1.174944746,-0.236842105,0.080128205,-1.364,-0.196904167,-1.714285714
1/1/1974,0.370192308,1.204545455,-0.153721683,-0.161838791,-1.490850836,-0.306976744,0.144026187,-1.709939148,-0.109661783,-1.072829132
2/1/1974,0.356213018,1.4,-0.208516887,-0.226833428,-1.490850836,-0.276497696,0.221052632,-1.772151899,-0.104145265,-0.431372549
3/1/1974,0.342657343,1.095238095,-0.135951662,-0.1747851,-2.258047387,-0.312195122,0.23670669,-0.15,-0.098232642,-0.75862069
4/1/1974,0.354385965,0.97826087,-0.1197411,-0.364097363,-2.239185032,-0.352380952,0.175273865,3.545454545,-0.13211178,-3.142857143
5/1/1974,0.363849765,0.70212766,-0.086687307,-0.401996847,-2.239185032,-0.296650718,0.162576687,0.804597701,-0.114110635,-1.566666667
6/1/1974,0.373380448,1.170731707,-0.243626062,-0.475108748,1.471582778,-0.183962264,0.120356612,0.164285714,-0.096417833,-0.416145833
7/1/1974,0.379716981,0.872340426,-0.189681335,-0.5,5.666631304,-0.156565657,0.186930091,2.20754717,-0.047290581,0.734375
8/1/1974,0.38488784,0.788461538,-0.2128,-0.540581162,5.666631304,0.123376623,0.309446254,1.333333333,0.012189883,-0.198198198
9/1/1974,0.390070922,0.82,-0.210200927,-0.585389931,6.41152875,0.35443038,0.355817875,1.691666667,0.074889808,-0.247191011
10/1/1974,0.380562061,1,-0.369014085,-0.603655604,2.173269516,0.50877193,0.359724613,1.893401015,0.059369025,-0.328358209
11/1/1974,0.386310905,0.901960784,-0.346879536,-0.632911392,2.173269516,0.859872611,0.295109612,-0.021978022,0.173678383,0.733333333
12/1/1974,0.391954023,0.980769231,-0.402578797,-0.611706881,-1.744097155,1.222222222,0.248739496,-1.105714286,0.278398989,0.423076923
1/1/1975,0.40389016,0.833333333,-0.414908579,-0.665283541,0.403243007,1.488721805,0.233552632,-2.857923497,0.490140551,0.297297297
2/1/1975,0.416856492,0.704918033,-0.340625,-0.65368171,0.403243007,1.46969697,0.217462932,-0.062295082,0.527821918,-0.534722222
3/1/1975,0.429705215,0.534482759,-0.302631579,-0.668536699,4.164317261,0.936619718,0.248788368,2.733333333,0.568811066,-1.149253731
4/1/1975,0.434343434,0.180327869,-0.197932053,-0.581035317,3.861908226,0.94214876,0.342577488,3.267515924,0.544751589,-0.338994682
5/1/1975,0.415555556,0.079365079,-0.15720524,-0.581310124,3.861908226,1.138211382,0.319148936,2.926380368,0.527091628,0.471264368
6/1/1975,0.397139714,0.142857143,-0.182085169,-0.569020501,2.569667755,1.486486486,0.286415712,2.588235294,0.509385535,0.3203125
7/1/1975,0.373101952,0.166666667,-0.263906856,-0.549270879,1.277427284,1.203539823,0.297906602,-0.030959752,0.550469606,0.24260355
8/1/1975,0.377540107,0.096774194,-0.262059974,-0.584621814,-0.014813187,0.422077922,0.282442748,-2.650154799,0.57970232,-0.071428571
9/1/1975,0.38185654,0.280701754,-0.340450771,-0.548003398,-1.307053658,0.345679012,0.300925926,-1.854385965,0.611532624,-0.076923077
10/1/1975,0.3875,-0.029411765,-0.171428571,-0.509400179,-0.800968345,0.467455621,0.296178344,-2.647940075,0.520735248,-0.083333333
11/1/1975,0.386831276,-0.107692308,-0.119170984,-0.541132699,-0.800968345,0.442528736,0.26572327,-0.80485239,0.517763996,0.23030303
12/1/1975,0.386178862,-0.107692308,-0.14340589,-0.519594892,-2.198958999,0.718120805,0.238390093,1.038235294,0.514978457,0.187192118
1/1/1976,0.37040715,-0.058823529,-0.181818182,-0.463162624,-2.302230933,0.700636943,0.165662651,0.822222222,0.616655075,0.157676349
2/1/1976,0.357281554,-0.157142857,-0.111724138,-0.422890398,-2.405502866,0.737588652,0.1609538,0.196428571,0.603939591,-0.225806452
3/1/1976,0.344729345,-0.116883117,-0.105900151,-0.389937107,-2.5087748,0.757352941,0.15892054,-0.223880597,0.590220823,-0.291666667
4/1/1976,0.351555137,-0.146666667,-0.074242424,-0.413775246,-1.250666202,0.619047619,0.103649635,-0.421875,0.518787223,-0.411764706
5/1/1976,0.34424696,-0.102564103,-0.123076923,-0.417844954,-1.250666202,0.132947977,0.144927536,-0.360655738,0.540504837,-0.088888889
6/1/1976,0.337047354,-0.206896552,-0.016638935,-0.346893898,-2.4953894,0.215568862,0.102384292,-0.293103448,0.562383303,-0.097560976
7/1/1976,0.331180812,-0.319148936,0.173144876,-0.311774461,-3.101647687,0.150289017,0.058108108,-0.193245779,0.619751435,-0.108108108
8/1/1976,0.342804766,-0.347368421,0.155080214,-0.231807512,-3.101647687,-0.126168224,0.095909732,-0.049281314,0.643359095,0.106060606
9/1/1976,0.35428051,-0.340425532,0.231858407,0.049610206,-2.264293126,-0.298449612,0.117820324,0.129545455,0.668266752,0.095890411
10/1/1976,0.357014388,-0.395833333,0.294332724,0.016405136,-0.431699523,-0.356164384,0.101040119,-0.065255732,0.518728626,0.0875
11/1/1976,0.351687389,-0.405940594,0.416184971,0.188664596,-0.431699523,-0.39375,0.081602374,-0.25974026,0.464090885,0.218390805
12/1/1976,0.346491228,-0.422680412,0.466539197,0.135236664,-0.797451333,-0.320241692,-0.017167382,-0.393902439,0.416859144,0.179245283
1/1/1977,0.35078534,-0.447916667,0.530612245,0.077941176,-1.087081149,-0.426380368,0.03591954,-0.28358209,0.510402454,0.152
2/1/1977,0.3671875,-0.420454545,0.466783217,0.083333333,-1.087081149,-0.370909091,0.024965326,-0.244230769,0.474227067,0.222222222
3/1/1977,0.383419689,-0.450549451,0.602941176,0.323763955,-1.088406662,-0.293617021,-0.00665779,-0.17027027,0.435882436,0.181818182
4/1/1977,0.401893288,-0.3125,0.354237288,0.458699473,-0.65239359,-0.353612167,-0.027704485,-0.435897436,0.314384138,0.153846154
5/1/1977,0.394511149,-0.393258427,0.511235955,0.535911602,-0.65239359,-0.438405797,-0.01061008,-0.334146341,0.270726948,-0.025
6/1/1977,0.387179487,-0.375,0.507490637,0.748502994,-0.871128614,-0.345381526,-0.067861716,-0.239534884,0.229446119,-0.025641026
7/1/1977,0.381074169,-0.344086022,0.534552846,0.839694656,-0.961949436,-0.296803653,-0.088308458,-0.179265659,0.181221934,-0.026315789
8/1/1977,0.407312925,-0.362637363,0.581213307,1.119047619,-0.961949436,-0.348623853,-0.07960199,-0.07444668,0.11066408,-0.333333333
9/1/1977,0.433418151,-0.397959184,0.879464286,1.031553398,-0.911128618,-0.411290323,-0.070886076,0.018867925,0.044594034,-0.5
10/1/1977,0.443514644,-0.371134021,0.82,1.245210728,-0.494328406,-0.454183267,-0.020833333,0.208576998,-0.124958523,-1
11/1/1977,0.439306358,-0.417475728,0.988009592,1.037974684,-0.494328406,-0.46484375,0.020188425,-0.014084507,-0.205708089,0
12/1/1977,0.435207824,-0.393939394,1.007211538,1.415977961,-1.268142291,-0.513108614,0.025333333,-0.25,-0.269099886,1
1/1/1978,0.430064309,-0.432692308,0.883886256,1.386831276,-1.289363964,-0.506122449,0.077131258,-0.41475827,-0.234815766,0.5
2/1/1978,0.429024584,-0.292134831,0.658280922,1.448519041,-1.289363964,-0.510460251,0.038809832,0.456026059,-0.260590434,0.647368421
3/1/1978,0.428012519,-0.152777778,0.49907919,1.077367206,-1.307362304,-0.504201681,-0.02308627,2.013636364,-0.287236182,0.794736842
4/1/1978,0.45054945,-0.147058824,0.492227979,1.131291028,-0.373185662,-0.403061224,0.011166253,2.223443223,-0.317697534,0.442815249
5/1/1978,0.47007874,-0.180555556,0.538599641,0.866807611,-0.373185662,-0.438423645,0.062340967,0.966360856,-0.302795451,-0.25
6/1/1978,0.489731438,-0.114285714,0.46572935,0.944117647,-8.011154986,-0.427135678,0.049627792,0.071052632,-0.287499218,-0.333333333
7/1/1978,0.479037267,-0.029411765,0.393992933,0.796780684,-6.617057373,-0.486631016,0.028571429,-0.630434783,-0.264718483,-0.5
8/1/1978,0.476335878,-0.095890411,0.35971223,0.589285714,-6.617057373,-0.408839779,-0.002372479,-0.587037037,-0.264047186,0.113821138
9/1/1978,0.473723724,-0.106060606,0.333333333,0.597627737,7.66564675,-0.468085106,0.034398034,-0.553225806,-0.263343156,0.102189781
10/1/1978,0.477744807,-0.017241379,0.282352941,0.604504505,-7.791148761,-0.510309278,0.073291925,-0.326530612,-0.302427526,0.092715232
11/1/1978,0.474340176,0.120689655,0.192825112,0.64527956,-7.791148761,-0.546666667,0.10125,-0.194444444,-0.29344327,-0.290909091
12/1/1978,0.471014493,-0.046875,0.334991708,0.521338912,-1.411855613,-0.502673797,0.164082687,0.086956522,-0.284973396,-0.41025641
1/1/1979,0.465665236,0.118644068,0.170807453,0.227731092,-0.794342909,-0.404624277,0.168164313,-0.530201342,-0.221930053,-0.695652174
2/1/1979,0.475988701,0,0.223350254,0.281786942,-0.794342909,-0.409638554,0.177231565,-0.803921569,-0.21462626,-0.142857143
3/1/1979,0.486052999,0.03125,0.29787234,0.519434629,0.237862281,-0.329411765,0.206349206,-0.943181818,-0.206579201,-0.166666667
4/1/1979,0.511482255,-0.028571429,0.312280702,0.337520938,0.227592572,-0.258064516,0.162025316,-1.046656299,-0.246459185,-0.2
5/1/1979,0.520833333,0.028985507,0.230118443,0.417508418,0.227592572,-0.251533742,0.176844784,-0.722358722,-0.244465033,0.242105263
6/1/1979,0.53014553,0.15625,0.054216867,0.317269076,-0.126528708,-0.045454545,0.137931034,0.511764706,-0.242511743,0.684210526
7/1/1979,0.519453925,0.14516129,0.103395062,0.171886937,1.017455904,-0.056338028,0.151866152,0.793721973,-0.223576541,0.40625
8/1/1979,0.486886348,0.112903226,0.047413793,0.074274139,1.017455904,-0.095890411,0.18972332,0.083032491,-0.221497718,-0.222222222
9/1/1979,0.45526839,0.275862069,0.026836158,0.149473684,-5.488216595,-0.116788321,0.259109312,-0.393939394,-0.21936758,-0.285714286
10/1/1979,0.432982917,0.233333333,-0.088435374,-0.032658393,-0.405688635,-0.197080292,0.412894376,-0.655172414,-0.25629972,-0.4
11/1/1979,0.426710098,0.482142857,-0.221642764,-0.155526142,-0.405688635,0.030769231,0.550218341,-0.812,-0.236385763,0.1
12/1/1979,0.420542636,0.622641509,-0.322424242,-0.144611187,-2.382353996,0.380165289,0.441054092,-1.033333333,-0.217881649,0.090909091
1/1/1980,0.401904762,0.549019608,-0.294398093,-0.179487179,8.22208131,0.384615385,0.461434371,-1.461538462,-0.127353607,0.083333333
2/1/1980,0.383270911,0.72,-0.379587156,-0.277710843,8.22208131,-0.016949153,0.663538874,-1.764441784,-0.057621774,-2.384615385
3/1/1980,0.365254757,0.781818182,-0.406758448,-0.404819277,-3.345449922,0.452991453,0.729986431,-2.067345106,0.020616501,1.722222222
4/1/1980,0.372693727,1.148148148,-0.541511772,-0.51558753,-0.008575404,1.385964912,0.537533512,-2.370248429,0.047016827,0.632653061
5/1/1980,0.394331485,0.672727273,-0.417391304,-0.508561644,-0.008575404,1.622807018,0.398351648,-2.673151751,0.069784519,-0.3125
6/1/1980,0.416049383,0.245901639,-0.268874172,-0.337285122,2.357802058,2.052083333,0.334242838,-0.975,0.092801592,-0.454545455
7/1/1980,0.404833837,0.120689655,-0.212871287,-0.292696629,-0.070477659,1.242990654,0.385135135,0.5,0.141698042,-0.833333333
8/1/1980,0.390532544,0.016949153,-0.217339667,-0.18339307,-2.498757375,1.05,0.51226158,1.415,0.151762276,0.195273632
9/1/1980,0.376811594,0.196721311,-0.272283272,-0.155858931,-4.927037091,1.305263158,0.530585106,4.17,0.162436975,1.223880597
10/1/1980,0.376936317,0.216666667,-0.323281062,-0.228684359,-3.19069227,1.431372549,0.550131926,0.946666667,0.102894818,0.55033557
11/1/1980,0.367972743,0.233333333,-0.326946108,-0.211516534,-3.19069227,1.107526882,0.648894668,-2.276666667,0.114436686,0.017316017
12/1/1980,0.359190556,0.288135593,-0.33081761,-0.282183908,-3.030029017,1.233009709,0.613065327,-5.5,0.125304697,0.017021277
1/1/1981,0.346836848,0.26984127,-0.353982301,-0.296658986,-0.593011659,1.510204082,0.565379826,-1.393939394,0.229541982,0.016736402
2/1/1981,0.348493151,0.327868852,-0.373464373,-0.333518621,-0.593011659,0.912280702,0.640547264,-1.145,0.259719664,-0.452674897
3/1/1981,0.350108225,0.327586207,-0.405092593,-0.392710472,-1.199569261,0.930434783,0.609815951,-1.049425287,0.293404237,-0.827067669
4/1/1981,0.354579539,0.457627119,-0.451575263,-0.326160815,-0.760618841,0.540983607,0.638323353,-1.093023256,0.243109313,-0.861809697
5/1/1981,0.338282078,0.35483871,-0.440047962,-0.408472012,-0.760618841,0.258503401,0.666666667,5.3,0.232962717,-0.896551724
6/1/1981,0.322309711,0.393939394,-0.474017744,-0.453527436,-0.701206825,0.73880597,0.559027778,-0.717777778,0.222987709,0.116941529
7/1/1981,0.299896587,0.363636364,-0.42989418,-0.447072738,-1.793127412,0.431818182,0.697978597,-0.606625259,0.251413778,1.130434783
8/1/1981,0.280183393,0.661016949,-0.534482759,-0.49229012,-1.793127412,0.157024793,0.774346793,-0.928433269,0.318074718,-0.62585034
9/1/1981,0.261044177,0.98245614,-0.612385321,-0.524424481,0.012047037,0.454545455,0.773148148,-1.212727273,0.387930369,-1.672727273
10/1/1981,0.248632521,0.584615385,-0.553884712,-0.59275766,-0.47999358,0.462686567,0.719636776,-1.658536585,0.366570429,-0.766596195
11/1/1981,0.224630542,0.491803279,-0.525465839,-0.588558856,-0.47999358,0.796407186,0.486126526,-1.296296296,0.398998098,0.139534884
12/1/1981,0.201073694,0.075757576,-0.393899204,-0.455167693,-2.041381852,0.74691358,0.507692308,-0.153846154,0.42892334,0.12244898
1/1/1982,0.165550239,0.308823529,-0.491009682,-0.467828418,-3.684204616,1.163793103,0.603296703,2.448275862,0.57132743,0.109090909
2/1/1982,0.16424214,0.393939394,-0.539722573,-0.530232558,-3.684204616,0.617647059,0.582236842,4.581395349,0.624884782,-0.431693989
3/1/1982,0.162983425,0.279411765,-0.5,-0.442078898,-3.70665995,0.088235294,0.509803922,3.5,0.682931278,-0.759615385
4/1/1982,0.173972603,0.323943662,-0.533700138,-0.472684086,-1.158662481,-0.026755853,0.499459459,0.904761905,0.651192209,-3.16
5/1/1982,0.15625,0.121621622,-0.451428571,-0.418902439,-1.158662481,0.030716724,0.528619529,0.338582677,0.650969545,-0.611111111
6/1/1982,0.138814016,0.169014085,-0.482517483,-0.40482399,-1.068694003,0.091666667,0.597765363,0.157894737,0.65075251,-1.571428571
7/1/1982,0.138398915,0.188405797,-0.485596708,-0.343808925,-1.102146341,0.390243902,0.544850498,-2.215924426,0.687257835,-0.974603175
8/1/1982,0.149362477,-0.040540541,-0.440165062,-0.434676435,-1.102146341,0.488584475,0.399785638,-4.58974359,0.736005043,-0.377777778
9/1/1982,0.160476846,-0.094594595,-0.282089552,-0.296421337,-0.228594757,0.326612903,0.198058252,-3.111111111,0.785695289,-0.607142857
10/1/1982,0.15890411,-0.253012048,-0.195979899,-0.099529781,0.821284484,0.948979592,0.024413146,0.730808081,0.706170046,-1.545454545
11/1/1982,0.163710778,-0.372093023,-0.008944544,-0.019936204,1.871163725,0.630434783,0.015399423,4.572727273,0.655226505,-0.324451411
12/1/1982,0.168478261,-0.265822785,-0.119932432,0.05546875,2.921042965,0.463414634,-0.024074074,0.69,0.609888465,0.896551724
1/1/1983,0.173736462,-0.372093023,0.075785582,0.189324437,0.565729418,0.596330275,-0.157131346,0.666666667,0.621242038,0.472727273
2/1/1983,0.180305755,-0.428571429,0.185654008,0.488866397,0.565729418,0.454954955,-0.159215686,2.038888889,0.532711278,0.24691358
3/1/1983,0.186827957,-0.534482759,0.610810811,0.82549505,-4.70410413,0.64893617,-0.0836966,4.775,0.447710082,0.198019802
4/1/1983,0.181175431,-0.445652174,0.360341151,0.818815331,-5.626357244,0.562162162,0.021611002,3.941176471,0.371037326,0.165289256
5/1/1983,0.180034873,-0.355263158,0.202898551,0.492844365,-5.626357244,0.163090129,0.061349693,2.668181818,0.30885909,-0.042553191
6/1/1983,0.178924731,-0.184615385,0.023584906,0.4050834,-0.304779401,0.333333333,0.058536585,1.862962963,0.248603212,-0.044444444
7/1/1983,0.180851064,-0.033333333,-0.080424886,0.313094367,-0.860981124,0.435714286,0.025225225,0.761904762,0.233284075,-0.046511628
8/1/1983,0.161263158,-0.150684932,-0.040268456,0.154312668,-0.860981124,0.11875,0.029539531,0.245614035,0.21691283,0.016260163
9/1/1983,0.142083333,-0.150684932,0.083778966,0.160322108,-0.750794628,-0.030612245,-0.008510638,-0.055555556,0.199843791,0.016
10/1/1983,0.130759651,-0.243243243,0.12455516,0.240780911,-1.012249724,-0.36,-0.089905363,0.060358891,0.110433854,0.015748031
11/1/1983,0.142679901,-0.236842105,0.210526316,0.335468375,-1.012249724,-0.32155477,-0.089563863,0.078895464,0.078383397,-0.019379845
12/1/1983,0.154511743,-0.4125,0.512720157,0.332514333,-0.938899244,-0.235059761,-0.058870326,0.1075,0.048713362,-0.019762846
1/1/1984,0.154408777,-0.345679012,0.354901961,0.514595496,1.030638563,-0.28,-0.115238817,-0.378427788,0.090483214,-0.02016129
2/1/1984,0.156713427,-0.337662338,0.354085603,0.679628064,1.030638563,-0.408783784,-0.097560976,-0.398268398,0.077334849,-0.041152263
3/1/1984,0.158956109,-0.290697674,0.363829787,0.449579832,-2.692919525,-0.426116838,-0.099415205,-0.413095238,0.063357873,-0.042918455
4/1/1984,0.179080824,-0.285714286,0.368308351,0.514066496,-2.55013879,-0.443708609,-0.104255319,-0.293680297,0.015060014,-0.044843049
5/1/1984,0.178642318,-0.27173913,0.481927711,0.783811475,-2.55013879,-0.492366412,-0.004454343,-0.379042691,0.009272072,-0.150234742
6/1/1984,0.178202068,-0.266666667,0.461716937,0.940106952,-0.416019566,-0.477192982,-0.050420168,-0.472972973,0.003488391,-0.17679558
7/1/1984,0.175885396,-0.316326531,0.637566138,0.805399325,-1.556683431,-0.450920245,-0.105756359,-0.577464789,-0.030225633,-0.214765101
8/1/1984,0.173566879,-0.336283186,0.677514793,0.806375443,-1.556683431,-0.419452888,-0.169712794,-0.445588235,-0.071046072,-0.051282051
9/1/1984,0.171246515,-0.368932039,0.859550562,1.083447332,-2.083428581,-0.520942408,-0.17359736,-0.303076923,-0.109675719,-0.054054054
10/1/1984,0.180209171,-0.340659341,0.798429319,0.99197861,-2.190997523,-0.525333333,-0.091859597,-0.031078611,-0.178063023,-0.057142857
11/1/1984,0.195042666,0.014084507,0.306345733,1.064070352,-2.190997523,-0.469444444,-0.156705539,0.325056433,-0.19508628,0.060606061
12/1/1984,0.210180624,-0.179775281,0.622282609,1.047858942,-1.46206731,-0.454022989,-0.211788897,0.891176471,-0.210221232,0.057142857
1/1/1985,0.191051995,-0.27173913,0.767123288,1.054455446,-2.109597278,-0.417956656,-0.211365211,0.678657074,-0.175849227,0.054054054
2/1/1985,0.177751386,-0.252873563,0.823529412,0.865319865,-2.109597278,-0.44516129,-0.16955267,0.196754564,-0.192172014,-0.025641026
3/1/1985,0.164916375,-0.319148936,0.979351032,0.94481982,-3.635754203,-0.366782007,-0.144917087,-0.157894737,-0.208690959,-0.026315789
4/1/1985,0.180963572,-0.168674699,0.614583333,0.746065058,-5.161911129,-0.232472325,-0.160792952,-0.229166667,-0.239815115,-0.027027027
5/1/1985,0.189349112,-0.228915663,0.832432432,0.871851041,-6.688068054,-0.087301587,-0.241258741,0.3,-0.254453092,0.240740741
6/1/1985,0.197854589,-0.268292683,0.925333333,0.643678161,-8.214224979,0.114427861,-0.271684588,1.143333333,-0.268729451,0.194029851
7/1/1985,0.194532488,-0.211267606,0.882063882,0.832613391,-4.162568066,0.184357542,-0.210566616,1.068965517,-0.287426931,0.1625
8/1/1985,0.204267088,-0.134328358,0.509355509,0.73512476,-4.162568066,0.142105263,-0.162884927,0.214128035,-0.311349583,-0.172043011
9/1/1985,0.213947991,0.016129032,0.4125,0.667536989,-0.906736611,0.098958333,-0.049495875,-0.396226415,-0.334406714,-0.207792208
10/1/1985,0.216881594,0.185185185,0.182310469,0.4182262,-0.799288629,0.104166667,-0.029383886,-0.846678024,-0.364154486,-0.262295082
11/1/1985,0.216666666,0.017241379,0.406909789,0.252405625,-0.799288629,0.151041667,-0.072106262,-0.724727838,-0.35784686,0.088888889
12/1/1985,0.21645521,0.074074074,0.238831615,0.258064516,-0.497360207,0.171717172,-0.114722753,-0.624285714,-0.35188766,0.081632653
1/1/1986,0.214857143,0.017857143,0.304270463,0.25560843,0.42212101,0.285714286,-0.142723881,-0.406779661,-0.303841872,0.075471698
2/1/1986,0.225368063,0.111111111,0.22147651,0.197966102,0.42212101,0.443113772,-0.172216936,-0.208333333,-0.291218719,-0.175438596
3/1/1986,0.235690236,-0.078431373,0.379310345,0.136653895,0.13862463,0.619047619,-0.251923077,0.108108108,-0.277608952,-0.212765957
4/1/1986,0.24122645,-0.040816327,0.290662651,0.113241462,-0.103743889,1.172932331,-0.29672447,-0.132149901,-0.269699111,-0.27027027
5/1/1986,0.234585918,-0.018867925,0.211981567,0.015828151,-0.103743889,0.731543624,-0.289400922,-0.164852255,-0.25590707,0.388888889
6/1/1986,0.228108108,-0.017241379,0.201320132,-0.002785515,3.482094283,0.418994413,-0.314586995,-0.188461538,-0.241201564,0.28
7/1/1986,0.244379986,-0.016129032,0.22027972,0.039112668,-0.900499037,0.497382199,-0.383966245,0.327272727,-0.225226016,0.21875
8/1/1986,0.256475739,0.129032258,0.021381579,0.088958991,-0.900499037,0.644808743,-0.384549356,0.78125,-0.209663844,-0.145299145
9/1/1986,0.268722467,0.035714286,0.207278481,-0.017482517,-3.024223122,0.54494382,-0.354419411,3.555555556,-0.192944682,-0.17
10/1/1986,0.255157438,0.120689655,0.038819876,0.004196643,-9.133506031,0.471204188,-0.364414029,0.412429379,-0.213543343,-0.204819277
11/1/1986,0.256245539,0.29787234,-0.08538163,0.010448679,-9.133506031,0.484210526,-0.38715131,-0.315589354,-0.196681978,0.121212121
12/1/1986,0.257303767,0.037735849,0.134587554,0.047907489,-1.244732555,0.521276596,-0.390745501,-0.685714286,-0.180151009,0.108108108
1/1/1987,0.255717256,0.176470588,0.018678161,-0.149471565,-5.143618554,0.534883721,-0.402027027,-0.894736842,-0.11934146,0.097560976
2/1/1987,0.254520642,0.016393443,0.141965679,-0.020869565,-5.143618554,0.31147541,-0.411525974,-0.480487805,-0.118932213,0.155555556
3/1/1987,0.253360215,0,0.115805947,-0.040540541,-5.525280445,0.134615385,-0.425969913,-0.120454545,-0.118484337,0.134615385
4/1/1987,0.274166386,-0.104477612,0.195121951,-0.080413555,-2.272815297,-0.12173913,-0.401938852,0.04283054,-0.155110639,0.118644068
5/1/1987,0.290006753,0.015151515,0.033333333,-0.173098126,-2.272815297,-0.151785714,-0.365044248,-0.167456556,-0.16589847,-0.068181818
6/1/1987,0.305922165,0.029850746,0.02907916,-0.051713396,0.335227866,0,-0.371257485,-0.324657534,-0.176803298,-0.073170732
7/1/1987,0.321913161,-0.106666667,0.160493827,-0.009150327,1.791613471,-0.004608295,-0.335691824,-0.192982456,-0.179988429,-0.078947368
8/1/1987,0.337300238,0.046153846,-0.00755287,-0.007879186,1.791613471,-0.033175355,-0.300319489,-0.17804878,-0.181951951,0.333333333
9/1/1987,0.352760736,0.133333333,-0.030567686,0.016107383,1.539479523,-0.108490566,-0.225328947,-0.148,-0.183976853,0.25
10/1/1987,0.361781707,-0.055555556,0.088777219,-0.119293974,-7.252178283,-0.049773756,-0.177182368,-0.5,-0.229884416,0.2
11/1/1987,0.373473542,-0.04109589,0.046901173,-0.103936039,-7.252178283,0.021551724,-0.229565217,1.754545455,-0.23260648,-0.233333333
12/1/1987,0.385109983,0.134328358,-0.07751938,-0.189759036,-3.603581728,0.022222222,-0.210017575,2.090887751,-0.235132466,-0.304347826
1/1/1988,0.390588235,0.153846154,-0.142228739,-0.251504212,-0.808373209,-0.004149378,-0.246741964,2.427230047,-0.18924392,-0.4375
2/1/1988,0.370951586,0.03125,-0.011922504,-0.167342212,-0.808373209,-0.113970588,-0.307757167,0.516795866,-0.200971533,0.523809524
3/1/1988,0.351575456,-0.043478261,0.079032258,-0.083533654,-0.661867127,-0.238754325,-0.267716535,-0.208928571,-0.21335025,0.34375
4/1/1988,0.341293532,0,0.030973451,-0.163838502,-0.441711545,-0.15503876,-0.196313364,-0.430740038,-0.242733797,0.255813953
5/1/1988,0.363515754,0.1,-0.052631579,-0.158508159,-0.441711545,-0.232283465,-0.105314961,-0.350912779,-0.239533483,-0.185185185
6/1/1988,0.385737977,0.107142857,-0.063968668,-0.124926341,0.273527853,-0.272727273,-0.134820563,-0.260869565,-0.236288507,-0.227272727
7/1/1988,0.392716535,0.137931034,-0.064738292,-0.20409292,-0.21854096,-0.318936877,-0.122942885,0.068249258,-0.226410936,-0.294117647
8/1/1988,0.374229146,0.047619048,0.014749263,-0.237995825,-0.21854096,-0.290909091,-0.107039537,0.845070423,-0.228647193,0.416666667
9/1/1988,0.356133591,0.015625,0.073282443,-0.176133104,-0.63688396,-0.316725979,-0.123046875,3.744444444,-0.230955827,0.294117647
10/1/1988,0.341828608,0.016949153,-0.020463847,-0.104018913,-0.381231123,-0.429078014,-0.100204499,0.518151815,-0.274368988,0.227272727
11/1/1988,0.343552465,0.24137931,-0.128987517,-0.15942029,-0.381231123,-0.468531469,-0.032397408,-0.284332689,-0.276054428,-0.080246914
12/1/1988,0.345249294,0.192982456,-0.102319236,-0.187330807,-0.781300003,-0.416666667,-0.008705114,-0.616438356,-0.277620974,-0.087248322
1/1/1989,0.333641405,0.033333333,-0.012362637,-0.170345218,-0.525129693,-0.35,0.044827586,-0.676320273,-0.239375663,-0.095588235
2/1/1989,0.318195579,0.595744681,-0.293181818,-0.223033708,-0.525129693,-0.389830508,0.178663239,-0.571106095,-0.244610843,-0.081300813
3/1/1989,0.30327381,0.744680851,-0.338389732,-0.346609257,-0.396713705,-0.351485149,0.282191781,-0.366666667,-0.250054292,-0.088495575
4/1/1989,0.30141844,0.423076923,-0.229404309,-0.234279354,-0.213768758,-0.247368421,0.190661479,-0.40625,-0.261095165,-0.097087379
5/1/1989,0.302230047,0.245614035,-0.098901099,-0.22849162,-0.213768758,-0.245283019,0.135897436,-0.244117647,-0.251869422,-0.010752688
6/1/1989,0.303030303,0.180327869,-0.080229226,-0.257303371,2.242046344,-0.189814815,0.134246575,-0.102777778,-0.242398872,-0.010869565
7/1/1989,0.308362369,-0.128571429,0.177133655,-0.256662804,4.697861446,-0.093137255,0.118549512,-0.007633588,-0.231160486,-0.010989011
8/1/1989,0.306712963,0.103448276,-0.086500655,-0.208778173,7.153676548,-0.063492063,0.088590604,-0.25058548,-0.22350515,-0.244444444
9/1/1989,0.305074971,0.092307692,-0.044843049,-0.215522388,9.609491649,-0.180952381,0.102288022,-0.456521739,-0.21560581,-0.323529412
10/1/1989,0.288636364,0.131147541,-0.087694484,-0.169708029,-0.458832934,-0.240506329,0.104827586,-0.513513514,-0.244006324,-0.47826087
11/1/1989,0.265117581,0.2,-0.12755102,-0.293746716,-0.458832934,-0.156521739,0.106891702,-0.167857143,-0.234405841,1.5
12/1/1989,0.242273731,0.166666667,-0.111424542,-0.158579882,-0.968037309,-0.175,0.107344633,0.510526316,-0.225360324,0.6
1/1/1990,0.219744356,0.129032258,-0.153005464,0.034931912,-1.217380405,-0.282157676,0.132413793,0.789473684,-0.158261268,0.375
2/1/1990,0.20697051,0.266666667,-0.171107994,-0.220070423,-1.217380405,-0.240909091,0.168275862,0.405263158,-0.14218575,-0.21969697
3/1/1990,0.194554586,0.3,-0.219047619,-0.221736415,-1.772859425,-0.256880734,0.071072319,0.015789474,-0.124536521,-0.281553398
4/1/1990,0.187123789,0.23880597,-0.167434716,-0.242666667,-0.199712969,-0.225641026,0.020905923,-0.53307393,-0.133217266,-0.391891892
5/1/1990,0.160663385,0.188405797,-0.161695447,-0.298948752,-0.199712969,-0.206730769,0.042857143,-0.588235294,-0.103338331,-0.266666667
6/1/1990,0.134719015,0.179104478,-0.171732523,-0.269129288,-0.617222959,-0.151219512,0.003550296,-0.623076923,-0.07231806,-0.363636364
7/1/1990,0.109839817,0.147058824,-0.175038052,-0.286565189,-1.477573881,-0.112820513,-0.033105023,-0.5,-0.041638273,-0.571428571
8/1/1990,0.111363063,0.205882353,-0.207207207,-0.293923382,-1.477573881,-0.135416667,-0.071125265,-0.972,-0.01080828,0.364285714
9/1/1990,0.112858927,0.235294118,-0.236923077,-0.325501037,-0.806021352,0.086956522,-0.066176471,-1.816666667,0.021161542,1.3
10/1/1990,0.112126451,0.242857143,-0.256,-0.365133837,-0.715217903,0.328947368,-0.015801354,-2.287553648,-0.000284668,0.565217391
11/1/1990,0.102614219,0.078947368,-0.171428571,-0.300371747,-0.715217903,0.448051948,-0.066740823,-1.871080139,0.044935038,-0.157407407
12/1/1990,0.093304327,0.133333333,-0.206837607,-0.307877814,-4.86925784,0.506410256,-0.06805075,-1.588235294,0.087279775,-0.186813187
1/1/1991,0.103994155,0.424242424,-0.395173454,-0.45340751,6.744593192,0.638888889,-0.014616322,-1.561797753,0.211778226,-0.22972973
2/1/1991,0.105276074,0.196969697,-0.279521674,-0.440655738,6.744593192,0.694656489,-0.062126643,-0.932642487,0.240987917,-0.894736842
3/1/1991,0.106577646,0.140625,-0.274678112,-0.362491253,3.690588748,0.384615385,-0.069954128,0.475,0.272882036,0.119298246
4/1/1991,0.081488689,0.106060606,-0.257309942,-0.36565097,2.024662688,0.1875,-0.115511551,1.556390977,0.251110469,1.133333333
5/1/1991,0.057443753,0.129032258,-0.278940028,-0.332659933,2.024662688,0.022857143,-0.09529148,0.993197279,0.248645932,-0.125
6/1/1991,0.034157833,0.060606061,-0.24005891,-0.330090341,3.929231067,-0.091891892,-0.086092715,0.54375,0.246168054,-0.142857143
7/1/1991,0.03023146,0.075757576,-0.257267442,-0.333561644,0.313114113,-0.084745763,-0.106911447,-0.660097789,0.263715473,-0.166666667
8/1/1991,0.030547004,0.046153846,-0.251778094,-0.342618384,0.313114113,0.01744186,-0.120267261,-1.863945578,0.291079405,-0.1
9/1/1991,0.030864197,0.233333333,-0.321727019,-0.357519789,-0.229416969,0.033333333,-0.130681818,-1.176666667,0.319516563,-0.111111111
10/1/1991,0.01905434,-0.069444444,-0.165605096,-0.342838196,-0.601526107,0.010309278,-0.159598214,-0.92,0.277246214,-0.125
11/1/1991,0.01002331,-0.088235294,-0.126139818,-0.344437042,-0.601526107,0.025252525,-0.185510428,-2.215,0.316077266,0.833333333
12/1/1991,0.001155001,0,-0.223922114,-0.276261937,-0.816484127,0.25433526,-0.220022002,-4.38,0.352414344,0.454545455
1/1/1992,-0.004363803,-0.306666667,0.08681672,-0.221258134,0.186301282,0.25748503,-0.233369684,-0.986610169,0.469035343,0.3125
2/1/1992,-0.008221055,-0.402439024,0.126984127,-0.05601318,0.186301282,0.166666667,-0.215811966,2.406779661,0.474370925,-0.034013605
3/1/1992,-0.012034514,-0.175675676,-0.090460526,-0.213662791,-0.089734335,0.132450331,-0.178649237,0.285294118,0.480005941,-0.035211268
4/1/1992,-0.017800811,-0.14084507,-0.167682927,-0.236784938,-1.098257139,0.048484848,-0.155756208,-0.078498294,0.445137683,-0.03649635
5/1/1992,-0.033318426,-0.166666667,-0.137071651,-0.201210287,-1.098257139,0,-0.107487923,0.32388664,0.444118472,-0.03030303
6/1/1992,-0.048601864,-0.081967213,-0.184678523,-0.176149649,-1.081630814,0.034682081,-0.094763092,0.915,0.443098036,-0.03125
7/1/1992,-0.058680248,-0.171875,-0.100430416,-0.183658171,-0.820886463,0.204819277,-0.156596794,2.464566929,0.449385487,-0.032258065
8/1/1992,-0.048608043,-0.267605634,-0.004694836,-0.181887367,-0.820886463,0.177142857,-0.195360195,1.981864921,0.429149881,0.016666667
9/1/1992,-0.038580247,-0.275362319,0.007751938,-0.183882784,2.511491535,0.089108911,-0.198501873,1.499162913,0.408682036,0.016393443
10/1/1992,-0.022792653,-0.227272727,-0.092105263,-0.157738095,2.580769628,0.00896861,-0.162642948,1.016460905,0.322149252,0.016129032
11/1/1992,-0.024655709,-0.228571429,-0.025396825,-0.213783404,2.580769628,-0.110638298,-0.12372449,-0.256410256,0.312954807,-0.277777778
12/1/1992,-0.026532888,-0.285714286,0.048387097,-0.327231121,-1.526501147,-0.13559322,-0.175395859,-0.658441558,0.304471749,-0.384615385
1/1/1993,-0.035761884,-0.289473684,0.008460237,-0.114371708,-2.51576064,-0.067567568,-0.220779221,-0.751243781,0.383210184,-0.625
2/1/1993,-0.030095154,-0.320512821,0.052264808,-0.078651685,-2.51576064,0.075757576,-0.271245634,-0.489702517,0.376206721,0.761904762
3/1/1993,-0.024470899,-0.34939759,0.110701107,-0.070422535,0.46381217,0.142105263,-0.319681456,0.1,0.368802719,0.432432432
4/1/1993,-0.002679169,-0.426829268,0.312734082,0.034676664,-0.706000686,0.212290503,-0.318493151,0.131498471,0.301942642,0.301886792
5/1/1993,0.008141113,-0.329113924,0.148623853,0.003610108,-0.706000686,0.291666667,-0.287735849,0.036553525,0.263048112,-0.057971014
6/1/1993,0.019243986,-0.333333333,0.204797048,0.048237477,-1.23564142,0.302469136,-0.296340024,-0.038636364,0.225301497,-0.061538462
7/1/1993,0.006574473,-0.353658537,0.240530303,0.098222638,-1.583123628,0.211428571,-0.336,-0.015317287,0.189810479,-0.06557377
8/1/1993,-0.003141127,-0.345238095,0.300403226,0.260245902,-1.583123628,0.032258065,-0.361079865,-0.11205074,0.149061812,0.649122807
9/1/1993,-0.012658228,-0.436781609,0.561290323,0.352432432,-1.397193273,0.010204082,-0.385321101,-0.204081633,0.109390793,0.393617021
10/1/1993,-0.014181254,-0.390243902,0.427991886,0.367693943,-1.383793172,-0.024630542,-0.364719905,-0.045092838,0.003885078,0.282442748
11/1/1993,-0.004642936,-0.435294118,0.657327586,0.576074332,-1.383793172,-0.105990783,-0.292079208,0.509505703,-0.02469543,-0.101190476
12/1/1993,0.004853298,-0.521276596,1.024937656,0.858778626,-0.808254003,-0.085714286,-0.286773795,1.886666667,-0.049561585,-0.112582781
1/1/1994,0.023090586,-0.253164557,0.284232365,0.62954279,-0.884200894,0.005291005,-0.267515924,1.107623318,0.008094839,-0.126865672
2/1/1994,0.031061452,-0.315068493,0.353057199,0.392974753,-0.884200894,0.046783626,-0.263871763,0.404040404,-0.020085327,0.136752137
3/1/1994,0.039136302,-0.342465753,0.470472441,0.465065502,-0.820420973,-0.046242775,-0.194029851,-0.018918919,-0.049400626,0.120300752
4/1/1994,0.047080127,-0.257142857,0.338491296,0.404641776,-1.566824878,-0.109195402,-0.136307311,-0.219143577,-0.094234264,0.10738255
5/1/1994,0.050569476,-0.242857143,0.339147287,0.44813278,-1.566824878,-0.195530726,-0.132850242,-0.26713948,-0.099855648,-0.187878788
6/1/1994,0.054103622,-0.126760563,0.215264188,0.394655704,-3.127774554,-0.225,-0.141475212,-0.311111111,-0.105530127,-0.231343284
7/1/1994,0.053308823,-0.073529412,0.19391635,0.414194915,-0.031566048,-0.27184466,-0.075949367,-0.261904762,-0.11755122,-0.300970874
8/1/1994,0.063334869,-0.175675676,0.347022587,0.4137577,-0.031566048,-0.318181818,-0.053594771,-0.094871795,-0.15242653,0.319444444
9/1/1994,0.073407202,-0.104477612,0.291984733,0.424823411,0.872792128,-0.324444444,-0.009296149,0.102777778,-0.187137366,0.242105263
10/1/1994,0.080775445,-0.096774194,0.243478261,0.419715447,-1.85591047,-0.301435407,0.043126685,0.108312343,-0.267988644,0.194915254
11/1/1994,0.074526995,0.016129032,0.157706093,0.262959472,-1.85591047,-0.333333333,0.122708039,-0.244803695,-0.282133682,-0.234042553
12/1/1994,0.06828143,0.269230769,-0.069526627,0.296193129,-1.132405789,-0.376811594,0.110953058,-0.546808511,-0.294724849,-0.305555556
1/1/1995,0.060326963,0.387755102,-0.020344288,0.118673647,-0.478630395,-0.389671362,0.059945504,-0.760191847,-0.250625576,-0.44
2/1/1995,0.070788325,0.196721311,0.01084991,0.15896488,-0.478630395,-0.3640553,-0.00928382,-0.484848485,-0.245302851,-0.047619048
3/1/1995,0.081211287,0.114754098,0.128205128,0.163187856,-5.830029221,-0.30875576,-0.037433155,-0.119354839,-0.239716724,-0.05
4/1/1995,0.102706454,0.116666667,0.120938628,0.192234848,-2.480595143,-0.290322581,-0.044654939,0.161290323,-0.251827429,-0.052631579
5/1/1995,0.10916725,0.125,0.130872483,0.202459792,0.868838935,-0.255924171,-0.08677686,0.170967742,-0.251539251,0.638888889
6/1/1995,0.115737474,0.094339623,0.156299841,0.198347107,4.218273013,-0.183962264,-0.097953216,0.183870968,-0.251250317,0.389830508
7/1/1995,0.098699489,0.076923077,0.202830189,0.259534884,3.785804132,-0.083333333,-0.047040971,0.04815864,-0.23702188,0.280487805
8/1/1995,0.092180692,0.22,0.078461538,0.244165171,3.785804132,-0.141414141,0.010903427,-0.143576826,-0.239061493,-0.076190476
9/1/1995,0.085824275,0.235294118,0.09178744,0.255300353,3.69321192,-0.126262626,-0.059180577,-0.295454545,-0.241185849,-0.082474227
10/1/1995,0.09929401,0.166666667,0.133550489,0.252236136,2.37494219,-0.118556701,-0.120815138,-0.143730887,-0.283953711,-0.08988764
11/1/1995,0.106046725,0.36,0.021538462,0.215986395,2.37494219,-0.088541667,-0.124076809,0.455399061,-0.271841453,0.037037037
12/1/1995,0.112877217,0.185185185,0.189597315,0.225148683,0.17228993,-0.063157895,-0.134848485,2.4,-0.260490217,0.035714286
1/1/1996,0.102669405,0.20754717,0.182119205,0.208188153,0.491450501,0.016759777,-0.097444089,0.978609626,-0.200706168,0.034482759
2/1/1996,0.103276836,-0.018518519,0.277408638,0.34469697,0.491450501,0.103030303,-0.028428094,0.43956044,-0.201752518,0.422222222
3/1/1996,0.103872846,0.319148936,0.02853067,0.301630435,6.4258792,0.135483871,0.050251256,0.158333333,-0.202872883,0.296875
4/1/1996,0.117092867,0.132075472,0.17571885,0.315647482,3.080878545,0.166666667,0.07781457,0.212121212,-0.220436113,0.228915663
5/1/1996,0.114857271,0.134615385,0.142419602,0.289380531,3.080878545,0.006451613,0.130872483,0.016348774,-0.216603168,-0.156862745
6/1/1996,0.112612613,0.132075472,0.100763359,0.217206133,0.649091155,-0.006666667,0.189328744,-0.17027027,-0.212648782,-0.186046512
7/1/1996,0.107359892,0.036363636,0.19379845,0.178861789,-0.983028701,-0.013333333,0.209507042,-0.294117647,-0.20429067,-0.228571429
8/1/1996,0.122357175,0.020408163,0.137741047,0.129496403,-0.983028701,0.013157895,0.23880597,-0.138709677,-0.20080309,0.055555556
9/1/1996,0.137334233,0.04,0.09375,0.081585082,-0.98243615,0.04109589,0.281425891,0.046428571,-0.197158142,0.052631579
10/1/1996,0.139493558,0.166666667,-0.063719116,0.00073692,2.991255724,0.132352941,0.141608392,0.032258065,-0.244839491,0.05
11/1/1996,0.128869375,0.155555556,-0.050492611,-0.033538672,2.991255724,0.23255814,0.074523397,0.05,-0.240034412,-0.126984127
12/1/1996,0.118489583,-0.152542373,0.300484653,0.015107914,5.60892241,0.223076923,0.095652174,0.062162162,-0.235603552,-0.145454545
1/1/1997,0.119635891,-0.06,0.209912536,0.089046493,4.56211601,0.094202899,0.102177554,0.094147583,-0.162402311,-0.170212766
2/1/1997,0.129004329,-0.0625,0.072289157,0.076751118,4.56211601,0.013333333,-0.009259259,-0.167865707,-0.159094794,0.538461538
3/1/1997,0.138348465,-0.211538462,0.200867052,0.031609195,-2.762165745,-0.032467532,-0.040172166,-0.402272727,-0.155427366,0.35
4/1/1997,0.152645273,-0.113207547,0.076700434,0.017908309,-2.015484021,-0.076433121,-0.040389972,-0.517426273,-0.188704838,0.259259259
5/1/1997,0.150717703,-0.258064516,0.223832528,0.042004422,-2.015484021,-0.138728324,-0.054929577,0.149837134,-0.184448517,-0.083333333
6/1/1997,0.148778359,-0.301587302,0.262738854,0.050187266,1.231149636,-0.130681818,-0.110958904,1.195833333,-0.180096676,-0.090909091
7/1/1997,0.135152697,-0.278688525,0.227134146,0.045751634,5.546117605,-0.1,-0.140883978,1.621722846,-0.153362677,-0.1
8/1/1997,0.12860215,-0.283333333,0.203840473,0.026203966,5.546117605,-0.121387283,-0.155495979,1.150170648,-0.147863511,-0.104575163
9/1/1997,0.122143925,-0.25,0.174825175,0.069434503,0.538926694,-0.128654971,-0.197674419,0.75,-0.141903176,-0.116788321
10/1/1997,0.129911961,-0.317460317,0.238390093,0.118656716,-4.468264216,-0.12,-0.242462312,0.37254902,-0.204441712,-0.132231405
11/1/1997,0.146188728,-0.409090909,0.373608903,0.052292264,-4.468264216,-0.134831461,-0.247119078,0.178117048,-0.193548412,0.057142857
12/1/1997,0.162649294,-0.352941176,0.266773163,0.135725429,-0.11920784,-0.17032967,-0.253213368,0.01627907,-0.183453789,0.054054054
1/1/1998,0.159047006,-0.452054795,0.559928444,0.240031898,0.972536837,-0.093406593,-0.258366801,0.181556196,-0.129306145,0.051282051
2/1/1998,0.143220878,-0.426470588,0.405844156,0.343393148,0.972536837,-0.045454545,-0.226388889,0.950570342,-0.155695884,-0.024390244
3/1/1998,0.127753304,-0.388059701,0.346215781,0.274821287,-0.167903301,-0.005952381,-0.199716714,2.427777778,-0.18301008,-0.025
4/1/1998,0.12807571,-0.365079365,0.284866469,0.217151849,-0.033023084,0.083333333,-0.149321267,1.039660057,-0.224397095,-0.025641026
5/1/1998,0.142525827,-0.327586207,0.223448276,0.190804598,-0.033023084,0.10738255,-0.084278768,0.246679317,-0.214710274,0.114035088
6/1/1998,0.15704925,-0.321428571,0.206535948,0.14549483,0.054357723,0.101351351,-0.124203822,-0.152857143,-0.205005529,0.102362205
7/1/1998,0.16082301,-0.344262295,0.249643367,0.161616162,-1.703525309,0.097402597,-0.158705701,-0.158730159,-0.17746636,0.092857143
8/1/1998,0.147236705,-0.349206349,0.247787611,0.163969036,-1.703525309,0.184210526,-0.138709677,-0.017857143,-0.182986368,0.098039216
9/1/1998,0.133830536,-0.349206349,0.24137931,0.126428571,-1.978325904,0.480519481,-0.203642384,0.163265306,-0.188773591,0.089285714
10/1/1998,0.127562642,-0.411764706,0.344879518,0.202097902,-0.775543672,0.666666667,-0.23608769,0.274298056,-0.252463272,0.081967213
11/1/1998,0.142827572,-0.453125,0.403385049,0.159500693,-0.775543672,0.578616352,-0.154115587,0.196796339,-0.255533198,-0.141414141
12/1/1998,0.158079868,-0.40625,0.329131653,0.255948089,-0.823575846,0.708609272,-0.17699115,0.114634146,-0.258331525,-0.164705882
1/1/1999,0.162023761,-0.264150943,0.137841352,0.21971831,0.210536226,0.690789474,-0.187607573,-0.239766082,-0.200787359,-0.197183099
2/1/1999,0.155952139,-0.35483871,0.176144244,0.196938065,0.210536226,0.604026846,-0.202551834,-0.25445705,-0.199636983,-0.061403509
3/1/1999,0.15,-0.316666667,0.172554348,0.138072454,1.202784444,0.586206897,-0.196620584,-0.263888889,-0.198398648,-0.065420561
4/1/1999,0.160080645,-0.338983051,0.230563003,0.098146877,0.570916989,0.543624161,-0.231454006,-0.086757991,-0.219553201,-0.07
5/1/1999,0.167206477,-0.333333333,0.231622746,0.147655703,0.570916989,0.424836601,-0.198263386,-0.067453626,-0.208153842,0.23655914
6/1/1999,0.174390244,-0.315789474,0.198701299,0.173793103,0.155287545,0.385620915,-0.141193595,-0.043396226,-0.196506974,0.191304348
7/1/1999,0.160320642,-0.2,0.089588378,0.190375088,-0.2603419,0.421052632,-0.128012048,-0.163636364,-0.179258905,0.160583942
8/1/1999,0.167588932,-0.230769231,0.15974026,0.200431034,-0.675971344,0.483221477,-0.130307467,-0.110526316,-0.191817824,0.106918239
9/1/1999,0.17465887,-0.196428571,0.147222222,0.142120766,-1.091600789,0.480519481,-0.093415008,-0.062711864,-0.204835032,0.096590909
10/1/1999,0.194865811,-0.192307692,0.130998703,0.167847025,-1.038283777,0.474025974,-0.014516129,0.147227533,-0.268346882,0.088082902
11/1/1999,0.188397361,-0.14,0.072049689,0.184975195,-1.038283777,0.40397351,-0.042857143,0.334792123,-0.266324495,-0.261904762
12/1/1999,0.181958962,-0.085106383,0.051807229,0.217800289,-1.045488895,0.157575758,-0.045592705,0.58974359,-0.264474473,-0.35483871
1/1/2000,0.166986196,-0.044444444,0.08988764,0.195155709,-1.067083117,-0.005952381,0.037383178,0.369565217,-0.194876623,-0.55
2/1/2000,0.154956324,0.048780488,0.030084236,0.178272981,-1.067083117,0.05988024,-0.025411061,0.037735849,-0.186653407,1.333333333
3/1/2000,0.143152747,-0.085106383,0.209677419,0.161857847,-1.116409091,0.24852071,-0.091436865,-0.216666667,-0.177567697,0.571428571
4/1/2000,0.147609147,-0.043478261,0.106578947,0.129420085,-0.070484175,0.460606061,-0.107302534,-0.294755877,-0.206545082,0.363636364
5/1/2000,0.156285606,0,0.080706179,0.100570613,-0.070484175,0.509202454,-0.00770416,-0.224852071,-0.19296901,-0.311111111
6/1/2000,0.165044839,0.090909091,-0.014906832,0.091666667,-0.683187957,0.408284024,-0.019292605,-0.136956522,-0.179233063,-0.451612903
7/1/2000,0.166730183,-0.046511628,0.088343558,0.064182195,-0.787657859,0.277777778,-0.03968254,-0.211045365,-0.142427323,-0.823529412
8/1/2000,0.180399619,0.047619048,0.00952381,0.038821954,-0.787657859,0.065789474,-0.061191626,-0.307414105,-0.137428005,1.333333333
9/1/2000,0.194032687,-0.069767442,0.14,0.04736491,-0.123061663,-0.037735849,-0.03814262,-0.388333333,-0.132069333,0.571428571
10/1/2000,0.198756594,0.025641026,0.079861111,0.073519401,-1.824903684,0.035856574,-0.023809524,-0.426229508,-0.200708742,0.363636364
11/1/2000,0.186402689,-0.045454545,0.109709962,0.108516484,-1.824903684,-0.007751938,-0.015490534,-0.537096774,-0.176073568,-0.48
12/1/2000,0.174259259,-0.1,0.127293578,-0.007717042,-1.368342271,0.081712062,-0.054151625,-0.646031746,-0.153720539,-0.923076923
1/1/2001,0.174832962,-0.025641026,0.080831409,0.031572556,-1.270365638,0.158995816,-0.073608618,-0.709090909,-0.048763776,-0.991841492
2/1/2001,0.177827381,-0.097560976,0.151913876,0.031775701,-1.270365638,0.204347826,-0.097345133,-0.708510638,-0.015720493,-1.060606061
3/1/2001,0.180835197,-0.05,0.084295612,0.07239819,-1.232653284,0.282608696,-0.132978723,-0.71025641,0.020913524,-0.057330057
4/1/2001,0.169219413,0,0.024802706,0.072072072,-1.132765365,0.344036697,-0.090265487,-0.770992366,-0.007401028,0.945945946
5/1/2001,0.151260504,0.052631579,-0.041170098,0.073500967,-1.132765365,0.264150943,-0.02,-0.730478589,0.011663794,-0.569444444
6/1/2001,0.133658889,0.05,0.006849315,0.009937888,-0.801027503,0.24537037,-0.032967033,-0.6925,0.03030281,-1.322580645
7/1/2001,0.1332485,0.024390244,0.040189125,-0.033857316,0.141573222,0.235294118,-0.018726592,-0.634464752,0.092627712,-0.935800127
8/1/2001,0.150739996,0.073170732,0.002314815,0.024096386,0.141573222,0.263157895,0.033264033,-0.190735695,0.162310148,-0.549019608
9/1/2001,0.168411387,0.1,-0.044792833,-0.089586969,-5.975714722,0.453744493,0.04415011,0.294285714,0.236526946,-1.217391304
10/1/2001,0.16391958,0.228571429,-0.124623116,-0.063397129,-3.599170278,0.575471698,-0.053830228,1.12543554,0.219018464,-0.245059289
11/1/2001,0.172056459,0.078947368,-0.026343519,-0.052238806,-3.599170278,0.654450262,0,1.004484305,0.241947107,0.727272727
12/1/2001,0.179975322,-0.025641026,0.118857143,-0.030023095,-1.378804374,0.77245509,0.078389831,0.76875,0.263085341,0.421052632
1/1/2002,0.197894737,0.05,0.037735849,-0.031976744,-0.7331705,0.598870056,0.008,-0.124087591,0.379801292,0.296296296
2/1/2002,0.19224725,-0.024390244,0.098493627,0.073273273,-0.7331705,0.412322275,-0.061185468,0.327433628,0.397047897,-0.104761905
3/1/2002,0.186652763,0.051282051,0.005446623,0.056875,-0.625844092,0.174273859,0.019305019,1,0.415605909,-0.117021277
4/1/2002,0.184183143,0.075,0.054054054,0.017682927,-1.431744401,0.146341463,-0.059566787,0.962616822,0.375786201,-0.13253012
5/1/2002,0.167012807,0.025641026,0.059588299,0.008225617,-1.431744401,0.231092437,-0.125423729,0.926829268,0.36316794,-0.083333333
6/1/2002,0.149913644,0.05,0.063333333,0.045184304,2.166069801,0.313043478,-0.148531952,0.878571429,0.350645124,-0.090909091
7/1/2002,0.112559242,0.05,0.070548712,0.040095751,2.820596193,0.33744856,-0.217171717,-0.023569024,0.388595651,-0.1
8/1/2002,0.113010289,-0.111111111,0.227602906,0.092843327,3.475122585,0.301960784,-0.280405405,-0.40397351,0.427440366,-0.222222222
9/1/2002,0.11344401,-0.071428571,0.197247706,0.093389933,4.129648977,0.357692308,-0.366612111,-0.590163934,0.469095716,-0.285714286
10/1/2002,0.13877551,-0.069767442,0.165701043,0.075956938,4.78417537,0.48046875,-0.346600332,-0.485458613,0.390320182,-0.4
11/1/2002,0.143301671,-0.069767442,0.172966781,0.052287582,4.78417537,0.284172662,-0.355095541,-0.233215548,0.390007309,0.888888889
12/1/2002,0.147856087,-0.069767442,0.20045819,0.097857556,2.922234921,0.23465704,-0.394894895,0.691666667,0.389721394,0.470588235
1/1/2003,0.149786255,-0.069767442,0.167056075,0.06855792,6.140337693,0.19133574,-0.378834356,0.266666667,0.506155813,0.32
2/1/2003,0.163732104,0.046511628,0.04,0.122955784,6.140337693,0.071186441,-0.376996805,0.555555556,0.54631179,0.196969697
3/1/2003,0.177700922,-0.068181818,0.187871581,0.100187852,-1.894229228,0.071672355,-0.3639399,0.761904762,0.589885254,0.164556962
4/1/2003,0.187387091,-0.068181818,0.180863477,0.168502916,1.296538322,0.078358209,-0.385093168,0.94092827,0.550309688,0.141304348
5/1/2003,0.195709139,-0.1875,0.359394704,0.167302799,1.296538322,0.044609665,-0.414754098,0.927756654,0.530156675,0.333333333
6/1/2003,0.203984975,-0.146341463,0.344983089,0.215953307,2.426408882,0.047619048,-0.449586777,0.906896552,0.510440071,0.25
7/1/2003,0.199903272,-0.181818182,0.377358491,0.214561856,1.532150689,-0.083333333,-0.317324185,1.222222222,0.550545135,0.2
8/1/2003,0.19719879,-0.125,0.322368421,0.252229299,1.532150689,-0.224242424,-0.232758621,0.96,0.553809965,-0.10952381
9/1/2003,0.194562314,-0.05,0.21221865,0.243500317,-3.69187792,-0.245508982,-0.256097561,0.652173913,0.557273584,-0.122994652
10/1/2003,0.20906801,-0.095238095,0.3,0.246592317,-3.959660261,-0.227848101,-0.25,0.244239631,0.396874706,-0.140243902
11/1/2003,0.222046996,0.138888889,0.11190234,0.243033052,-3.959660261,-0.202702703,-0.179389313,0.477832512,0.340388699,-0.177304965
12/1/2003,0.23507109,0.052631579,0.206196581,0.169511477,-5.032198734,-0.176678445,-0.17248062,0.736842105,0.291442044,-0.215517241
1/1/2004,0.245578016,0.027027027,0.209761163,0.178743961,-6.030882632,-0.231543624,-0.18627451,0.285714286,0.353569286,-0.274725275
2/1/2004,0.248973792,-0.026315789,0.2342918,0.185051236,-6.030882632,-0.22614841,-0.165644172,-0.127027027,0.330638407,0.136363636
3/1/2004,0.252367424,-0.076923077,0.403740374,0.240096038,-9.815939041,-0.191489362,-0.254863813,-0.376086957,0.306938088,0.12
4/1/2004,0.262932402,0,0.340112994,0.243243243,0.322872309,-0.279863481,-0.192949907,-0.506903353,0.223179495,0.107142857
5/1/2004,0.283663051,-0.095238095,0.407029478,0.322263223,0.322872309,-0.32781457,-0.106060606,-0.42676311,0.179836559,0.075268817
6/1/2004,0.304619827,-0.071428571,0.340909091,0.2640801,-0.769427662,-0.369230769,-0.097328244,-0.361666667,0.13894126,0.07
7/1/2004,0.305176247,0.022727273,0.256351039,0.307739938,-0.847662179,-0.361445783,-0.094567404,-0.081632653,0.097045229,0.065420561
8/1/2004,0.311380069,-0.022727273,0.377491208,0.313738019,-0.847662179,-0.382436261,-0.095137421,0.176315789,0.047846704,0.026315789
9/1/2004,0.317460317,-0.046511628,0.39380023,0.303320562,-0.708372497,-0.435356201,-0.096280088,0.640740741,0.001461893,0.025641026
10/1/2004,0.30929878,-0.048780488,0.412337662,0.27013931,-3.207333727,-0.408963585,-0.11827957,0.466666667,-0.072427591,0.025
11/1/2004,0.286375859,0.131578947,0.204290092,0.2375,-3.207333727,-0.412280702,-0.176817289,0.13030303,-0.095155488,0.032520325
12/1/2004,0.264352666,-0.023809524,0.411363636,0.25045045,2.133640281,-0.418181818,-0.160714286,-0.147222222,-0.115508545,0.031496063
1/1/2005,0.267574692,0.1,0.268987342,0.196978176,0.948963558,-0.430379747,-0.140529532,-0.256965944,-0.066869382,0.030534351
2/1/2005,0.266549502,0.048780488,0.429035753,0.250147842,0.948963558,-0.474522293,-0.210227273,0.090592334,-0.078264501,-0.192592593
3/1/2005,0.265524312,-0.046511628,0.418803419,0.235470342,-2.688999854,-0.460207612,-0.136276392,0.548,-0.090229881,-0.23853211
4/1/2005,0.280438974,0.075,0.288343558,0.252913753,-0.715868521,-0.391459075,-0.158914729,0.451104101,-0.120513502,-0.313253012
5/1/2005,0.306999099,0,0.343782654,0.186006826,-0.715868521,-0.346153846,-0.160243408,0.140992167,-0.119760902,0.298245614
6/1/2005,0.334246158,0.023809524,0.332635983,0.253164557,-0.951984313,-0.295454545,-0.139784946,-0.082222222,-0.119000047,0.22972973
7/1/2005,0.317727747,0.05,0.369822485,0.299705015,-1.321050298,-0.30859375,-0.018779343,-0.127516779,-0.117146151,0.186813187
8/1/2005,0.291331677,0.153846154,0.20210728,0.230726567,-1.321050298,-0.325396825,0.100775194,-0.322799097,-0.12615439,-0.092592593
9/1/2005,0.265949821,0.175,0.236580517,0.257921067,-3.488128193,-0.25,0.065989848,-0.522727273,-0.135285937,-0.102040816
10/1/2005,0.264288784,0.125,0.3046875,0.225296443,-1.709306273,-0.220338983,0.101234568,-0.678284182,-0.188466426,-0.113636364
11/1/2005,0.279089738,0.25,0.158396947,0.169831224,-1.709306273,-0.206008584,0.126550868,-0.250814332,-0.205116368,0.358974359
12/1/2005,0.293865294,0.225,0.24024024,0.172566372,-1.389626647,-0.192139738,0.103703704,0.416666667,-0.220396951,0.264150943
1/1/2006,0.295107466,0.177777778,0.254273504,0.193096009,-2.822109584,-0.168949772,0.133333333,0.437699681,-0.192001925,0.208955224
2/1/2006,0.277024192,0.487804878,0.062062062,0.218554354,-2.822109584,-0.254385965,0.199475066,-0.051679587,-0.204056061,-0.277777778
3/1/2006,0.2593361,0.43902439,0.102766798,0.174708819,-0.290504482,-0.199052133,0.191919192,-0.384782609,-0.216452002,-0.384615385
4/1/2006,0.243391316,0.615384615,0.04174397,0.088828338,-0.789838312,-0.167487685,0.397759104,-0.542334096,-0.238551913,-0.625
5/1/2006,0.238876831,0.771428571,-0.089689858,0.016,-0.789838312,-0.2,0.534534535,-0.484261501,-0.23447039,-0.111111111
6/1/2006,0.234448475,0.75,-0.080479452,-0.009549072,-0.71561729,-0.212264151,0.283919598,-0.417948718,-0.230371812,-0.125
7/1/2006,0.228795533,1.085714286,-0.199834163,-0.103255341,-0.932257259,-0.233944954,0.143820225,-0.2,-0.206730847,-0.142857143
8/1/2006,0.204841468,0.763157895,-0.084880637,-0.121876594,-0.932257259,-0.200934579,0.142857143,0.380952381,-0.208993549,1.611111111
9/1/2006,0.181380208,0.763157895,-0.111888112,-0.177435388,-0.938386445,-0.18957346,0.1002331,1.833333333,-0.211387341,0.617021277
10/1/2006,0.159891599,0.780487805,-0.139066789,-0.181438999,-0.008756838,-0.15920398,0.1,0.695652174,-0.261410902,0.381578947
11/1/2006,0.178434382,0.65,-0.111603189,-0.227478611,-0.008756838,-0.166666667,0.077283372,-0.008823529,-0.251702966,-0.247619048
12/1/2006,0.19665272,0.710526316,-0.143347639,-0.160860656,-0.205529185,-0.077777778,0.098795181,-0.371111111,-0.242585491,-0.329113924
1/1/2007,0.221463785,0.945945946,-0.231233822,-0.17293998,-0.588889758,-0.042424242,0.166666667,-0.373297003,-0.18386148,-0.490566038
2/1/2007,0.202646503,1.194444444,-0.351097179,-0.226524685,-0.588889758,0,0.232375979,-0.374558304,-0.177722042,0.518518519
3/1/2007,0.183942706,0.975,-0.297639123,-0.228985507,-3.739737472,0,0.048275862,-0.385,-0.171134409,0.341463415
4/1/2007,0.156226696,0.947368421,-0.285253828,-0.31627907,-5.385943029,-0.090909091,-0.006355932,-0.671361502,-0.189234731,0.254545455
5/1/2007,0.132915283,1,-0.286440678,-0.260891089,-5.385943029,-0.11827957,0.00422833,-0.45814978,-0.169169923,-0.014492754
6/1/2007,0.110097324,0.822222222,-0.271139706,-0.333806818,-7.638385235,-0.096045198,0.133333333,-0.2625,-0.148836188,-0.014705882
7/1/2007,0.083063646,0.930232558,-0.33787234,-0.338035019,-0.716527691,-0.029411765,0.168224299,-0.206896552,-0.120100529,-0.014925373
8/1/2007,0.072761635,1.243902439,-0.424217463,-0.352768251,-0.716527691,0.081967213,0.130750605,-0.441176471,-0.112268347,0.045454545
9/1/2007,0.062754686,1.358974359,-0.474329502,-0.398664759,-1.037451664,0.125,0.102439024,-0.615384615,-0.104175031,0.043478261
10/1/2007,0.065381489,0.976744186,-0.383375742,-0.426647427,-0.751893176,0.054054054,0.081145585,-0.673590504,-0.138791579,0.041666667
11/1/2007,0.044827986,1.292682927,-0.48389694,-0.412103746,-0.751893176,0.216216216,-0.01891253,-0.869257951,-0.122483343,-0.64
12/1/2007,0.024378972,1.181818182,-0.485453034,-0.4628331,-0.601081541,0.401098901,-0.028436019,-1.160869565,-0.107138508,-1.777777778
1/1/2008,0.007400555,1.162790698,-0.524639879,-0.482497635,-3.129560582,0.647058824,-0.103117506,-1.621468927,-0.031240831,-1.207729469
2/1/2008,0.024187016,1.365853659,-0.553463855,-0.508244423,-3.129560582,0.822485207,-0.168888889,-1.430894309,0.005682603,-0.637681159
3/1/2008,0.041000695,1.441860465,-0.575396825,-0.550232558,-3.630945002,1,-0.19124424,-0.957142857,0.045563248,-1.76
4/1/2008,0.048724431,1.452380952,-0.583203733,-0.516546763,-4.132329422,1.006097561,-0.111111111,-0.512195122,0.049973728,-1.213333333
5/1/2008,0.018814139,1.488372093,-0.604395604,-0.543158861,-4.132329422,0.826347305,-0.03,-1.338983051,0.105773888,-0.666666667
6/1/2008,-0.01063589,1.547619048,-0.649388049,-0.464366773,-0.531534621,0.778443114,-0.019138756,-1.782608696,0.162091609,-2
7/1/2008,-0.03180892,1.333333333,-0.619920319,-0.584948175,-3.175775312,0.842105263,-0.058685446,-2.578947368,0.234120963,-0.5
8/1/2008,-0.040996602,1.404255319,-0.650321543,-0.620857269,-3.175775312,0.906432749,-0.073809524,-3.153333333,0.294474253,1
9/1/2008,-0.050192613,1.422222222,-0.675898204,-0.632718894,-8.632257177,1.142011834,-0.17264574,-4.154545455,0.356974606,0.5
10/1/2008,-0.071500504,1.32,-0.676276771,-0.668169522,-7.666804017,2.16875,-0.160792952,-2.548484848,0.364558171,0.333333333
11/1/2008,-0.104553492,1.326530612,-0.686037127,-0.704716981,-6.701350857,2.421686747,-0.210290828,-0.942424242,0.485503719,-0.158730159
12/1/2008,-0.136805328,1.113207547,-0.678875639,-0.74954792,-5.735897697,2.803797468,-0.452488688,0.663636364,0.601166379,-0.188679245
1/1/2009,-0.155716163,1,-0.683317625,-0.745446053,-2.719098976,2.602564103,-0.448577681,0.698113208,0.800588861,-0.23255814
2/1/2009,-0.135200439,0.779661017,-0.666666667,-0.736543909,-2.719098976,2.046783626,-0.391949153,-1.292610063,0.877240739,-0.287878788
3/1/2009,-0.114562679,0.746031746,-0.698130009,-0.743243243,-6.803593548,2.294117647,-0.434869739,-3.283333333,0.958670235,-0.404255319
4/1/2009,-0.101938027,0.725806452,-0.689686924,-0.726509186,5.401420324,2.329268293,-0.426614481,1.666666667,0.975140756,-0.678571429
5/1/2009,-0.106552025,0.476190476,-0.64990689,-0.702196036,5.401420324,1.98125,-0.356164384,-0.927777778,1.001908129,-1.166666667
6/1/2009,-0.111111111,0.164383562,-0.592746114,-0.6591038,4.255964439,1.290909091,-0.269155206,-1.443333333,1.028502218,-0.145833333
7/1/2009,-0.102096528,0.179104478,-0.602898551,-0.654471545,3.110508554,0.782828283,-0.270491803,-1.866873065,1.125676783,0.875
8/1/2009,-0.095007164,0.119402985,-0.588582677,-0.627794562,1.965052669,0.444444444,-0.23940678,-1.481268012,1.188810565,0.666666667
9/1/2009,-0.087783712,0.068493151,-0.589798087,-0.612101911,0.819596785,0.492307692,-0.281183932,-1.143243243,1.256130719,0.4
10/1/2009,-0.111364376,0.121212121,-0.605184447,-0.62019544,0.285025719,0.288888889,-0.263043478,-0.783393502,1.151996739,0.285714286
11/1/2009,-0.130006357,0.169230769,-0.624248497,-0.61965812,0.285025719,0.145098039,-0.254385965,-1.147540984,1.125430884,-0.222222222
12/1/2009,-0.147780192,0.111111111,-0.604938272,-0.591635916,1.48331305,-0.007142857,-0.245798319,-2.255555556,1.101010663,-0.285714286
1/1/2010,-0.134548884,0.025316456,-0.583333333,-0.602002503,-0.603045307,-0.181818182,-0.209745763,-2.769911504,1.221859875,-0.4
2/1/2010,-0.130425555,0.050632911,-0.596638655,-0.59273183,-0.603045307,-0.215976331,-0.190789474,-2.751824818,1.220151792,0.488888889
3/1/2010,-0.126195851,-0.040540541,-0.570462232,-0.532653061,-0.752036987,-0.227963526,-0.204690832,-2.75,1.218344348,0.328358209
4/1/2010,-0.124810072,-0.205128205,-0.498812352,-0.573342264,-1.146489174,-0.213114754,-0.189473684,-0.720864662,1.113971557,0.247191011
5/1/2010,-0.119342466,0.134146341,-0.646910467,-0.591329069,-1.146489174,-0.114478114,-0.329411765,1.308270677,1.074519663,-0.063063063
6/1/2010,-0.113767154,0,-0.607969152,-0.568699486,2.430499329,-0.038095238,-0.36,0.046428571,1.036413247,-0.067307692
7/1/2010,-0.121338912,-0.032608696,-0.595135908,-0.561695685,8.195075579,-0.079754601,-0.355460385,0.676646707,1.048791629,-0.072164948
8/1/2010,-0.112620508,-0.043478261,-0.588921283,-0.540047581,8.195075579,-0.182320442,-0.402654867,4.226415094,1.040594254,-0.111111111
9/1/2010,-0.103989536,-0.105882353,-0.563961486,-0.527684564,-2.387994402,-0.406311637,-0.415011038,-5.55,1.032273232,-0.125
10/1/2010,-0.075388027,-0.127659574,-0.546021841,-0.544117647,4.791464166,-0.440140845,-0.387951807,-2.226327434,0.911237235,-0.142857143
11/1/2010,-0.070494022,-0.145833333,-0.53634895,-0.512619669,4.791464166,-0.474209651,-0.326829268,1.097345133,0.846949266,-0.5
12/1/2010,-0.065426997,-0.247311828,-0.480063796,-0.422303473,-2.084882008,-0.5,-0.120320856,0.015,0.788341035,-1
1/1/2011,-0.091186441,-0.24742268,-0.482293423,-0.431952663,-1.865173898,-0.481765835,-0.093582888,-0.291666667,0.811999297,-1.15
2/1/2011,-0.105696484,-0.228571429,-0.495327103,-0.439503619,-1.865173898,-0.541071429,0.01994302,-0.489285714,0.774719496,-1.3
3/1/2011,-0.119767697,-0.300970874,-0.440298507,-0.421626984,2.496521778,-0.52014652,-0.073369565,-0.634375,0.737411724,-0.24375
4/1/2011,-0.101510912,-0.373831776,-0.384920635,-0.416080402,-0.54816833,-0.463312369,-0.108247423,-0.706840391,0.621129309,0.8125
5/1/2011,-0.087145471,-0.38317757,-0.373716632,-0.476271186,-0.54816833,-0.30952381,-0.226829268,-0.614334471,0.55692442,-0.344827586
6/1/2011,-0.072138431,-0.371428571,-0.368972746,-0.309446254,-1.09728371,-0.220963173,-0.251870324,-0.510714286,0.498137268,-0.526315789
7/1/2011,-0.068256968,-0.407079646,-0.31954023,-0.276223776,-0.141209458,-0.076923077,-0.228791774,-0.422382671,0.459944325,-1.111111111
8/1/2011,-0.062746034,-0.403669725,-0.309468822,-0.188205772,-0.141209458,0.051546392,-0.376693767,-0.523809524,0.378636419,-0.022222222
9/1/2011,-0.057122198,-0.456896552,-0.226463104,-0.171195652,-0.704054258,0.134482759,-0.480314961,-0.62962963,0.301925351,1.066666667
10/1/2011,-0.038385584,-0.473684211,-0.187660668,0.071884984,-0.891450639,0.102739726,-0.390934844,-0.70464135,0.135331136,0.516129032
11/1/2011,0.008601063,-0.491071429,-0.129973475,0.274368231,-0.891450639,0.125899281,-0.169421488,-0.226600985,0.044549438,-0.106382979
12/1/2011,0.057976654,-0.56557377,0.014880952,0.278899083,-0.700960401,0.297619048,-0.214285714,0.429411765,-0.030859797,-0.119047619
1/1/2012,0.059182118,-0.495238095,-0.099462366,0.275985663,-1.810996859,0.230188679,-0.31358885,1.307692308,-0.029462529,-0.135135135
2/1/2012,0.043418761,-0.563636364,0.079646018,0.438596491,-1.810996859,0.248031496,-0.30141844,1.051282051,-0.064655939,-0.15625
3/1/2012,0.028285784,-0.542056075,0.050445104,0.547024952,-0.264741901,0.275,-0.259385666,0.666666667,-0.099034997,-0.185185185
4/1/2012,0.033134365,-0.47311828,-0.058510638,0.316546763,-1.224308289,0.19391635,-0.376899696,-0.469026549,-0.137135337,-0.227272727
5/1/2012,0.046616358,-0.447058824,-0.058524173,0.324459235,-1.224308289,0.079207921,-0.516129032,-0.540145985,-0.148527868,-0.235294118
6/1/2012,0.060075398,-0.392405063,-0.124087591,0.334453782,-1.205912632,0.133333333,-0.54494382,-0.58125,-0.159554856,-0.307692308
7/1/2012,0.075995616,-0.386666667,-0.11722488,0.378246753,-0.759236047,0.128378378,-0.573816156,-0.461538462,-0.154964594,-0.444444444
8/1/2012,0.081473351,-0.41025641,-0.028497409,0.379310345,-0.759236047,0.073089701,-0.505882353,0.07,-0.172926884,0.183333333
9/1/2012,0.086967143,-0.391891892,-0.027777778,0.595197256,-0.659078174,-0.018867925,-0.492625369,1.042857143,-0.190972955,0.811111111
10/1/2012,0.087687249,-0.355263158,-0.045333333,0.423756019,-0.674160483,-0.10443038,-0.485294118,0.146496815,-0.234705996,1.438888889
11/1/2012,0.096296296,-0.425,0.113636364,0.381024096,-0.674160483,0.017793594,-0.540389972,-0.218106996,-0.238374817,1.056400966
12/1/2012,0.104855309,-0.444444444,0.156521739,0.479559748,1.038422867,0.077777778,-0.538873995,-0.393939394,-0.241835252,0.673913043
1/1/2013,0.125457652,-0.518072289,0.327380952,0.446153846,4.121046924,0.097276265,-0.482384824,-0.125,-0.201109917,0.402597403
2/1/2013,0.150449009,-0.422535211,0.173228346,0.42503639,4.121046924,0.095419847,-0.469168901,0,-0.199745206,-0.287037037
3/1/2013,0.175843254,-0.322580645,0.052132701,0.469387755,-9.668423697,0.12890625,-0.490909091,0.5,-0.198296301,-0.402597403
4/1/2013,0.196117471,-0.52688172,0.575,0.766956522,-5.439299033,0.084291188,-0.485380117,-0.523809524,-0.220490092,-0.673913043
5/1/2013,0.205294705,-0.445783133,0.403278689,0.708688245,-5.439299033,0.018181818,-0.396875,0.089552239,-0.220672524,-0.01552795
6/1/2013,0.214536341,-0.539325843,0.660777385,0.625215889,-2.65621394,0.047101449,-0.235880399,0.671428571,-0.220855446,0.642857143
7/1/2013,0.201481481,-0.375,0.329787234,0.720689655,-2.262573737,-0.104575163,-0.044444444,0.495327103,-0.213113684,0.391304348
8/1/2013,0.196107056,-0.276315789,0.201892744,0.706927176,-2.262573737,-0.185410334,0.033962264,0.559440559,-0.228721233,0.184103261
9/1/2013,0.19088729,-0.341463415,0.384879725,0.799283154,-0.69740894,-0.173913043,0.106299213,0.594444444,-0.244697273,-0.023097826
10/1/2013,0.217327994,-0.402439024,0.547038328,0.858928571,-0.458279855,-0.14057508,-0.050724638,0.842105263,-0.279283284,-0.230298913
11/1/2013,0.228445099,-0.285714286,0.36809816,0.631329114,-0.458279855,-0.186544343,-0.17325228,0.435,-0.277815405,-0.4375
12/1/2013,0.239835882,-0.287671233,0.410423453,0.751736111,-0.320711778,-0.239263804,-0.144542773,0.061904762,-0.276384771,-0.777777778
1/1/2014,0.236874845,-0.37037037,0.648148148,0.817343173,-0.686626709,-0.264984227,-0.201117318,0.066666667,-0.250088259,-1.405555556
2/1/2014,0.249097473,-0.277777778,0.43,0.795883362,-0.686626709,-0.218954248,-0.205278592,1.811111111,-0.267284628,-2.033333333
3/1/2014,0.261335326,-0.164179104,0.319354839,0.82616179,1.425054747,-0.25477707,-0.213872832,3.419254186,-0.285249494,-0.685144928
4/1/2014,0.280130293,-0.136363636,0.31147541,0.762135922,2.878519215,-0.330275229,-0.14511041,5.02739726,-0.322735493,0.663043478
5/1/2014,0.287298387,-0.212121212,0.50166113,0.602201258,2.878519215,-0.352941176,-0.146666667,2.786324786,-0.322318975,-0.013071895
6/1/2014,0.294550063,-0.149253731,0.405405405,0.61352657,-1.439358284,-0.341317365,-0.133333333,1.79375,-0.321906277,-0.013245033
7/1/2014,0.299732722,-0.061538462,0.344481605,0.656877898,-1.23946926,-0.321981424,0.104347826,1.01793722,-0.299184491,-0.013422819
8/1/2014,0.342280164,-0.126984127,0.496710526,0.708196721,-1.23946926,-0.272435897,0.222222222,0.592334495,-0.306093875,-0.204081633
9/1/2014,0.385188037,-0.1,0.474683544,0.597615499,-1.652881853,-0.197879859,0.176744186,0.322857143,-0.313415789,-0.256410256
10/1/2014,0.389766742,-0.070175439,0.43902439,0.556657224,-0.498317727,-0.164335664,0.144278607,0.637630662,-0.350427492,-0.344827586
11/1/2014,0.332352581,0.075471698,0.302052786,0.525107604,-0.498317727,-0.154639175,0.176767677,0.928251121,-0.344703038,0.245614035
12/1/2014,0.277458033,-0.018867925,0.456716418,0.512640449,-1.184985754,-0.102836879,0.121827411,1.4375,-0.339130469,0.197183099
1/1/2015,0.244783594,0,0.426229508,0.436314363,-0.874239712,-0.104529617,-0.045685279,0.383399209,-0.307661601,0.164705882
2/1/2015,0.228005691,-0.102040816,0.570621469,0.405707196,-0.874239712,-0.124567474,-0.087557604,0,-0.311099857,0.065448604
3/1/2015,0.211413748,0.040816327,0.370056497,0.463114754,-1.412228503,-0.116607774,-0.004878049,-0.220454545,-0.314722741,-0.033808675
4/1/2015,0.185137807,0.042553191,0.359459459,0.469849246,-1.75667134,-0.092857143,0.077777778,-0.232505643,-0.338926119,-0.133065954
5/1/2015,0.177928186,0.041666667,0.4,0.600755668,-1.75667134,-0.069204152,0.358024691,-0.277404922,-0.345189281,-0.232323232
6/1/2015,0.170911149,0.195652174,0.284552846,0.604240283,-0.352859157,0.010948905,0.54248366,-0.317777778,-0.35141332,-0.302631579
7/1/2015,0.175369347,0.130434783,0.328,0.355952381,-2.794516649,0.074626866,0.380952381,-0.365426696,-0.340065068,-0.433962264
8/1/2015,0.192830655,0.133333333,0.337662338,0.246236559,-2.794516649,0.135338346,0.261627907,-0.416846652,-0.339839706,-0.2
9/1/2015,0.210166835,0.204081633,0.273743017,0.279594138,-2.877580408,0.178438662,0.24,-0.468085106,-0.339602934,-0.25
10/1/2015,0.218542313,0.239130435,0.214285714,0.267175573,-1.406315854,0.229323308,0.254545455,-0.465116279,-0.371888588,-0.333333333
11/1/2015,0.194958904,0.222222222,0.263157895,0.336875664,-1.406315854,0.290322581,0.313953488,-0.402564103,-0.371132157,0.916666667
12/1/2015,0.171871611,0.3,0.197309417,0.294680851,-1.161733243,0.381974249,0.172774869,-0.322857143,-0.370411133,0.47826087
1/1/2016,0.145209581,0.341463415,0.161073826,0.204290092,-1.821232749,0.405857741,0.055555556,-0.308357349,-0.33680322,0.323529412
2/1/2016,0.130457709,0.285714286,0.186936937,0.276709402,-1.821232749,0.521367521,-0.091836735,-0.204081633,-0.33606802,0.177777778
3/1/2016,0.116104869,0.227272727,0.219954649,0.088582677,-2.603585019,0.479452055,0.073863636,-0.097058824,-0.335288931,0.150943396
4/1/2016,0.112411935,0.108695652,0.322429907,0.158524427,0.83171979,0.354545455,-0.062176166,0.052631579,-0.353310231,0.131147541
5/1/2016,0.108749484,0.268292683,0.187234043,0.266737513,0.83171979,0.304545455,-0.213043478,0.03257329,-0.344229086,-0.057971014
6/1/2016,0.105117139,-0.054545455,0.493333333,0.196392786,1.402806079,0.319634703,-0.364341085,0.010344828,-0.335119232,-0.061538462
7/1/2016,0.094792514,-0.181818182,0.658792651,0.233090531,0.155255767,0.198237885,-0.452554745,0,-0.305417734,-0.06557377
8/1/2016,0.089911397,-0.074074074,0.419354839,0.190239044,0.155255767,0.18061674,-0.444839858,0.068,-0.303823968,-0.01754386
9/1/2016,0.085127592,0.06122449,0.274774775,0.225744476,-0.354703586,0.121338912,-0.377862595,0.143478261,-0.302120721,-0.017857143
10/1/2016,0.094481104,0.04,0.284753363,0.237633366,-0.90888253,0.06504065,-0.352941176,0.115879828,-0.33436672,-0.018181818
11/1/2016,0.107701564,0.019230769,0.311778291,0.237859267,-0.90888253,0.015810277,-0.262068966,-0.016877637,-0.327650169,0.041919192
12/1/2016,0.121001811,0.098039216,0.226966292,0.282233503,-0.802487876,-0.089494163,-0.129370629,-0.1375,-0.32112742,0.102020202
1/1/2017,0.120589994,0.019230769,0.389277389,0.269340974,1.275527058,-0.118577075,-0.103321033,-0.340659341,-0.273042218,0.162121212
2/1/2017,0.112482718,-0.089285714,0.511002445,0.176248822,1.275527058,-0.112,-0.110294118,-0.293159609,-0.271355873,0.222222222
3/1/2017,0.104521433,-0.122807018,0.6075,0.174471993,0.422779517,-0.133858268,-0.084870849,-0.255882353,-0.269499325,0.181818182
4/1/2017,0.106793266,0.038461538,0.311946903,0.231599607,-0.542299526,-0.156133829,-0.1015625,-0.085173502,-0.308043697,0.153846154
5/1/2017,0.103387507,-0.052631579,0.451923077,0.20259481,-0.542299526,-0.187725632,-0.115384615,-0.088737201,-0.301497599,-0.022222222
6/1/2017,0.099980415,-0.131147541,0.532338308,0.223880597,-0.160249233,-0.243055556,-0.137795276,-0.1,-0.295019113,-0.022727273
7/1/2017,0.066082651,0.090909091,0.221978022,0.207293666,0.340059575,-0.314569536,-0.041322314,-0.176029963,-0.256878816,-0.023255814
8/1/2017,0.061990363,0.111111111,0.197424893,0.212686567,0.340059575,-0.337539432,-0.126482213,0.053231939,-0.256400706,-0.05952381
9/1/2017,0.058112254,0,0.349576271,0.141037307,-2.743933612,-0.357798165,-0.043478261,0.280769231,-0.255881886,-0.063291139
10/1/2017,0.10333088,-0.01754386,0.391891892,0.263405456,-3.814395497,-0.3875,0.012875536,0.673819742,-0.30275155,-0.067567568
11/1/2017,0.101933546,-0.057692308,0.459016393,0.228412256,-3.814395497,-0.403726708,0.063348416,0.338164251,-0.292475086,-0.014492754
12/1/2017,0.100478927,0.145833333,0.218390805,0.245283019,3.139805029,-0.458333333,0.276595745,-0.094444444,-0.282632918,-0.014705882
1/1/2018,0.085063242,0.272727273,0.138489209,0.20564872,1.831940217,-0.528089888,0.303030303,-0.769585253,-0.23463428,-0.014925373
2/1/2018,0.09752774,0.058823529,0.367010309,0.235294118,1.831940217,-0.490740741,0.401960784,-0.367588933,-0.241944078,0.303030303
3/1/2018,0.11019527,0.081632653,0.335984095,0.176923077,0.542818414,-0.395973154,0.463917526,-0.068965517,-0.249741501,0.23255814
4/1/2018,0.105570705,0.14,0.255952381,0.073170732,-2.003473453,-0.3728223,0.304545455,0.423220974,-0.278232063,0.188679245
5/1/2018,0.111358144,0,0.377637131,-0.044787078,-2.003473453,-0.359861592,0.262711864,0.522633745,-0.271977906,-0.063492063
6/1/2018,0.117060065,0.153846154,0.228915663,0.134328358,-0.638126146,-0.294117647,0.254310345,0.636363636,-0.265642636,-0.06779661
7/1/2018,0.110409798,0.215686275,0.176699029,0.124245039,-1.431465978,-0.291044776,0.331797235,0.263537906,-0.246114701,-0.072727273
8/1/2018,0.077627683,0.06779661,0.317982456,0.100440529,-1.431465978,-0.298507463,0.331797235,-0.018018018,-0.244474152,-0.078431373
9/1/2018,0.045995819,0.105263158,0.279411765,0.092943201,-2.993798814,-0.282442748,0.449275362,-0.223076923,-0.242749654,-0.085106383
10/1/2018,0.042461482,0.309090909,0.089285714,0.005564388,3.742159447,-0.252918288,0.39380531,0.010830325,-0.278949722,-0.093023256
11/1/2018,0.051818266,0.288461538,0.121722846,0.086277732,3.742159447,-0.102564103,0.392857143,0.717791411,-0.29663164,-0.093023256
12/1/2018,0.061344538,0.2,0.196531792,0.124681934,-0.066081049,0.031390135,0.354066986,4.6,-0.313467108,-0.093023256
