,HSN1F_M,HSN1F_M_PCT_CHG,HSN1F_Q_PCT_CHG,HSN1F_A_PCT_CHG,HSN1F_2A_PCT_CHG,HSN1F_3A_PCT_CHG
1962-01-01,591.0,0.0,0.0,0.0,-0.1302876480541455,-0.08629441624365486
1962-02-01,591.0,0.0,0.0,0.0,-0.1302876480541455,-0.08629441624365486
1962-03-01,591.0,0.0,0.0,0.0,-0.1302876480541455,-0.08629441624365486
1962-04-01,591.0,0.0,0.0,0.0,-0.1302876480541455,-0.08629441624365486
1962-05-01,591.0,0.0,0.0,0.0,-0.1302876480541455,-0.08629441624365486
1962-06-01,591.0,0.0,0.0,0.0,-0.1302876480541455,-0.08629441624365486
1962-07-01,591.0,0.0,0.0,0.0,-0.1302876480541455,-0.08629441624365486
1962-08-01,591.0,0.0,0.0,0.0,-0.1302876480541455,-0.08629441624365486
1962-09-01,591.0,0.0,0.0,0.0,-0.1302876480541455,-0.08629441624365486
1962-10-01,591.0,0.0,0.0,0.0,-0.1302876480541455,-0.08629441624365486
1962-11-01,591.0,0.0,0.0,0.0,-0.1302876480541455,-0.08629441624365486
1962-12-01,591.0,0.0,0.0,0.0,-0.1302876480541455,-0.08629441624365486
1963-01-01,591.0,0.0,0.0,0.0,-0.1302876480541455,-0.08629441624365486
1963-02-01,464.0,-0.21489001692047383,-0.21489001692047383,-0.21489001692047383,-0.1302876480541455,-0.08629441624365486
1963-03-01,461.0,-0.006465517241379337,-0.21996615905245342,-0.21996615905245342,-0.1302876480541455,-0.08629441624365486
1963-04-01,605.0,0.3123644251626898,0.3038793103448276,0.02368866328257191,-0.1302876480541455,-0.08629441624365486
1963-05-01,586.0,-0.031404958677686,0.2711496746203905,-0.008460236886632777,-0.1302876480541455,-0.08629441624365486
1963-06-01,526.0,-0.10238907849829348,-0.13057851239669427,-0.10998307952622677,-0.1302876480541455,-0.08629441624365486
1963-07-01,665.0,0.26425855513307983,0.1348122866894197,0.1252115059221659,-0.1302876480541455,-0.08629441624365486
1963-08-01,570.0,-0.1428571428571429,0.08365019011406849,-0.035532994923857864,-0.1302876480541455,-0.08629441624365486
1963-09-01,590.0,0.03508771929824572,-0.1127819548872181,-0.0016920473773265332,-0.1302876480541455,-0.08629441624365486
1963-10-01,567.0,-0.03898305084745768,-0.0052631578947368585,-0.040609137055837574,-0.1302876480541455,-0.08629441624365486
1963-11-01,579.0,0.021164021164021163,-0.01864406779661021,-0.02030456852791873,-0.1302876480541455,-0.08629441624365486
1963-12-01,514.0,-0.11226252158894645,-0.09347442680776019,-0.1302876480541455,-0.1302876480541455,-0.08629441624365486
1964-01-01,549.0,0.06809338521400776,-0.051813471502590636,0.1831896551724137,-0.07106598984771573,-0.08629441624365486
1964-02-01,609.0,0.1092896174863387,0.18482490272373542,0.32104121475054237,0.030456852791878264,-0.08629441624365486
1964-03-01,562.0,-0.07717569786535305,0.023679417122040025,-0.07107438016528922,-0.04906937394247035,-0.08629441624365486
1964-04-01,559.0,-0.005338078291814985,-0.08210180623973728,-0.0460750853242321,-0.05414551607445006,-0.08629441624365486
1964-05-01,523.0,-0.06440071556350624,-0.06939501779359436,-0.005703422053231932,-0.11505922165820648,-0.08629441624365486
1964-06-01,580.0,0.10898661567877621,0.0375670840787119,-0.1278195488721805,-0.0186125211505922,-0.08629441624365486
1964-07-01,575.0,-0.008620689655172376,0.0994263862332696,0.00877192982456143,-0.027072758037225086,-0.08629441624365486
1964-08-01,582.0,0.012173913043478368,0.0034482758620688614,-0.013559322033898313,-0.015228426395939132,-0.08629441624365486
1964-09-01,590.0,0.013745704467353903,0.026086956521739202,0.040564373897707284,-0.0016920473773265332,-0.08629441624365486
1964-10-01,583.0,-0.011864406779661052,0.0017182130584192379,0.006908462867012188,-0.013536379018612488,-0.08629441624365486
1964-11-01,548.0,-0.06003430531732423,-0.07118644067796609,0.06614785992217898,-0.07275803722504226,-0.08629441624365486
1964-12-01,540.0,-0.014598540145985384,-0.07375643224699824,-0.016393442622950838,-0.08629441624365486,-0.08629441624365486
1965-01-01,533.0,-0.012962962962962954,-0.027372262773722622,-0.12479474548440062,0.1487068965517242,-0.09813874788494081
1965-02-01,559.0,0.04878048780487809,0.03518518518518521,-0.005338078291814985,0.21258134490238612,-0.05414551607445006
1965-03-01,556.0,-0.00536672629695889,0.04315196998123838,-0.00536672629695889,-0.08099173553719008,-0.05922165820642977
1965-04-01,555.0,-0.0017985611510791255,-0.007155635062611854,0.06118546845124273,-0.05290102389078499,-0.060913705583756306
1965-05-01,544.0,-0.01981981981981984,-0.021582733812949617,-0.06206896551724139,0.034220532319391594,-0.07952622673434862
1965-06-01,614.0,0.12867647058823528,0.10630630630630633,0.0678260869565217,-0.07669172932330826,0.03891708967851093
1965-07-01,554.0,-0.09771986970684043,0.018382352941176405,-0.04810996563573888,-0.028070175438596467,-0.06260575296108295
1965-08-01,615.0,0.11010830324909748,0.0016286644951140072,0.04237288135593231,0.04237288135593231,0.04060913705583746
1965-09-01,587.0,-0.04552845528455285,0.05956678700361007,0.006861063464836947,0.03527336860670194,-0.006768189509306244
1965-10-01,555.0,-0.054514480408858645,-0.09756097560975607,0.012773722627737127,-0.041450777202072575,-0.060913705583756306
1965-11-01,616.0,0.1099099099099099,0.049403747870528036,0.14074074074074083,0.19844357976653693,0.04230118443316422
1965-12-01,609.0,-0.011363636363636354,0.09729729729729719,0.14258911819887432,0.1092896174863387,0.030456852791878264
1966-01-01,599.0,-0.016420361247947435,-0.02759740259740262,0.07155635062611809,-0.016420361247947435,0.29094827586206895
1966-02-01,541.0,-0.09682804674457424,-0.11165845648604267,-0.026978417266187105,-0.03736654804270467,0.17353579175704992
1966-03-01,557.0,0.02957486136783727,-0.07011686143572626,0.003603603603603567,-0.003577817531305927,-0.07933884297520666
1966-04-01,545.0,-0.021543985637342944,0.007393715341959428,0.0018382352941177516,0.042065009560229516,-0.06996587030716728
1966-05-01,499.0,-0.08440366972477065,-0.10412926391382404,-0.18729641693811072,-0.1396551724137931,-0.0513307984790875
1966-06-01,434.0,-0.1302605210420842,-0.20366972477064216,-0.21660649819494582,-0.24521739130434783,-0.34736842105263155
1966-07-01,435.0,0.0023041474654377225,-0.12825651302605212,-0.29268292682926833,-0.25257731958762886,-0.23684210526315785
1966-08-01,377.0,-0.1333333333333333,-0.13133640552995396,-0.3577512776831345,-0.36101694915254234,-0.36101694915254234
1966-09-01,358.0,-0.050397877984084904,-0.17701149425287355,-0.354954954954955,-0.385934819897084,-0.3686067019400353
1966-10-01,387.0,0.08100558659217882,0.02652519893899208,-0.3717532467532467,-0.29379562043795615,-0.33160621761658027
1966-11-01,382.0,-0.012919896640826822,0.06703910614525133,-0.3727422003284072,-0.2925925925925926,-0.25680933852140075
1966-12-01,369.0,-0.03403141361256545,-0.046511627906976716,-0.38397328881469117,-0.3076923076923077,-0.3278688524590164
1967-01-01,416.0,0.12737127371273704,0.08900523560209428,-0.23105360443622924,-0.2558139534883721,-0.3169129720853858
1967-02-01,408.0,-0.019230769230769273,0.10569105691056913,-0.26750448833034113,-0.26618705035971224,-0.27402135231316727
1967-03-01,439.0,0.0759803921568627,0.05528846153846145,-0.1944954128440367,-0.20900900900900898,-0.21466905187835417
1967-04-01,479.0,0.09111617312072884,0.1740196078431373,-0.04008016032064132,-0.11948529411764708,-0.08413001912045892
1967-05-01,503.0,0.050104384133611735,0.14578587699316636,0.1589861751152073,-0.1807817589576547,-0.13275862068965516
1967-06-01,499.0,-0.007952286282306154,0.04175365344467652,0.1471264367816092,-0.09927797833935015,-0.13217391304347825
1967-07-01,515.0,0.03206412825651306,0.02385685884691857,0.36604774535809015,-0.16260162601626016,-0.11512027491408938
1967-08-01,504.0,-0.021359223300970842,0.01002004008016022,0.4078212290502794,-0.141396933560477,-0.1457627118644068
1967-09-01,531.0,0.0535714285714286,0.03106796116504862,0.37209302325581395,-0.043243243243243246,-0.08919382504288165
1967-10-01,566.0,0.06591337099811678,0.12301587301587302,0.48167539267015713,-0.08116883116883122,0.03284671532846706
1967-11-01,500.0,-0.11660777385159016,-0.05838041431261776,0.3550135501355014,-0.17898193760262726,-0.07407407407407407
1967-12-01,502.0,0.0040000000000000036,-0.11307420494699649,0.20673076923076916,-0.1619365609348915,-0.05816135084427765
1968-01-01,494.0,-0.015936254980079667,-0.01200000000000001,0.2107843137254901,-0.08687615526802217,-0.11627906976744184
1968-02-01,543.0,0.09919028340080982,0.0816733067729083,0.2369020501138952,-0.025134649910233398,-0.023381294964028743
1968-03-01,490.0,-0.09760589318600366,-0.0080971659919028,0.022964509394572064,-0.1009174311926605,-0.11711711711711714
1968-04-01,501.0,0.022448979591836782,-0.07734806629834257,-0.003976143141153132,0.004008016032064132,-0.07904411764705888
1968-05-01,441.0,-0.11976047904191611,-0.09999999999999998,-0.11623246492985972,0.016129032258064502,-0.28175895765472314
1968-06-01,441.0,0.0,-0.11976047904191611,-0.14368932038834947,0.01379310344827589,-0.20397111913357402
1968-07-01,493.0,0.11791383219954654,0.11791383219954654,-0.02182539682539686,0.3076923076923077,-0.1983739837398374
1968-08-01,507.0,0.028397565922920975,0.14965986394557818,-0.04519774011299438,0.4162011173184357,-0.1362862010221465
1968-09-01,501.0,-0.011834319526627168,0.016227180527383478,-0.11484098939929333,0.2945736434108528,-0.0972972972972973
1968-10-01,502.0,0.001996007984031989,-0.009861932938856066,0.0040000000000000036,0.31413612565445037,-0.18506493506493504
1968-11-01,469.0,-0.06573705179282874,-0.06387225548902198,-0.06573705179282874,0.2710027100271002,-0.22988505747126442
1968-12-01,511.0,0.08955223880597019,0.017928286852589626,0.03441295546558698,0.22836538461538458,-0.1469115191986644
1969-01-01,480.0,-0.0606653620352251,0.023454157782516027,-0.11602209944751385,0.17647058823529416,-0.11275415896487984
1969-02-01,524.0,0.09166666666666656,0.02544031311154593,0.06938775510204076,0.1936218678815489,-0.05924596050269304
1969-03-01,474.0,-0.09541984732824427,-0.012499999999999956,-0.053892215568862256,-0.01043841336116913,-0.13027522935779812
1969-04-01,450.0,-0.05063291139240511,-0.14122137404580148,0.020408163265306145,-0.10536779324055667,-0.09819639278557113
1969-05-01,447.0,-0.00666666666666671,-0.05696202531645567,0.013605442176870763,-0.10420841683366733,0.02995391705069128
1969-06-01,461.0,0.031319910514541416,0.02444444444444449,-0.06490872210953347,-0.10485436893203881,0.05977011494252871
1969-07-01,436.0,-0.05422993492407813,-0.02460850111856827,-0.14003944773175547,-0.13492063492063489,0.1564986737400531
1969-08-01,422.0,-0.032110091743119296,-0.08459869848156187,-0.1576846307385229,-0.20527306967984937,0.17877094972067042
1969-09-01,396.0,-0.06161137440758291,-0.09174311926605505,-0.2111553784860558,-0.3003533568904594,0.023255813953488413
1969-10-01,401.0,0.012626262626262541,-0.049763033175355464,-0.14498933901918976,-0.19799999999999995,0.04973821989528804
1969-11-01,441.0,0.09975062344139651,0.11363636363636354,-0.136986301369863,-0.12151394422310757,0.19512195121951215
1969-12-01,452.0,0.024943310657596474,0.1271820448877805,-0.05833333333333335,-0.08502024291497978,0.08653846153846145
1970-01-01,461.0,0.019911504424778848,0.0453514739229024,-0.12022900763358779,-0.151012891344383,0.1299019607843137
1970-02-01,373.0,-0.19088937093275493,-0.1747787610619469,-0.21308016877637126,-0.2387755102040816,-0.1503416856492027
1970-03-01,389.0,0.04289544235924936,-0.1561822125813449,-0.13555555555555554,-0.22355289421157687,-0.1878914405010439
1970-04-01,445.0,0.14395886889460163,0.1930294906166219,-0.004474272930648726,0.009070294784580435,-0.11530815109343939
1970-05-01,466.0,0.04719101123595504,0.1979434447300772,0.010845986984815648,0.05668934240362811,-0.06613226452905807
1970-06-01,485.0,0.04077253218884125,0.0898876404494382,0.11238532110091737,-0.016227180527383367,-0.058252427184465994
1970-07-01,481.0,-0.008247422680412342,0.032188841201716833,0.13981042654028442,-0.05128205128205132,-0.045634920634920584
1970-08-01,515.0,0.07068607068607058,0.061855670103092786,0.3005050505050506,0.027944111776447178,-0.030131826741996215
1970-09-01,564.0,0.09514563106796126,0.17255717255717262,0.4064837905236909,0.12350597609561742,-0.0035335689045936647
1970-10-01,545.0,-0.03368794326241131,0.058252427184465994,0.23582766439909286,0.16204690831556512,0.09000000000000008
1970-11-01,570.0,0.04587155963302747,0.010638297872340496,0.26106194690265494,0.1154598825831703,0.1354581673306774
1970-12-01,582.0,0.021052631578947434,0.06788990825688068,0.26247288503253796,0.2124999999999999,0.17813765182186225
1971-01-01,618.0,0.061855670103092786,0.08421052631578951,0.6568364611260054,0.17938931297709915,0.13812154696132595
1971-02-01,618.0,0.0,0.061855670103092786,0.5886889460154241,0.30379746835443044,0.2612244897959184
1971-03-01,681.0,0.10194174757281549,0.10194174757281549,0.5303370786516854,0.5133333333333334,0.35928143712574845
1971-04-01,662.0,-0.027900146842878115,0.07119741100323629,0.4206008583690988,0.48098434004474266,0.5011337868480725
1971-05-01,618.0,-0.06646525679758308,-0.09251101321585908,0.27422680412371125,0.34056399132321036,0.4013605442176871
1971-06-01,646.0,0.0453074433656957,-0.024169184290030232,0.343035343035343,0.4816513761467891,0.31034482758620685
1971-07-01,706.0,0.09287925696594423,0.14239482200647258,0.3708737864077669,0.6729857819905214,0.39250493096646943
1971-08-01,659.0,-0.06657223796033995,0.020123839009287936,0.1684397163120568,0.6641414141414141,0.3153692614770458
1971-09-01,625.0,-0.0515933232169955,-0.11473087818696881,0.14678899082568808,0.5586034912718205,0.2450199203187251
1971-10-01,647.0,0.0351999999999999,-0.018209408194233667,0.1350877192982456,0.4671201814058956,0.3795309168443497
1971-11-01,710.0,0.09737248840803714,0.1359999999999999,0.21993127147766334,0.5707964601769913,0.3894324853228963
1971-12-01,689.0,-0.029577464788732355,0.06491499227202469,0.11488673139158578,0.4945770065075923,0.43541666666666656
1972-01-01,698.0,0.013062409288824295,-0.016901408450704203,0.12944983818770228,0.8713136729222519,0.33206106870229
1972-02-01,711.0,0.018624641833810962,0.03193033381712618,0.044052863436123246,0.8277634961439588,0.5
1972-03-01,640.0,-0.09985935302391002,-0.08309455587392545,-0.033232628398791486,0.4382022471910112,0.4222222222222223
1972-04-01,684.0,0.06875000000000009,-0.03797468354430378,0.10679611650485432,0.46781115879828317,0.5302013422818792
1972-05-01,677.0,-0.010233918128654929,0.057812500000000044,0.04798761609907132,0.39587628865979374,0.4685466377440346
1972-06-01,687.0,0.01477104874446078,0.004385964912280604,-0.026912181303116123,0.4282744282744282,0.5756880733944953
1972-07-01,681.0,-0.008733624454148492,0.005908419497784312,0.03338391502276172,0.3223300970873786,0.613744075829384
1972-08-01,773.0,0.1350954478707782,0.12518195050946135,0.2367999999999999,0.3705673758865249,0.952020202020202
1972-09-01,767.0,-0.0077619663648124115,0.1262848751835537,0.1854714064914993,0.4073394495412843,0.912718204488778
1972-10-01,843.0,0.09908735332464147,0.09055627425614499,0.1873239436619718,0.47894736842105257,0.91156462585034
1972-11-01,735.0,-0.12811387900355875,-0.041720990873533204,0.06676342525399126,0.2628865979381443,0.6261061946902655
1972-12-01,772.0,0.05034013605442178,-0.08422301304863578,0.10601719197707737,0.2491909385113269,0.6746203904555315
1973-01-01,781.0,0.011658031088082943,0.06258503401360538,0.09845288326300983,0.2637540453074434,1.0938337801608577
1973-02-01,737.0,-0.05633802816901412,-0.04533678756476689,0.15156250000000004,0.08223201174743022,0.8946015424164524
1973-03-01,725.0,-0.016282225237449155,-0.07170294494238161,0.059941520467836185,0.095166163141994,0.6292134831460674
1973-04-01,661.0,-0.08827586206896554,-0.10312075983717772,-0.02363367799113736,0.06957928802588986,0.4184549356223175
1973-05-01,660.0,-0.001512859304084735,-0.08965517241379306,-0.0393013100436681,0.021671826625387025,0.3608247422680413
1973-06-01,650.0,-0.015151515151515138,-0.016641452344931973,-0.04552129221732748,-0.07932011331444755,0.3513513513513513
1973-07-01,601.0,-0.07538461538461538,-0.08939393939393936,-0.22250970245795598,-0.08801213960546284,0.16699029126213594
1973-08-01,566.0,-0.05823627287853572,-0.12923076923076926,-0.26205997392438074,-0.09440000000000004,0.0035460992907800915
1973-09-01,561.0,-0.00883392226148405,-0.06655574043261236,-0.3345195729537367,-0.13292117465224107,0.029357798165137616
1973-10-01,565.0,0.007130124777183555,-0.0017667844522968323,-0.23129251700680276,-0.204225352112676,-0.00877192982456143
1973-11-01,547.0,-0.031858407079646045,-0.024955436720142554,-0.2914507772020726,-0.20609579100145137,-0.06013745704467355
1973-12-01,519.0,-0.051188299817184646,-0.0814159292035398,-0.33546734955185664,-0.2564469914040115,-0.1601941747572816
1974-01-01,523.0,0.007707129094412402,-0.04387568555758681,-0.2903663500678426,-0.26441631504922647,-0.15372168284789645
1974-02-01,539.0,0.030592734225621365,0.038535645472061564,-0.25655172413793104,-0.15781250000000002,-0.2085168869309838
1974-03-01,572.0,0.061224489795918435,0.09369024856596564,-0.13464447806354007,-0.16374269005847952,-0.13595166163141992
1974-04-01,544.0,-0.04895104895104896,0.00927643784786647,-0.17575757575757578,-0.19645494830132937,-0.11974110032362462
1974-05-01,590.0,0.08455882352941169,0.03146853146853146,-0.09230769230769231,-0.141193595342067,-0.08668730650154799
1974-06-01,534.0,-0.09491525423728808,-0.018382352941176516,-0.11148086522462564,-0.21585903083700442,-0.24362606232294615
1974-07-01,534.0,0.0,-0.09491525423728808,-0.05653710247349819,-0.3091849935316947,-0.18968133535660092
1974-08-01,492.0,-0.0786516853932584,-0.0786516853932584,-0.12299465240641716,-0.35853976531942633,-0.2128
1974-09-01,511.0,0.03861788617886175,-0.04307116104868913,-0.09557522123893802,-0.3938315539739027,-0.21020092735703244
1974-10-01,448.0,-0.12328767123287676,-0.08943089430894313,-0.18098720292504566,-0.3904761904761904,-0.3690140845070422
1974-11-01,450.0,0.0044642857142858094,-0.11937377690802353,-0.1329479768786127,-0.41709844559585496,-0.3468795355587808
1974-12-01,417.0,-0.07333333333333336,-0.0691964285714286,-0.20267686424474185,-0.4660691421254801,-0.40257879656160456
1975-01-01,416.0,-0.0023980815347721673,-0.0755555555555556,-0.2282003710575139,-0.4355495251017639,-0.4149085794655415
1975-02-01,422.0,0.014423076923076872,0.011990407673860837,-0.2622377622377622,-0.4179310344827586,-0.34062499999999996
1975-03-01,477.0,0.13033175355450233,0.14663461538461542,-0.12316176470588236,-0.27836611195158856,-0.3026315789473685
1975-04-01,543.0,0.1383647798742138,0.2867298578199051,-0.07966101694915251,-0.17727272727272725,-0.19793205317577545
1975-05-01,579.0,0.06629834254143652,0.21383647798742134,0.08426966292134841,-0.10923076923076924,-0.15720524017467252
1975-06-01,557.0,-0.03799654576856648,0.025782688766114115,0.04307116104868913,-0.07321131447587359,-0.1820851688693098
1975-07-01,569.0,0.021543985637342944,-0.01727115716753025,0.1565040650406504,0.005300353356890497,-0.2639068564036222
1975-08-01,566.0,-0.005272407732864637,0.016157989228007263,0.10763209393346385,0.00891265597147961,-0.26205997392438074
1975-09-01,556.0,-0.017667844522968212,-0.02284710017574687,0.2410714285714286,-0.015929203539822967,-0.3404507710557533
1975-10-01,609.0,0.09532374100719432,0.07597173144876335,0.3533333333333333,0.11334552102376594,-0.17142857142857137
1975-11-01,680.0,0.1165845648604269,0.2230215827338129,0.630695443645084,0.3102119460500963,-0.11917098445595853
1975-12-01,669.0,-0.016176470588235348,0.09852216748768483,0.6081730769230769,0.2791586998087954,-0.1434058898847631
1976-01-01,603.0,-0.09865470852017932,-0.1132352941176471,0.4289099526066351,0.11873840445269024,-0.18181818181818177
1976-02-01,644.0,0.06799336650082921,-0.03736920777279518,0.350104821802935,0.12587412587412583,-0.11172413793103453
1976-03-01,591.0,-0.08229813664596275,-0.01990049751243783,0.08839779005524862,0.08639705882352944,-0.10590015128593044
1976-04-01,611.0,0.03384094754653133,-0.05124223602484468,0.05526770293609662,0.035593220338983045,-0.07424242424242422
1976-05-01,570.0,-0.06710310965630117,-0.035532994923857864,0.02333931777378817,0.0674157303370786,-0.12307692307692308
1976-06-01,591.0,0.03684210526315779,-0.032733224222585955,0.03866432337434089,0.10674157303370779,-0.016638935108153063
1976-07-01,664.0,0.12351945854483914,0.16491228070175445,0.17314487632508824,0.34959349593495936,0.17314487632508824
1976-08-01,648.0,-0.02409638554216864,0.09644670050761417,0.16546762589928066,0.2681017612524461,0.15508021390374327
1976-09-01,696.0,0.07407407407407418,0.04819277108433728,0.1428571428571428,0.5535714285714286,0.2318584070796461
1976-10-01,708.0,0.01724137931034475,0.09259259259259256,0.04117647058823537,0.5733333333333333,0.2943327239488116
1976-11-01,735.0,0.03813559322033888,0.056034482758620774,0.09865470852017943,0.7625899280575539,0.4161849710982659
1976-12-01,767.0,0.0435374149659864,0.08333333333333326,0.27197346600331684,0.84375,0.46653919694072665
1977-01-01,825.0,0.0756192959582791,0.12244897959183665,0.28105590062111796,0.9549763033175356,0.5306122448979591
1977-02-01,839.0,0.01696969696969708,0.09387222946544971,0.41962774957698823,0.7589098532494758,0.4667832167832169
1977-03-01,872.0,0.03933253873659126,0.05696969696969689,0.42716857610474634,0.6058931860036831,0.6029411764705883
1977-04-01,799.0,-0.08371559633027525,-0.04767580452920139,0.4017543859649122,0.37996545768566503,0.3542372881355933
1977-05-01,807.0,0.01001251564455563,-0.0745412844036697,0.36548223350253806,0.4488330341113107,0.5112359550561798
1977-06-01,805.0,-0.0024783147459727095,0.007509386733416834,0.21234939759036142,0.414762741652021,0.5074906367041199
1977-07-01,755.0,-0.06211180124223603,-0.06443618339529122,0.1651234567901234,0.33392226148409887,0.5345528455284554
1977-08-01,808.0,0.07019867549668879,0.003726708074534235,0.16091954022988508,0.4532374100719425,0.5812133072407044
1977-09-01,842.0,0.04207920792079212,0.11523178807947021,0.18926553672316393,0.3825944170771758,0.8794642857142858
1977-10-01,819.0,-0.027315914489311144,0.013613861386138515,0.11428571428571432,0.2044117647058823,0.8200000000000001
1977-11-01,829.0,0.012210012210012167,-0.015439429928741144,0.08083441981747064,0.23916292974588949,0.9880095923261392
1977-12-01,835.0,0.007237635705669376,0.019536019536019467,0.0121212121212122,0.38474295190713104,1.0072115384615383
1978-01-01,795.0,-0.04790419161676651,-0.04101326899879376,-0.05244338498212153,0.23447204968944102,0.8838862559241707
1978-02-01,791.0,-0.005031446540880502,-0.05269461077844306,-0.0928899082568807,0.3384094754653131,0.6582809224318658
1978-03-01,814.0,0.029077117572692712,0.023899371069182385,0.018773466833541974,0.33224222585924723,0.49907918968692444
1978-04-01,864.0,0.06142506142506132,0.09228824273072056,0.07063197026022294,0.5157894736842106,0.49222797927461137
1978-05-01,857.0,-0.00810185185185186,0.05282555282555279,0.06459627329192541,0.45008460236886627,0.5385996409335727
1978-06-01,834.0,-0.02683780630105015,-0.03472222222222221,0.10463576158940402,0.25602409638554224,0.4657293497363797
1978-07-01,789.0,-0.0539568345323741,-0.07934655775962662,-0.023514851485148536,0.21759259259259256,0.3939929328621907
1978-08-01,756.0,-0.041825095057034245,-0.09352517985611508,-0.10213776722090262,0.0862068965517242,0.3597122302158273
1978-09-01,812.0,0.07407407407407418,0.0291508238276299,-0.008547008547008517,0.14689265536723162,0.33333333333333326
1978-10-01,872.0,0.07389162561576357,0.1534391534391535,0.05186972255729794,0.1863945578231292,0.2823529411764707
1978-11-01,798.0,-0.08486238532110091,-0.017241379310344862,-0.04431137724550893,0.04041720990873543,0.1928251121076232
1978-12-01,805.0,0.00877192982456143,-0.07683486238532111,0.012578616352201255,-0.024242424242424288,0.3349917081260365
1979-01-01,754.0,-0.06335403726708078,-0.05513784461152882,-0.04677623261694053,-0.10131108462455307,0.170807453416149
1979-02-01,723.0,-0.04111405835543769,-0.1018633540372671,-0.1117936117936118,-0.17087155963302747,0.2233502538071066
1979-03-01,793.0,0.09681881051175667,0.051724137931034475,-0.08217592592592593,-0.007509386733416723,0.2978723404255319
1979-04-01,748.0,-0.05674653215636827,0.03457814661134173,-0.12718786464410736,-0.07311028500619576,0.31228070175438605
1979-05-01,727.0,-0.02807486631016043,-0.08322824716267341,-0.12829736211031173,-0.09689440993788823,0.23011844331641296
1979-06-01,700.0,-0.037138927097661645,-0.06417112299465244,-0.11280101394169839,-0.07284768211920534,0.054216867469879526
1979-07-01,715.0,0.021428571428571352,-0.016506189821182904,-0.05423280423280419,-0.11509900990099009,0.10339506172839497
1979-08-01,729.0,0.019580419580419672,0.04142857142857137,-0.10221674876847286,-0.1342042755344418,0.047413793103448176
1979-09-01,727.0,-0.002743484224965731,0.016783216783216703,-0.16628440366972475,-0.11233211233211238,0.026836158192090398
1979-10-01,670.0,-0.07840440165061902,-0.08093278463648834,-0.16040100250626566,-0.19179734620024125,-0.08843537414965985
1979-11-01,597.0,-0.10895522388059697,-0.17881705639614853,-0.25838509316770186,-0.28502994011976046,-0.22164276401564542
1979-12-01,559.0,-0.06365159128978226,-0.16567164179104477,-0.2586206896551724,-0.29685534591194973,-0.3224242424242424
1980-01-01,592.0,0.05903398926654746,-0.008375209380234505,-0.18118948824343017,-0.2515802781289507,-0.2943980929678188
1980-02-01,541.0,-0.08614864864864868,-0.03220035778175312,-0.317780580075662,-0.3353808353808354,-0.3795871559633027
1980-03-01,474.0,-0.12384473197781887,-0.19932432432432434,-0.3663101604278075,-0.45138888888888884,-0.4067584480600751
1980-04-01,370.0,-0.21940928270042193,-0.31608133086876156,-0.4910591471801926,-0.5682613768961493,-0.5415117719950433
1980-05-01,469.0,0.2675675675675675,-0.010548523206751037,-0.32999999999999996,-0.4376498800959233,-0.4173913043478261
1980-06-01,552.0,0.1769722814498933,0.491891891891892,-0.22797202797202798,-0.30038022813688214,-0.2688741721854304
1980-07-01,636.0,0.15217391304347827,0.35607675906183367,-0.12757201646090532,-0.15873015873015872,-0.21287128712871284
1980-08-01,659.0,0.036163522012578664,0.193840579710145,-0.09353507565337005,-0.18842364532019706,-0.21733966745843225
1980-09-01,596.0,-0.09559939301972686,-0.06289308176100628,-0.11044776119402988,-0.3165137614678899,-0.2722832722832723
1980-10-01,561.0,-0.0587248322147651,-0.14871016691957506,-0.06030150753768848,-0.2969924812030075,-0.32328106151990355
1980-11-01,562.0,0.0017825311942958333,-0.057046979865771785,0.005366726296958779,-0.30186335403726705,-0.3269461077844311
1980-12-01,532.0,-0.053380782918149516,-0.05169340463458105,-0.10135135135135132,-0.29442970822281167,-0.3308176100628931
1981-01-01,511.0,-0.03947368421052633,-0.09074733096085408,-0.055452865064695045,-0.293222683264177,-0.35398230088495575
1981-02-01,510.0,-0.00195694716242667,-0.041353383458646586,0.07594936708860756,-0.3568726355611601,-0.37346437346437344
1981-03-01,514.0,0.007843137254901933,0.005870841487279899,0.3891891891891892,-0.3128342245989305,-0.40509259259259256
1981-04-01,470.0,-0.08560311284046696,-0.07843137254901966,0.002132196162046851,-0.35350756533700134,-0.45157526254375724
1981-05-01,467.0,-0.006382978723404209,-0.09143968871595332,-0.15398550724637683,-0.33285714285714285,-0.4400479616306955
1981-06-01,415.0,-0.11134903640256955,-0.11702127659574468,-0.3474842767295597,-0.4195804195804196,-0.4740177439797212
1981-07-01,431.0,0.03855421686746996,-0.0770877944325482,-0.34597875569044,-0.40877914951989025,-0.4298941798941799
1981-08-01,378.0,-0.12296983758700697,-0.08915662650602407,-0.3657718120805369,-0.4800550206327373,-0.5344827586206897
1981-09-01,338.0,-0.10582010582010581,-0.21577726218097448,-0.3975044563279857,-0.4955223880597015,-0.6123853211009174
1981-10-01,356.0,0.053254437869822535,-0.05820105820105825,-0.3665480427046264,-0.4036850921273032,-0.5538847117794486
1981-11-01,382.0,0.0730337078651686,0.1301775147928994,-0.28195488721804507,-0.3166368515205724,-0.5254658385093167
1981-12-01,457.0,0.19633507853403143,0.2837078651685394,-0.10567514677103718,-0.22804054054054057,-0.3938992042440318
1982-01-01,368.0,-0.19474835886214437,-0.03664921465968585,-0.2784313725490196,-0.31977818853974127,-0.4910096818810512
1982-02-01,365.0,-0.008152173913043459,-0.20131291028446385,-0.28988326848249024,-0.22995780590717296,-0.5397225725094578
1982-03-01,374.0,0.024657534246575352,0.016304347826086918,-0.20425531914893613,0.0108108108108107,-0.5
1982-04-01,339.0,-0.0935828877005348,-0.07123287671232881,-0.27408993576017127,-0.2771855010660981,-0.5337001375515819
1982-05-01,384.0,0.1327433628318584,0.02673796791443861,-0.07469879518072287,-0.30434782608695654,-0.4514285714285714
1982-06-01,370.0,-0.03645833333333337,0.09144542772861364,-0.14153132250580047,-0.41823899371069184,-0.4825174825174825
1982-07-01,375.0,0.013513513513513598,-0.0234375,-0.007936507936507908,-0.43095599393019723,-0.48559670781893005
1982-08-01,407.0,0.08533333333333326,0.10000000000000009,0.20414201183431957,-0.31711409395973156,-0.4401650618982118
1982-09-01,481.0,0.18181818181818188,0.2826666666666666,0.351123595505618,-0.142602495543672,-0.28208955223880594
1982-10-01,480.0,-0.0020790020790020236,0.17936117936117935,0.25654450261780104,-0.14590747330960852,-0.1959798994974874
1982-11-01,554.0,0.15416666666666656,0.15176715176715172,0.21225382932166292,0.041353383458646586,-0.008944543828264706
1982-12-01,521.0,-0.05956678700361007,0.0854166666666667,0.4157608695652173,0.019569471624266255,-0.11993243243243246
1983-01-01,582.0,0.11708253358925136,0.05054151624548742,0.5945205479452054,0.14117647058823524,0.07578558225508325
1983-02-01,562.0,-0.03436426116838487,0.07869481765834929,0.5026737967914439,0.09338521400778199,0.18565400843881852
1983-03-01,596.0,0.06049822064056931,0.02405498281786933,0.7581120943952802,0.2680851063829788,0.6108108108108108
1983-04-01,638.0,0.07046979865771807,0.13523131672597866,0.6614583333333333,0.36616702355460395,0.3603411513859276
1983-05-01,664.0,0.040752351097178785,0.11409395973154357,0.7945945945945947,0.6000000000000001,0.2028985507246377
1983-06-01,651.0,-0.01957831325301207,0.020376175548589393,0.736,0.5104408352668213,0.02358490566037741
1983-07-01,606.0,-0.06912442396313367,-0.08734939759036142,0.48894348894348894,0.6031746031746033,-0.08042488619119881
1983-08-01,572.0,-0.05610561056105612,-0.12135176651305679,0.18918918918918926,0.6923076923076923,-0.04026845637583898
1983-09-01,608.0,0.06293706293706292,0.0033003300330032292,0.2666666666666666,0.7078651685393258,0.08377896613190727
1983-10-01,632.0,0.03947368421052633,0.10489510489510478,0.1407942238267148,0.6544502617801047,0.12455516014234869
1983-11-01,644.0,0.018987341772152,0.05921052631578938,0.23608445297504788,0.4091903719912473,0.21052631578947367
1983-12-01,773.0,0.2003105590062111,0.2231012658227849,0.32817869415807555,1.1005434782608696,0.5127201565557731
1984-01-01,691.0,-0.1060802069857697,0.07298136645962727,0.2295373665480427,0.893150684931507,0.3549019607843138
1984-02-01,696.0,0.00723589001447178,-0.09961190168175937,0.16778523489932895,0.8609625668449199,0.35408560311284054
1984-03-01,641.0,-0.07902298850574707,-0.0723589001447178,0.004702194357366851,0.8908554572271385,0.3638297872340426
1984-04-01,639.0,-0.0031201248049922414,-0.0818965517241379,-0.03765060240963858,0.6640625,0.3683083511777301
1984-05-01,615.0,-0.03755868544600938,-0.040561622464898583,-0.055299539170506895,0.6621621621621621,0.4819277108433735
1984-06-01,630.0,0.024390243902439046,-0.014084507042253502,0.03960396039603964,0.6799999999999999,0.4617169373549883
1984-07-01,619.0,-0.01746031746031751,0.006504065040650486,0.08216783216783208,0.520884520884521,0.6375661375661377
1984-08-01,567.0,-0.08400646203554119,-0.09999999999999998,-0.06743421052631582,0.1787941787941787,0.6775147928994083
1984-09-01,662.0,0.16754850088183426,0.06946688206785145,0.04746835443037978,0.37916666666666665,0.8595505617977528
1984-10-01,687.0,0.03776435045317217,0.21164021164021163,0.06677018633540377,0.24007220216606506,0.7984293193717278
1984-11-01,597.0,-0.13100436681222705,-0.09818731117824775,-0.22768434670116433,0.14587332053742808,0.30634573304157553
1984-12-01,597.0,0.0,-0.13100436681222705,-0.13603473227206941,0.025773195876288568,0.6222826086956521
1985-01-01,645.0,0.08040201005025116,0.08040201005025116,-0.07327586206896552,0.14768683274021344,0.7671232876712328
1985-02-01,682.0,0.05736434108527133,0.1423785594639866,0.06396255850234,0.14429530201342278,0.8235294117647058
1985-03-01,671.0,-0.016129032258064502,0.04031007751937987,0.05007824726134591,0.051724137931034475,0.9793510324483776
1985-04-01,620.0,-0.07600596125186287,-0.09090909090909094,0.008130081300812941,-0.0662650602409639,0.6145833333333333
1985-05-01,678.0,0.09354838709677415,0.010432190760059523,0.07619047619047614,0.041474654377880116,0.8324324324324324
1985-06-01,722.0,0.06489675516224191,0.1645161290322581,0.16639741518578344,0.19141914191419152,0.9253333333333333
1985-07-01,766.0,0.06094182825484773,0.12979351032448383,0.35097001763668434,0.33916083916083917,0.882063882063882
1985-08-01,726.0,-0.052219321148825104,0.005540166204986097,0.09667673716012093,0.19407894736842102,0.5093555093555093
1985-09-01,678.0,-0.06611570247933884,-0.11488250652741516,-0.013100436681222738,0.07278481012658222,0.4125000000000001
1985-10-01,655.0,-0.03392330383480824,-0.09779614325068875,0.09715242881072017,0.017080745341614856,0.18231046931407935
1985-11-01,733.0,0.11908396946564892,0.08112094395280245,0.22780569514237858,-0.05174644243208282,0.40690978886756235
1985-12-01,721.0,-0.016371077762619368,0.10076335877862586,0.11782945736434103,0.04341534008683068,0.23883161512027495
1986-01-01,733.0,0.01664355062413314,0.0,0.07478005865102633,0.053160919540229834,0.30427046263345203
1986-02-01,728.0,-0.006821282401091366,0.009708737864077666,0.08494783904619974,0.13572542901716078,0.2214765100671141
1986-03-01,880.0,0.20879120879120872,0.20054570259208737,0.4193548387096775,0.37715179968701085,0.3793103448275863
1986-04-01,857.0,-0.026136363636363624,0.17719780219780223,0.2640117994100295,0.39349593495934965,0.2906626506024097
1986-05-01,789.0,-0.07934655775962662,-0.1034090909090909,0.0927977839335179,0.2523809523809524,0.21198156682027647
1986-06-01,728.0,-0.07731305449936632,-0.1505250875145857,-0.04960835509138384,0.1760904684975768,0.20132013201320142
1986-07-01,698.0,-0.04120879120879117,-0.11533586818757924,-0.038567493112947604,0.23104056437389775,0.2202797202797202
1986-08-01,621.0,-0.11031518624641834,-0.146978021978022,-0.08407079646017701,-0.0619335347432024,0.021381578947368363
1986-09-01,763.0,0.2286634460547503,0.09312320916905437,0.16488549618320603,0.11062590975254727,0.20727848101265822
1986-10-01,669.0,-0.1231979030144168,0.07729468599033806,-0.08731241473397,0.12060301507537696,0.03881987577639756
1986-11-01,707.0,0.05680119581464882,-0.07339449541284404,-0.01941747572815533,0.1842546063651591,-0.08538163001293664
1986-12-01,784.0,0.10891089108910901,0.1718983557548579,0.06957708049113243,0.21550387596899223,0.134587554269175
1987-01-01,709.0,-0.09566326530612246,0.0028288543140029265,-0.026098901098901117,0.03958944281524923,0.018678160919540332
1987-02-01,732.0,0.03244005641748937,-0.06632653061224492,-0.1681818181818182,0.09090909090909083,0.14196567862714504
1987-03-01,713.0,-0.025956284153005438,0.005641748942172065,-0.1680280046674446,0.1499999999999999,0.11580594679186218
1987-04-01,735.0,0.030855539971949453,0.004098360655737654,-0.0684410646387833,0.08407079646017701,0.19512195121951215
1987-05-01,651.0,-0.11428571428571432,-0.08695652173913049,-0.10576923076923073,-0.0983379501385041,0.03333333333333344
1987-06-01,637.0,-0.021505376344086002,-0.1333333333333333,-0.08739255014326652,-0.16840731070496084,0.029079159935379684
1987-07-01,658.0,0.03296703296703307,0.010752688172043001,0.05958132045088571,-0.09366391184572997,0.16049382716049387
1987-08-01,657.0,-0.001519756838905817,0.031397174254317095,-0.13892529488859762,-0.030973451327433676,-0.007552870090634434
1987-09-01,666.0,0.013698630136986356,0.012158054711246091,-0.004484304932735439,0.016793893129771087,-0.03056768558951961
1987-10-01,650.0,-0.024024024024024038,-0.010654490106544956,-0.08062234794908063,-0.11323328785811737,0.08877721943048567
1987-11-01,625.0,-0.038461538461538436,-0.06156156156156156,-0.20280612244897955,-0.13314840499306524,0.04690117252931314
1987-12-01,595.0,-0.04800000000000004,-0.08461538461538465,-0.16078984485190406,-0.18826739427012273,-0.07751937984496127
1988-01-01,585.0,-0.01680672268907568,-0.06399999999999995,-0.2008196721311475,-0.1964285714285714,-0.14222873900293254
1988-02-01,663.0,0.1333333333333333,0.11428571428571432,-0.07012622720897621,-0.24659090909090908,-0.011922503725782407
1988-03-01,669.0,0.009049773755656076,0.14358974358974352,-0.0897959183673469,-0.21936989498249704,0.07903225806451619
1988-04-01,699.0,0.04484304932735417,0.05429864253393668,0.07373271889400912,-0.11406844106463876,0.030973451327433565
1988-05-01,684.0,-0.02145922746781115,0.022421524663677195,0.07378335949764514,-0.06043956043956045,-0.052631578947368474
1988-06-01,717.0,0.04824561403508776,0.025751072961373467,0.08966565349544076,0.027220630372492893,-0.06396866840731075
1988-07-01,679.0,-0.05299860529986056,-0.007309941520467822,0.03348554033485551,0.09339774557165859,-0.06473829201101933
1988-08-01,688.0,0.013254786450662692,-0.040446304044630454,0.033033033033033066,-0.09829619921363042,0.014749262536873253
1988-09-01,703.0,0.021802325581395277,0.0353460972017674,0.08153846153846156,0.05082212257100149,0.07328244274809159
1988-10-01,718.0,0.021337126600284417,0.043604651162790775,0.14880000000000004,0.01555869872701554,-0.02046384720327421
1988-11-01,628.0,-0.12534818941504178,-0.10668563300142242,0.055462184873949605,-0.19897959183673475,-0.12898751733703195
1988-12-01,658.0,0.047770700636942776,-0.08356545961002781,0.12478632478632479,-0.07193229901269393,-0.10231923601637105
1989-01-01,719.0,0.09270516717325239,0.14490445859872603,0.08446455505279027,-0.01775956284153002,-0.012362637362637319
1989-02-01,622.0,-0.13490959666203062,-0.054711246200607855,-0.07025411061285503,-0.12762973352033657,-0.2931818181818182
1989-03-01,567.0,-0.08842443729903537,-0.21140472878998606,-0.18884120171673824,-0.22857142857142854,-0.338389731621937
1989-04-01,608.0,0.07231040564373892,-0.022508038585209,-0.11111111111111116,-0.0660522273425499,-0.229404309252218
1989-05-01,656.0,0.07894736842105265,0.15696649029982357,-0.0850767085076709,0.02982731554160134,-0.09890109890109888
1989-06-01,642.0,-0.021341463414634165,0.05592105263157898,-0.05449189985272462,-0.024316109422492405,-0.08022922636103147
1989-07-01,731.0,0.13862928348909653,0.11432926829268286,0.0625,0.11263318112633192,0.17713365539452486
1989-08-01,697.0,-0.046511627906976716,0.08566978193146424,-0.008534850640113834,0.04654654654654644,-0.08650065530799478
1989-09-01,639.0,-0.08321377331420376,-0.12585499316005477,-0.11002785515320335,-0.01692307692307693,-0.04484304932735428
1989-10-01,645.0,0.009389671361502261,-0.07460545193687229,0.027070063694267565,0.03200000000000003,-0.08769448373408772
1989-11-01,684.0,0.0604651162790697,0.07042253521126751,0.03951367781155013,0.14957983193277302,-0.12755102040816324
1989-12-01,630.0,-0.07894736842105265,-0.023255813953488413,-0.12378303198887342,0.07692307692307687,-0.1114245416078985
1990-01-01,620.0,-0.015873015873015928,-0.0935672514619883,-0.003215434083601254,-0.06485671191553544,-0.15300546448087426
1990-02-01,591.0,-0.04677419354838708,-0.06190476190476191,0.042328042328042326,-0.11659192825112108,-0.17110799438990187
1990-03-01,574.0,-0.02876480541455162,-0.0741935483870968,-0.05592105263157898,-0.178826895565093,-0.21904761904761905
1990-04-01,542.0,-0.05574912891986061,-0.08291032148900168,-0.1737804878048781,-0.20760233918128657,-0.16743471582181257
1990-05-01,534.0,-0.014760147601476037,-0.06968641114982577,-0.16822429906542058,-0.2552301255230126,-0.16169544740973307
1990-06-01,545.0,0.020599250936329527,0.005535055350553542,-0.2544459644322845,-0.19734904270986742,-0.17173252279635254
1990-07-01,542.0,-0.0055045871559632475,0.014981273408239737,-0.22238163558106172,-0.21220930232558144,-0.17503805175038056
1990-08-01,528.0,-0.02583025830258301,-0.031192660550458662,-0.17370892018779338,-0.24893314366998576,-0.2072072072072072
1990-09-01,496.0,-0.06060606060606055,-0.08487084870848705,-0.2310077519379845,-0.30919220055710306,-0.2369230769230769
1990-10-01,465.0,-0.0625,-0.11931818181818177,-0.3201754385964912,-0.25955414012738853,-0.256
1990-11-01,493.0,0.06021505376344094,-0.006048387096774244,-0.21746031746031746,-0.2507598784194529,-0.17142857142857137
1990-12-01,464.0,-0.05882352941176472,-0.0021505376344086446,-0.25161290322580643,-0.3546592489568846,-0.20683760683760688
1991-01-01,401.0,-0.13577586206896552,-0.18661257606490878,-0.3214890016920474,-0.3553054662379421,-0.39517345399698345
1991-02-01,482.0,0.2019950124688279,0.0387931034482758,-0.16027874564459932,-0.1499118165784833,-0.2795216741405082
1991-03-01,507.0,0.051867219917012486,0.2643391521197007,-0.06457564575645758,-0.16611842105263153,-0.27467811158798283
1991-04-01,508.0,0.0019723865877712132,0.053941908713692976,-0.048689138576779034,-0.22560975609756095,-0.2573099415204678
1991-05-01,517.0,0.017716535433070835,0.019723865877712132,-0.05137614678899083,-0.19470404984423673,-0.27894002789400274
1991-06-01,516.0,-0.0019342359767892114,0.015748031496062964,-0.047970479704797064,-0.2941176470588235,-0.24005891016200298
1991-07-01,511.0,-0.009689922480620172,-0.011605415860735047,-0.032196969696969724,-0.266857962697274,-0.25726744186046513
1991-08-01,526.0,0.02935420743639927,0.019379844961240345,0.06048387096774199,-0.17683881064162754,-0.25177809388335703
1991-09-01,487.0,-0.07414448669201523,-0.046966731898238745,0.047311827956989294,-0.2449612403100775,-0.32172701949860727
1991-10-01,524.0,0.07597535934291577,-0.0038022813688213253,0.06288032454361048,-0.23391812865497075,-0.16560509554140124
1991-11-01,575.0,0.09732824427480913,0.1806981519507187,0.23922413793103448,-0.08730158730158732,-0.12613981762917936
1991-12-01,558.0,-0.029565217391304355,0.06488549618320616,0.3915211970074812,-0.09999999999999998,-0.2239221140472879
1992-01-01,676.0,0.21146953405017932,0.17565217391304344,0.4024896265560165,0.143824027072758,0.08681672025723475
1992-02-01,639.0,-0.05473372781065089,0.14516129032258074,0.2603550295857988,0.11324041811846697,0.12698412698412698
1992-03-01,553.0,-0.13458528951486703,-0.18195266272189348,0.0885826771653544,0.02029520295202958,-0.09046052631578949
1992-04-01,546.0,-0.012658227848101222,-0.14553990610328638,0.05609284332688591,0.022471910112359605,-0.16768292682926833
1992-05-01,554.0,0.0146520146520146,0.001808318264014508,0.07364341085271309,0.016513761467889854,-0.1370716510903427
1992-06-01,596.0,0.07581227436823101,0.09157509157509147,0.16634050880626217,0.09963099630996308,-0.18467852257181938
1992-07-01,627.0,0.052013422818791843,0.13176895306859215,0.1920152091254752,0.1875,-0.1004304160688666
1992-08-01,636.0,0.014354066985645897,0.06711409395973145,0.30595482546201236,0.282258064516129,-0.0046948356807511304
1992-09-01,650.0,0.022012578616352307,0.03668261562998398,0.24045801526717558,0.3978494623655915,0.007751937984496138
1992-10-01,621.0,-0.04461538461538461,-0.02358490566037741,0.08000000000000007,0.25963488843813387,-0.09210526315789469
1992-11-01,614.0,-0.011272141706924366,-0.055384615384615365,0.10035842293906816,0.3232758620689655,-0.025396825396825418
1992-12-01,650.0,0.05863192182410426,0.04669887278582929,-0.038461538461538436,0.6209476309226933,0.048387096774193505
1993-01-01,596.0,-0.08307692307692305,-0.02931596091205213,-0.06729264475743346,0.2365145228215768,0.008460236886632888
1993-02-01,604.0,0.01342281879194629,-0.0707692307692308,0.0922242314647379,0.1913214990138068,0.05226480836236935
1993-03-01,602.0,-0.0033112582781457123,0.010067114093959662,0.10256410256410264,0.18503937007874005,0.11070110701107017
1993-04-01,701.0,0.16445182724252483,0.16059602649006632,0.26534296028880866,0.3558994197292069,0.31273408239700373
1993-05-01,626.0,-0.10699001426533528,0.039867109634551534,0.05033557046979875,0.21317829457364335,0.14862385321100913
1993-06-01,653.0,0.04313099041533541,-0.0684736091298146,0.04146730462519943,0.27788649706457935,0.2047970479704797
1993-07-01,655.0,0.003062787136294043,0.0463258785942493,0.029874213836478036,0.24524714828897332,0.24053030303030298
1993-08-01,645.0,-0.01526717557251911,-0.01225114854517606,-0.007692307692307665,0.32443531827515404,0.3004032258064515
1993-09-01,726.0,0.12558139534883717,0.10839694656488552,0.16908212560386482,0.3854961832061068,0.5612903225806452
1993-10-01,704.0,-0.030303030303030276,0.09147286821705425,0.14657980456026065,0.22434782608695647,0.4279918864097363
1993-11-01,769.0,0.09232954545454541,0.059228650137741035,0.18307692307692314,0.37813620071684584,0.6573275862068966
1993-12-01,812.0,0.0559167750325098,0.15340909090909083,0.36241610738255026,0.20118343195266264,1.0249376558603491
1994-01-01,619.0,-0.23768472906403937,-0.1950585175552666,0.024834437086092676,-0.031298904538341166,0.2842323651452283
1994-02-01,686.0,0.10823909531502429,-0.15517241379310343,0.13953488372093026,0.240506329113924,0.3530571992110454
1994-03-01,747.0,0.08892128279883371,0.2067851373182552,0.06562054208273893,0.36813186813186816,0.47047244094488194
1994-04-01,692.0,-0.07362784471218209,0.008746355685131268,0.10543130990415328,0.2490974729241877,0.33849129593810434
1994-05-01,691.0,-0.0014450867052022698,-0.07496653279785814,0.05819295558958659,0.15939597315436238,0.33914728682170536
1994-06-01,621.0,-0.10130246020260492,-0.10260115606936415,-0.051908396946564905,-0.009569377990430672,0.2152641878669277
1994-07-01,628.0,0.011272141706924366,-0.09117221418234445,-0.02635658914728678,-0.012578616352201255,0.19391634980988592
1994-08-01,656.0,0.04458598726114649,0.056360708534621606,-0.09641873278236912,0.009230769230769154,0.3470225872689938
1994-09-01,677.0,0.03201219512195119,0.07802547770700641,-0.03835227272727271,0.09017713365539448,0.2919847328244274
1994-10-01,715.0,0.056129985228951185,0.08993902439024382,-0.070221066319896,0.16449511400651473,0.24347826086956514
1994-11-01,646.0,-0.09650349650349654,-0.04579025110782864,-0.20443349753694584,-0.006153846153846176,0.1577060931899641
1994-12-01,629.0,-0.02631578947368418,-0.12027972027972023,0.016155088852988664,0.05536912751677847,-0.06952662721893488
1995-01-01,626.0,-0.004769475357710662,-0.03095975232198145,-0.08746355685131191,0.036423841059602724,-0.020344287949921713
1995-02-01,559.0,-0.10702875399361023,-0.11128775834658189,-0.25167336010709507,-0.0714285714285714,0.010849909584086825
1995-03-01,616.0,0.10196779964221814,-0.015974440894568676,-0.10982658959537572,-0.12125534950071326,0.1282051282051282
1995-04-01,621.0,0.008116883116883189,0.11091234347048307,-0.10130246020260492,-0.007987220447284393,0.12093862815884471
1995-05-01,674.0,0.08534621578099832,0.0941558441558441,0.08534621578099832,0.03215926493108734,0.1308724832214765
1995-06-01,725.0,0.07566765578635004,0.16747181964573277,0.15445859872611467,0.10687022900763354,0.15629984051036683
1995-07-01,765.0,0.05517241379310356,0.13501483679525217,0.16615853658536595,0.18604651162790709,0.20283018867924518
1995-08-01,701.0,-0.08366013071895428,-0.03310344827586209,0.03545051698670609,-0.03443526170798894,0.07846153846153836
1995-09-01,678.0,-0.032810271041369465,-0.11372549019607847,-0.051748251748251706,-0.03693181818181823,0.09178743961352653
1995-10-01,696.0,0.026548672566371723,-0.007132667617689048,0.07739938080495357,-0.09492847854356312,0.1335504885993486
1995-11-01,664.0,-0.04597701149425293,-0.020648967551622377,0.055643879173290944,-0.18226600985221675,0.021538461538461506
1995-12-01,709.0,0.06777108433734935,0.018678160919540332,0.13258785942492013,0.1453957996768982,0.1895973154362416
1996-01-01,714.0,0.007052186177715081,0.07530120481927716,0.27728085867620744,0.04081632653061229,0.18211920529801318
1996-02-01,769.0,0.07703081232492992,0.08462623413258119,0.24837662337662336,0.029451137884872747,0.27740863787375414
1996-03-01,721.0,-0.062418725617685356,0.009803921568627416,0.16103059581320456,0.041907514450867156,0.02853067047075597
1996-04-01,736.0,0.020804438280166426,-0.042912873862158696,0.09198813056379818,0.06512301013024602,0.17571884984025554
1996-05-01,746.0,0.013586956521739024,0.03467406380027738,0.028965517241379413,0.20128824476650564,0.14241960183767222
1996-06-01,721.0,-0.03351206434316356,-0.020380434782608647,-0.05751633986928106,0.14808917197452232,0.10076335877862586
1996-07-01,770.0,0.06796116504854366,0.03217158176943702,0.09843081312410851,0.1737804878048781,0.193798449612403
1996-08-01,826.0,0.07272727272727275,0.14563106796116498,0.21828908554572268,0.22008862629246684,0.13774104683195598
1996-09-01,770.0,-0.06779661016949157,0.0,0.10632183908045967,0.07692307692307687,0.09375
1996-10-01,720.0,-0.06493506493506496,-0.12832929782082325,0.0843373493975903,0.11455108359133126,-0.06371911573472044
1996-11-01,771.0,0.0708333333333333,0.0012987012987013546,0.08744710860366722,0.22575516693163755,-0.05049261083743839
1996-12-01,805.0,0.044098573281452724,0.11805555555555558,0.12745098039215685,0.28594249201277955,0.30048465266558977
1997-01-01,830.0,0.03105590062111796,0.0765239948119325,0.07932379713914184,0.48479427549194987,0.20991253644314867
1997-02-01,801.0,-0.034939759036144546,-0.004968944099378869,0.1109570041608876,0.3003246753246753,0.07228915662650603
1997-03-01,831.0,0.03745318352059934,0.00120481927710836,0.12907608695652173,0.3381642512077294,0.2008670520231215
1997-04-01,744.0,-0.10469314079422387,-0.07116104868913853,-0.002680965147453085,0.10385756676557856,0.07670043415340078
1997-05-01,760.0,0.021505376344086002,-0.085439229843562,0.05409153952843271,0.048275862068965614,0.22383252818035437
1997-06-01,793.0,0.04342105263157903,0.0658602150537635,0.029870129870129825,0.036601307189542576,0.2627388535031847
1997-07-01,805.0,0.015132408575031508,0.05921052631578938,-0.025423728813559365,0.14835948644793162,0.22713414634146334
1997-08-01,815.0,0.012422360248447228,0.027742749054224358,0.05844155844155852,0.20206489675516215,0.20384047267355987
1997-09-01,840.0,0.030674846625766916,0.04347826086956519,0.16666666666666674,0.2068965517241379,0.1748251748251748
1997-10-01,800.0,-0.04761904761904767,-0.018404907975460127,0.03761348897535677,0.20481927710843384,0.23839009287925705
1997-11-01,864.0,0.08000000000000007,0.02857142857142847,0.0732919254658384,0.21861777150916795,0.37360890302066774
1997-12-01,793.0,-0.08217592592592593,-0.008750000000000036,-0.04457831325301209,0.11064425770308128,0.2667731629392971
1998-01-01,872.0,0.09962168978562413,0.0092592592592593,0.08863920099875156,0.13394018205461644,0.5599284436493739
1998-02-01,866.0,-0.006880733944954143,0.09205548549810838,0.042117930204572884,0.2011095700416088,0.4058441558441559
1998-03-01,836.0,-0.034642032332563466,-0.041284403669724745,0.12365591397849451,0.13586956521739135,0.3462157809983897
1998-04-01,866.0,0.03588516746411474,0.0,0.13947368421052642,0.1608579088471851,0.28486646884273004
1998-05-01,887.0,0.024249422632794504,0.06100478468899517,0.11853720050441363,0.23023578363384178,0.22344827586206906
1998-06-01,923.0,0.040586245772266105,0.06581986143187057,0.14658385093167703,0.1987012987012986,0.20653594771241823
1998-07-01,876.0,-0.050920910075839654,-0.012401352874859106,0.07484662576687118,0.060532687651331685,0.24964336661911557
1998-08-01,846.0,-0.03424657534246578,-0.08342361863488623,0.0071428571428571175,0.09870129870129873,0.24778761061946897
1998-09-01,864.0,0.02127659574468077,-0.013698630136986356,0.08000000000000007,0.19999999999999996,0.24137931034482762
1998-10-01,893.0,0.03356481481481488,0.05555555555555558,0.03356481481481488,0.158236057068742,0.3448795180722892
1998-11-01,995.0,0.1142217245240762,0.15162037037037046,0.25472887767969743,0.2360248447204969,0.4033850493653033
1998-12-01,949.0,-0.04623115577889447,0.06270996640537518,0.08830275229357798,0.1433734939759037,0.32913165266106437
1999-01-01,875.0,-0.07797681770284515,-0.12060301507537685,0.010392609699769073,0.09238451935081149,0.13784135240572182
1999-02-01,848.0,-0.030857142857142805,-0.10642781875658591,0.014354066985645897,0.020457280385078214,0.17614424410540908
1999-03-01,863.0,0.017688679245283057,-0.013714285714285679,-0.0034642032332563577,0.15994623655913975,0.17255434782608692
1999-04-01,918.0,0.06373117033603704,0.08254716981132071,0.03494926719278468,0.20789473684210535,0.23056300268096508
1999-05-01,888.0,-0.0326797385620915,0.028968713789107703,-0.037919826652221045,0.11979823455233296,0.23162274618585288
1999-06-01,923.0,0.0394144144144144,0.005446623093681824,0.053652968036529636,0.14658385093167703,0.1987012987012986
1999-07-01,900.0,-0.024918743228602436,0.013513513513513598,0.06382978723404253,0.10429447852760743,0.08958837772397099
1999-08-01,893.0,-0.007777777777777772,-0.03250270855904658,0.03356481481481488,0.0630952380952381,0.15974025974025974
1999-09-01,826.0,-0.0750279955207167,-0.0822222222222222,-0.0750279955207167,0.03249999999999997,0.14722222222222214
1999-10-01,872.0,0.0556900726392251,-0.023516237402015694,-0.12361809045226135,0.0092592592592593,0.13099870298313876
1999-11-01,863.0,-0.010321100917431214,0.044794188861985385,-0.09062170706006323,0.08827238335435061,0.07204968944099388
1999-12-01,873.0,0.011587485515643037,0.0011467889908256534,-0.0022857142857143353,0.0011467889908256534,0.051807228915662584
2000-01-01,873.0,0.0,0.011587485515643037,0.02948113207547176,0.008083140877598094,0.0898876404494382
2000-02-01,856.0,-0.019473081328751474,-0.019473081328751474,-0.008111239860950192,0.02392344497607657,0.030084235860409203
2000-03-01,900.0,0.051401869158878455,0.030927835051546282,-0.019607843137254943,0.03926096997690531,0.20967741935483875
2000-04-01,841.0,-0.06555555555555559,-0.017523364485981352,-0.05292792792792789,-0.05186020293122884,0.1065789473684211
2000-05-01,857.0,0.019024970273483932,-0.04777777777777781,-0.07150595882990252,-0.07150595882990252,0.08070617906683486
2000-06-01,793.0,-0.07467911318553089,-0.057074910820451796,-0.11888888888888893,-0.0947488584474886,-0.014906832298136607
2000-07-01,887.0,0.11853720050441363,0.035005834305717576,-0.006718924972004436,0.048463356973995175,0.08834355828220852
2000-08-01,848.0,-0.04396843291995489,0.06935687263556112,0.026634382566586012,-0.01851851851851849,0.00952380952380949
2000-09-01,912.0,0.07547169811320753,0.028184892897406888,0.04587155963302747,0.02127659574468077,0.1399999999999999
2000-10-01,933.0,0.023026315789473673,0.10023584905660377,0.0811123986095017,-0.062311557788944705,0.07986111111111116
2000-11-01,880.0,-0.05680600214362275,-0.03508771929824561,0.008018327605956443,-0.07270811380400422,0.10970996216897855
2000-12-01,983.0,0.11704545454545445,0.05359056806002149,0.12600229095074456,0.12342857142857144,0.1272935779816513
2001-01-01,936.0,-0.047812817904374416,0.06363636363636371,0.09345794392523366,0.10377358490566047,0.0808314087759816
2001-02-01,963.0,0.028846153846153744,-0.020345879959308255,0.07000000000000006,0.11587485515643103,0.15191387559808622
2001-03-01,939.0,-0.024922118380062308,0.0032051282051281937,0.11652794292508917,0.02287581699346397,0.08429561200923796
2001-04-01,909.0,-0.03194888178913735,-0.05607476635514019,0.0606767794632439,0.023648648648648685,0.024802705749718212
2001-05-01,885.0,-0.02640264026402639,-0.057507987220447254,0.11601513240857497,-0.041170097508125725,-0.041170097508125725
2001-06-01,882.0,-0.003389830508474523,-0.02970297029702973,-0.005636978579481422,-0.020000000000000018,0.006849315068493178
2001-07-01,880.0,-0.0022675736961451642,-0.005649717514124242,0.037735849056603765,-0.014557670772676334,0.04018912529550822
2001-08-01,866.0,-0.015909090909090873,-0.01814058956916098,-0.05043859649122806,0.04842615012106544,0.0023148148148148806
2001-09-01,853.0,-0.01501154734411081,-0.030681818181818143,-0.08574490889603426,-0.02178899082568808,-0.044792833146696576
2001-10-01,871.0,0.021101992966002348,0.005773672055427337,-0.010227272727272751,0.009269988412514474,-0.12462311557788941
2001-11-01,924.0,0.06084959816303104,0.08323563892145369,-0.0600203458799593,0.05841924398625431,-0.026343519494204437
2001-12-01,979.0,0.059523809523809534,0.12399540757749716,0.045940170940171,0.12142038946162659,0.11885714285714277
2002-01-01,880.0,-0.101123595505618,-0.04761904761904767,-0.08618899273104885,0.028037383177569986,0.037735849056603765
2002-02-01,948.0,0.07727272727272738,-0.03166496424923393,0.009584664536741228,0.05333333333333323,0.09849362688296637
2002-03-01,923.0,-0.026371308016877593,0.04886363636363633,0.015401540154015292,0.09750297265160524,0.005446623093681824
2002-04-01,936.0,0.014084507042253502,-0.012658227848101222,0.057627118644067776,0.09218203033838979,0.054054054054053946
2002-05-01,978.0,0.044871794871794934,0.0595882990249188,0.10884353741496589,0.23329129886506927,0.0595882990249188
2002-06-01,957.0,-0.021472392638036797,0.022435897435897356,0.08749999999999991,0.07891770011273946,0.06333333333333324
2002-07-01,956.0,-0.0010449320794148065,-0.02249488752556239,0.10392609699769051,0.12735849056603765,0.07054871220604708
2002-08-01,1014.0,0.060669456066945626,0.059561128526645746,0.18874560375146543,0.11184210526315796,0.2276029055690072
2002-09-01,1044.0,0.029585798816567976,0.09205020920502083,0.19862227324913895,0.11897106109324751,0.1972477064220184
2002-10-01,1006.0,-0.036398467432950166,-0.007889546351084853,0.08874458874458879,0.14318181818181808,0.16570104287369647
2002-11-01,1024.0,0.017892644135188762,-0.019157088122605415,0.04596527068437184,0.04170905391658186,0.17296678121420395
2002-12-01,1048.0,0.0234375,0.041749502982107334,0.19090909090909092,0.11965811965811968,0.20045819014891175
2003-01-01,999.0,-0.0467557251908397,-0.0244140625,0.053797468354430444,0.03738317757009346,0.1670560747663552
2003-02-01,936.0,-0.06306306306306309,-0.10687022900763354,0.014084507042253502,-0.0031948881789137795,0.040000000000000036
2003-03-01,999.0,0.06730769230769229,0.0,0.06730769230769229,0.0990099009900991,0.18787158145065397
2003-04-01,1012.0,0.013013013013013053,0.08119658119658113,0.03476482617586907,0.1435028248587571,0.18086347724620766
2003-05-01,1078.0,0.0652173913043479,0.07907907907907918,0.12643678160919536,0.22222222222222232,0.35939470365699866
2003-06-01,1193.0,0.10667903525046385,0.17885375494071143,0.247907949790795,0.3556818181818182,0.34498308906426156
2003-07-01,1168.0,-0.02095557418273264,0.08348794063079779,0.15187376725838275,0.3487297921478061,0.37735849056603765
2003-08-01,1206.0,0.03253424657534243,0.010896898575020852,0.15517241379310343,0.41383352872215706,0.32236842105263164
2003-09-01,1131.0,-0.062189054726368154,-0.03167808219178081,0.12425447316103377,0.29850746268656714,0.212218649517685
2003-10-01,1144.0,0.011494252873563315,-0.051409618573797666,0.1171875,0.23809523809523814,0.30000000000000004
2003-11-01,1093.0,-0.044580419580419584,-0.03359858532272331,0.04293893129770998,0.11644535240040854,0.11190233977619535
2003-12-01,1129.0,0.032936870997255285,-0.013111888111888126,0.13013013013013008,0.28295454545454546,0.20619658119658113
2004-01-01,1165.0,0.03188662533215236,0.06587374199451057,0.24465811965811968,0.22890295358649793,0.20976116303219117
2004-02-01,1159.0,-0.0051502145922747156,0.02657218777679371,0.1601601601601601,0.25568797399783305,0.23429179978700754
2004-03-01,1276.0,0.1009490940465918,0.09527896995708152,0.26086956521739135,0.3632478632478633,0.4037403740374037
2004-04-01,1186.0,-0.07053291536050155,0.023295944779982758,0.1001855287569573,0.212678936605317,0.3401129943502825
2004-05-01,1241.0,0.04637436762225966,-0.027429467084639447,0.0402347024308467,0.2967607105538139,0.40702947845804993
2004-06-01,1180.0,-0.04915390813859788,-0.005059021922428353,0.010273972602739656,0.2343096234309623,0.34090909090909083
2004-07-01,1088.0,-0.07796610169491525,-0.12328767123287676,-0.0978441127694859,0.07297830374753445,0.25635103926097
2004-08-01,1175.0,0.07996323529411775,-0.004237288135593209,0.0389036251105217,0.1254789272030652,0.37749120750293086
2004-09-01,1214.0,0.03319148936170202,0.11580882352941169,0.061188811188811254,0.2067594433399602,0.39380022962112515
2004-10-01,1305.0,0.07495881383855019,0.11063829787234036,0.19396157365050315,0.2744140625,0.41233766233766245
2004-11-01,1179.0,-0.096551724137931,-0.02883031301482697,0.04428697962798944,0.125,0.20429009193054126
2004-12-01,1242.0,0.05343511450381677,-0.0482758620689655,0.06609442060085846,0.2432432432432432,0.4113636363636364
2005-01-01,1203.0,-0.03140096618357491,0.020356234096692072,0.03796376186367567,0.28525641025641035,0.268987341772152
2005-02-01,1319.0,0.09642560266001654,0.06199677938808379,0.03369905956112862,0.32032032032032043,0.4290357529794149
2005-03-01,1328.0,0.006823351023502733,0.10390689941812137,0.11973018549747039,0.31225296442687744,0.41880341880341887
2005-04-01,1260.0,-0.051204819277108404,-0.04473085670962851,0.015310233682514163,0.16883116883116878,0.2883435582822085
2005-05-01,1286.0,0.02063492063492056,-0.031626506024096335,0.0898305084745763,0.07795473595976521,0.34378265412748177
2005-06-01,1274.0,-0.009331259720062213,0.011111111111111072,0.17095588235294112,0.09075342465753433,0.33263598326359833
2005-07-01,1389.0,0.09026687598116179,0.08009331259720054,0.18212765957446808,0.15174129353233834,0.3698224852071006
2005-08-01,1255.0,-0.09647228221742266,-0.01491365777080067,0.03377265238879734,0.10963748894783376,0.20210727969348663
2005-09-01,1244.0,-0.008764940239043839,-0.10439164866810657,-0.04674329501915708,0.0874125874125875,0.23658051689860837
2005-10-01,1336.0,0.07395498392282951,0.06454183266932279,0.13316369804919415,0.222323879231473,0.3046875
2005-11-01,1214.0,-0.0913173652694611,-0.024115755627009627,-0.02254428341384862,0.07528786536758192,0.15839694656488557
2005-12-01,1239.0,0.020593080724876422,-0.07260479041916168,0.029925187032418865,0.06351931330472094,0.24024024024024015
2006-01-01,1174.0,-0.05246166263115415,-0.0329489291598023,-0.10993176648976499,0.012942191544434767,0.25427350427350426
2006-02-01,1061.0,-0.09625212947189099,-0.14366424535916056,-0.20105421686746983,-0.16849529780564265,0.062062062062061996
2006-03-01,1116.0,0.05183788878416595,-0.04940374787052815,-0.11428571428571432,-0.05902192242833049,0.1027667984189724
2006-04-01,1123.0,0.006272401433691677,0.05843543826578701,-0.1267496111975117,-0.09508460918614026,0.04174397031539878
2006-05-01,1086.0,-0.03294746215494215,-0.026881720430107503,-0.1475667189952904,-0.07966101694915251,-0.08968985750209557
2006-06-01,1074.0,-0.011049723756906049,-0.04363312555654497,-0.2267818574514039,-0.012867647058823484,-0.08047945205479456
2006-07-01,965.0,-0.1014897579143389,-0.11141804788213627,-0.2310756972111554,-0.17872340425531918,-0.19983416252072972
2006-08-01,1035.0,0.07253886010362698,-0.03631284916201116,-0.16800643086816724,-0.14744645799011535,-0.08488063660477452
2006-09-01,1016.0,-0.018357487922705307,0.0528497409326425,-0.23952095808383234,-0.22145593869731806,-0.11188811188811187
2006-10-01,941.0,-0.07381889763779526,-0.09082125603864732,-0.22487644151565078,-0.20186598812553014,-0.13906678865507782
2006-11-01,1003.0,0.06588735387885225,-0.012795275590551158,-0.19047619047619047,-0.19243156199677935,-0.11160318866253327
2006-12-01,998.0,-0.004985044865403743,0.060573857598299696,-0.14991482112436116,-0.17040731504571904,-0.14334763948497853
2007-01-01,891.0,-0.10721442885771548,-0.11166500498504484,-0.1602262016965127,-0.32448824867323733,-0.23123382226056943
2007-02-01,828.0,-0.07070707070707072,-0.1703406813627254,-0.25806451612903225,-0.37650602409638556,-0.3510971786833855
2007-03-01,833.0,0.006038647342995196,-0.0650953984287318,-0.2582368655387355,-0.3388888888888889,-0.2976391231028668
2007-04-01,887.0,0.06482593037214879,0.07125603864734309,-0.18324125230202581,-0.3102643856920684,-0.28525382755842066
2007-05-01,842.0,-0.050732807215332576,0.010804321728691502,-0.21601489757914338,-0.3390894819466248,-0.28644067796610173
2007-06-01,793.0,-0.05819477434679332,-0.10597519729425031,-0.17823834196891186,-0.4290856731461483,-0.2711397058823529
2007-07-01,778.0,-0.018915510718789386,-0.07600950118764849,-0.2483091787439613,-0.38007968127490044,-0.33787234042553194
2007-08-01,699.0,-0.10154241645244211,-0.11853720050441363,-0.31200787401574803,-0.43810289389067525,-0.42421746293245466
2007-09-01,686.0,-0.01859799713876964,-0.1182519280205655,-0.2709883103081828,-0.48652694610778446,-0.4743295019157088
2007-10-01,727.0,0.05976676384839652,0.0400572246065809,-0.27517447657028915,-0.4011532125205931,-0.3833757421543681
2007-11-01,641.0,-0.1182943603851444,-0.06559766763848396,-0.3577154308617234,-0.4826472962066183,-0.4838969404186796
2007-12-01,619.0,-0.03432137285491421,-0.14855570839064647,-0.30527497194163866,-0.4727427597955707,-0.485453034081463
2008-01-01,627.0,0.01292407108239102,-0.021840873634945357,-0.24275362318840576,-0.40904806786050896,-0.5246398786959818
2008-02-01,593.0,-0.054226475279106845,-0.04200323101777059,-0.2881152460984394,-0.4686379928315412,-0.5534638554216867
2008-03-01,535.0,-0.09780775716694767,-0.14673046251993616,-0.3968432919954904,-0.5235975066785397,-0.5753968253968254
2008-04-01,536.0,0.0018691588785046953,-0.09612141652613826,-0.36342042755344417,-0.5064456721915285,-0.583203732503888
2008-05-01,504.0,-0.05970149253731338,-0.05794392523364489,-0.36443883984867587,-0.5307262569832403,-0.6043956043956045
2008-06-01,487.0,-0.03373015873015872,-0.09141791044776115,-0.3740359897172236,-0.49533678756476685,-0.6493880489560835
2008-07-01,477.0,-0.02053388090349073,-0.0535714285714286,-0.31759656652360513,-0.5391304347826087,-0.6199203187250997
2008-08-01,435.0,-0.08805031446540879,-0.10677618069815198,-0.36588921282798836,-0.5718503937007874,-0.6503215434083601
2008-09-01,433.0,-0.0045977011494252595,-0.09224318658280928,-0.40440165061898214,-0.5398512221041445,-0.6758982035928144
2008-10-01,393.0,-0.09237875288683606,-0.096551724137931,-0.3868954758190327,-0.6081754735792622,-0.6762767710049423
2008-11-01,389.0,-0.010178117048346036,-0.10161662817551964,-0.37156704361873993,-0.6102204408817635,-0.6860371267150929
2008-12-01,377.0,-0.03084832904884316,-0.040712468193384255,-0.39872408293460926,-0.5768799102132436,-0.6788756388415673
2009-01-01,336.0,-0.10875331564986734,-0.13624678663239076,-0.43338954468802693,-0.5942028985507246,-0.6833176248821866
2009-02-01,372.0,0.1071428571428572,-0.01326259946949604,-0.30467289719626167,-0.553421368547419,-0.6666666666666667
2009-03-01,339.0,-0.08870967741935487,0.008928571428571397,-0.3675373134328358,-0.6178128523111612,-0.6981300089047195
2009-04-01,337.0,-0.005899705014749235,-0.09408602150537637,-0.3313492063492064,-0.5997624703087886,-0.6896869244935544
2009-05-01,376.0,0.11572700296735916,0.10914454277286145,-0.22792607802874743,-0.5258511979823455,-0.6499068901303537
2009-06-01,393.0,0.04521276595744683,0.16617210682492578,-0.17610062893081757,-0.49485861182519275,-0.5927461139896373
2009-07-01,411.0,0.04580152671755733,0.09308510638297873,-0.05517241379310345,-0.41201716738197425,-0.6028985507246376
2009-08-01,418.0,0.017031630170316392,0.06361323155216292,-0.034642032332563466,-0.39067055393586003,-0.5885826771653544
2009-09-01,386.0,-0.07655502392344493,-0.06082725060827254,-0.01781170483460559,-0.469050894085282,-0.5897980871413391
2009-10-01,396.0,0.02590673575129543,-0.052631578947368474,0.01799485861182526,-0.3822152886115444,-0.6051844466600199
2009-11-01,375.0,-0.05303030303030298,-0.02849740932642486,-0.0053050397877983935,-0.3941841680129241,-0.624248496993988
2009-12-01,352.0,-0.06133333333333335,-0.11111111111111116,0.04761904761904767,-0.4385964912280702,-0.6049382716049383
2010-01-01,345.0,-0.019886363636363646,-0.07999999999999996,-0.07258064516129037,-0.418212478920742,-0.5833333333333333
2010-02-01,336.0,-0.02608695652173909,-0.045454545454545414,-0.008849557522123908,-0.3719626168224299,-0.5966386554621849
2010-03-01,381.0,0.1339285714285714,0.10434782608695659,0.13056379821958464,-0.28917910447761197,-0.5704622322435176
2010-04-01,422.0,0.1076115485564304,0.25595238095238093,0.12234042553191493,-0.16269841269841268,-0.498812351543943
2010-05-01,280.0,-0.3364928909952607,-0.2650918635170604,-0.28753180661577604,-0.42505133470225875,-0.6469104665825978
2010-06-01,305.0,0.08928571428571419,-0.27725118483412325,-0.25790754257907544,-0.360587002096436,-0.6079691516709511
2010-07-01,283.0,-0.0721311475409836,0.010714285714285676,-0.32296650717703346,-0.34942528735632183,-0.5951359084406295
2010-08-01,282.0,-0.0035335689045936647,-0.07540983606557372,-0.26943005181347146,-0.348729792147806,-0.5889212827988338
2010-09-01,317.0,0.12411347517730498,0.12014134275618371,-0.1994949494949495,-0.19338422391857502,-0.5639614855570839
2010-10-01,291.0,-0.082018927444795,0.03191489361702127,-0.22399999999999998,-0.25192802056555275,-0.5460218408736349
2010-11-01,287.0,-0.013745704467353903,-0.09463722397476337,-0.18465909090909094,-0.23872679045092837,-0.5363489499192245
2010-12-01,326.0,0.13588850174216027,0.1202749140893471,-0.05507246376811592,-0.029761904761904767,-0.4800637958532695
2011-01-01,307.0,-0.05828220858895705,0.06968641114982588,-0.08630952380952384,-0.17473118279569888,-0.4822934232715008
2011-02-01,270.0,-0.12052117263843654,-0.17177914110429449,-0.2913385826771654,-0.20353982300884954,-0.4953271028037384
2011-03-01,300.0,0.11111111111111116,-0.0228013029315961,-0.2890995260663507,-0.10979228486646886,-0.4402985074626866
2011-04-01,310.0,0.03333333333333344,0.14814814814814814,0.1071428571428572,-0.17553191489361697,-0.3849206349206349
2011-05-01,305.0,-0.016129032258064502,0.016666666666666607,0.0,-0.22391857506361323,-0.3737166324435318
2011-06-01,301.0,-0.013114754098360604,-0.029032258064516148,0.06360424028268552,-0.26763990267639903,-0.3689727463312369
2011-07-01,296.0,-0.01661129568106312,-0.02950819672131144,0.049645390070921946,-0.29186602870813394,-0.3195402298850575
2011-08-01,299.0,0.010135135135135087,-0.006644518272425293,-0.056782334384858024,-0.22538860103626945,-0.30946882217090066
2011-09-01,304.0,0.01672240802675584,0.027027027027026973,0.04467353951890041,-0.23232323232323238,-0.22646310432569972
2011-10-01,316.0,0.03947368421052633,0.05685618729096986,0.10104529616724744,-0.15733333333333333,-0.1876606683804627
2011-11-01,328.0,0.03797468354430378,0.07894736842105265,0.006134969325153339,-0.06818181818181823,-0.12997347480106103
2011-12-01,341.0,0.03963414634146334,0.07911392405063289,0.11074918566775249,-0.011594202898550732,0.014880952380952328
2012-01-01,335.0,-0.017595307917888547,0.021341463414634054,0.2407407407407407,-0.0029761904761904656,-0.09946236559139787
2012-02-01,366.0,0.09253731343283578,0.07331378299120228,0.21999999999999997,-0.03937007874015752,0.07964601769911495
2012-03-01,354.0,-0.032786885245901676,0.05671641791044779,0.14193548387096766,-0.16113744075829384,0.05044510385756684
2012-04-01,354.0,0.0,-0.032786885245901676,0.16065573770491803,0.26428571428571423,-0.058510638297872286
2012-05-01,370.0,0.04519774011299438,0.04519774011299438,0.22923588039867115,0.21311475409836067,-0.058524173027989845
2012-06-01,360.0,-0.027027027027026973,0.016949152542372836,0.21621621621621623,0.2720848056537102,-0.12408759124087587
2012-07-01,369.0,0.02499999999999991,-0.002702702702702675,0.234113712374582,0.3085106382978724,-0.11722488038277512
2012-08-01,375.0,0.016260162601626105,0.04166666666666674,0.23355263157894735,0.18296529968454256,-0.02849740932642486
2012-09-01,385.0,0.026666666666666616,0.04336043360433606,0.2183544303797469,0.32302405498281783,-0.02777777777777779
2012-10-01,358.0,-0.07012987012987015,-0.04533333333333334,0.09146341463414642,0.2473867595818815,-0.04533333333333334
2012-11-01,392.0,0.0949720670391061,0.018181818181818077,0.14956011730205288,0.2024539877300613,0.11363636363636354
2012-12-01,399.0,0.017857142857142794,0.11452513966480438,0.19104477611940296,0.2996742671009771,0.15652173913043477
2013-01-01,446.0,0.1177944862155389,0.1377551020408163,0.21857923497267762,0.6518518518518519,0.32738095238095233
2013-02-01,447.0,0.0022421524663676085,0.12030075187969924,0.2627118644067796,0.49,0.17322834645669283
2013-03-01,444.0,-0.006711409395973145,-0.004484304932735439,0.2542372881355932,0.43225806451612914,0.05213270142180093
2013-04-01,441.0,-0.006756756756756799,-0.01342281879194629,0.19189189189189193,0.4459016393442623,0.575
2013-05-01,428.0,-0.02947845804988658,-0.036036036036036,0.18888888888888888,0.4219269102990033,0.40327868852459026
2013-06-01,470.0,0.0981308411214954,0.06575963718820854,0.2737127371273713,0.5878378378378379,0.6607773851590106
2013-07-01,375.0,-0.2021276595744681,-0.12383177570093462,0.0,0.254180602006689,0.32978723404255317
2013-08-01,381.0,0.016000000000000014,-0.18936170212765957,-0.010389610389610393,0.2532894736842106,0.20189274447949535
2013-09-01,403.0,0.05774278215223094,0.07466666666666666,0.12569832402234637,0.27531645569620244,0.3848797250859106
2013-10-01,444.0,0.1017369727047146,0.16535433070866135,0.13265306122448983,0.35365853658536595,0.5470383275261324
2013-11-01,446.0,0.0045045045045044585,0.10669975186104219,0.1177944862155389,0.3079178885630498,0.36809815950920255
2013-12-01,433.0,-0.029147982062780242,-0.024774774774774744,-0.029147982062780242,0.29253731343283573,0.4104234527687296
2014-01-01,445.0,0.02771362586605086,-0.0022421524663677195,-0.004474272930648726,0.21584699453551903,0.6481481481481481
2014-02-01,429.0,-0.035955056179775235,-0.009237875288683584,-0.03378378378378377,0.21186440677966112,0.42999999999999994
2014-03-01,409.0,-0.046620046620046596,-0.08089887640449434,-0.07256235827664403,0.15536723163841804,0.3193548387096774
2014-04-01,400.0,-0.022004889975550168,-0.06759906759906764,-0.06542056074766356,0.08108108108108114,0.3114754098360655
2014-05-01,452.0,0.1299999999999999,0.10513447432762835,-0.03829787234042559,0.25555555555555554,0.5016611295681064
2014-06-01,416.0,-0.07964601769911506,0.040000000000000036,0.10933333333333328,0.12737127371273704,0.4054054054054055
2014-07-01,402.0,-0.033653846153846145,-0.11061946902654862,0.055118110236220375,0.07200000000000006,0.34448160535117056
2014-08-01,455.0,0.1318407960199004,0.09375,0.12903225806451624,0.18181818181818188,0.4967105263157894
2014-09-01,466.0,0.02417582417582409,0.15920398009950243,0.04954954954954949,0.3016759776536313,0.47468354430379756
2014-10-01,472.0,0.012875536480686733,0.03736263736263745,0.058295964125560484,0.20408163265306123,0.4390243902439024
2014-11-01,444.0,-0.05932203389830504,-0.047210300429184504,0.025404157043879882,0.11278195488721798,0.3020527859237536
2014-12-01,488.0,0.0990990990990992,0.03389830508474567,0.09662921348314613,0.094170403587444,0.4567164179104477
2015-01-01,522.0,0.069672131147541,0.17567567567567566,0.21678321678321688,0.16778523489932895,0.42622950819672134
2015-02-01,556.0,0.06513409961685834,0.139344262295082,0.3594132029339854,0.25225225225225234,0.5706214689265536
2015-03-01,485.0,-0.1276978417266187,-0.07088122605363989,0.2124999999999999,0.09977324263038545,0.3700564971751412
2015-04-01,503.0,0.03711340206185576,-0.09532374100719421,0.11283185840707954,0.17523364485981308,0.35945945945945956
2015-05-01,504.0,0.001988071570576455,0.039175257731958846,0.21153846153846145,0.07234042553191489,0.3999999999999999
2015-06-01,474.0,-0.059523809523809534,-0.05765407554671964,0.17910447761194037,0.264,0.2845528455284554
2015-07-01,498.0,0.05063291139240511,-0.011904761904761862,0.09450549450549461,0.30708661417322825,0.32800000000000007
2015-08-01,515.0,0.034136546184738936,0.08649789029535859,0.1051502145922747,0.2779156327543424,0.33766233766233755
2015-09-01,456.0,-0.11456310679611648,-0.08433734939759041,-0.03389830508474578,0.027027027027026973,0.2737430167597765
2015-10-01,476.0,0.04385964912280693,-0.07572815533980581,0.072072072072072,0.06726457399103136,0.2142857142857142
2015-11-01,504.0,0.05882352941176472,0.10526315789473695,0.032786885245901676,0.16397228637413397,0.26315789473684204
2015-12-01,534.0,0.059523809523809534,0.12184873949579833,0.02298850574712641,0.19999999999999996,0.19730941704035865
2016-01-01,519.0,-0.028089887640449396,0.029761904761904656,-0.06654676258992809,0.2097902097902098,0.1610738255033557
2016-02-01,527.0,0.015414258188824581,-0.01310861423220977,0.08659793814432981,0.2885085574572128,0.18693693693693691
2016-03-01,538.0,0.020872865275142205,0.03660886319845846,0.06958250497017882,0.345,0.21995464852607705
2016-04-01,566.0,0.052044609665427455,0.07400379506641364,0.12301587301587302,0.25221238938053103,0.32242990654205617
2016-05-01,558.0,-0.014134275618374548,0.037174721189590976,0.17721518987341778,0.34134615384615374,0.18723404255319154
2016-06-01,560.0,0.0035842293906809264,-0.010600706713780883,0.12449799196787148,0.39303482587064686,0.4933333333333334
2016-07-01,632.0,0.12857142857142856,0.13261648745519716,0.22718446601941755,0.38901098901098896,0.6587926509186353
2016-08-01,572.0,-0.09493670886075944,0.021428571428571352,0.2543859649122806,0.22746781115879822,0.4193548387096775
2016-09-01,566.0,-0.010489510489510523,-0.10443037974683544,0.18907563025210083,0.19915254237288127,0.27477477477477485
2016-10-01,573.0,0.012367491166077826,0.0017482517482516613,0.13690476190476186,0.29054054054054057,0.2847533632286996
2016-11-01,568.0,-0.008726003490401424,0.0035335689045936647,0.06367041198501866,0.16393442622950816,0.3117782909930715
2016-12-01,546.0,-0.03873239436619713,-0.04712041884816753,0.052023121387283267,0.04597701149425282,0.22696629213483144
2017-01-01,596.0,0.09157509157509147,0.04929577464788726,0.13092979127134718,0.07194244604316546,0.3892773892773893
2017-02-01,618.0,0.03691275167785224,0.13186813186813184,0.14869888475836435,0.27422680412371125,0.511002444987775
2017-03-01,643.0,0.040453074433656866,0.07885906040268464,0.1360424028268552,0.2783300198807157,0.6074999999999999
2017-04-01,593.0,-0.07776049766718507,-0.04045307443365698,0.06272401433691766,0.17658730158730163,0.31194690265486735
2017-05-01,604.0,0.018549747048903775,-0.06065318818040433,0.07857142857142851,0.2742616033755274,0.45192307692307687
2017-06-01,616.0,0.019867549668874274,0.038785834738617186,-0.025316455696202556,0.2369477911646587,0.5323383084577114
2017-07-01,556.0,-0.09740259740259738,-0.07947019867549665,-0.027972027972028024,0.07961165048543695,0.22197802197802208
2017-08-01,558.0,0.003597122302158251,-0.0941558441558441,-0.014134275618374548,0.2236842105263157,0.19742489270386265
2017-09-01,637.0,0.1415770609318996,0.14568345323741005,0.11169284467713791,0.33823529411764697,0.34957627118644075
2017-10-01,618.0,-0.02982731554160123,0.10752688172043001,0.0880281690140845,0.22619047619047628,0.3918918918918919
2017-11-01,712.0,0.15210355987055024,0.11773940345368916,0.30402930402930406,0.33333333333333326,0.459016393442623
2017-12-01,636.0,-0.1067415730337079,0.029126213592232997,0.06711409395973145,0.22543352601156075,0.21839080459770122
2018-01-01,633.0,-0.004716981132075526,-0.1109550561797753,0.024271844660194164,0.2011385199240987,0.13848920863309355
2018-02-01,663.0,0.04739336492891,0.04245283018867929,0.031104199066874116,0.23234200743494426,0.36701030927835054
2018-03-01,672.0,0.013574660633484115,0.06161137440758302,0.13322091062394614,0.1872791519434629,0.33598409542743535
2018-04-01,633.0,-0.0580357142857143,-0.04524886877828049,0.04801324503311255,0.13440860215053774,0.25595238095238093
2018-05-01,653.0,0.03159557661927326,-0.028273809523809534,0.060064935064935154,0.16607142857142865,0.3776371308016877
2018-06-01,612.0,-0.06278713629402755,-0.033175355450236976,0.1007194244604317,-0.03164556962025311,0.22891566265060237
2018-07-01,606.0,-0.009803921568627416,-0.07197549770290967,0.08602150537634401,0.05944055944055937,0.1766990291262136
2018-08-01,601.0,-0.008250825082508295,-0.017973856209150374,-0.05651491365777084,0.06183745583038869,0.3179824561403508
2018-09-01,609.0,0.01331114808652245,0.004950495049504955,-0.014563106796116498,0.06282722513089012,0.27941176470588225
2018-10-01,549.0,-0.09852216748768472,-0.08652246256239604,-0.2289325842696629,-0.033450704225352124,0.08928571428571419
2018-11-01,599.0,0.09107468123861562,-0.016420361247947435,-0.05817610062893086,0.09706959706959717,0.12172284644194753
2018-12-01,621.0,0.036727879799666185,0.13114754098360648,-0.018957345971563955,0.04194630872483218,0.19653179190751446
