,PERMIT_M,PERMIT_M_PCT_CHG,PERMIT_Q_PCT_CHG,PERMIT_A_PCT_CHG,PERMIT_2A_PCT_CHG,PERMIT_3A_PCT_CHG
1962-01-01,1122,0.06417112299465244,0.010695187165775444,0.10160427807486627,0.268270944741533,0.03743315508021383
1962-02-01,1194,0.06417112299465244,0.010695187165775444,0.10160427807486627,0.268270944741533,0.03743315508021383
1962-03-01,1134,-0.05025125628140703,0.010695187165775444,0.10160427807486627,0.268270944741533,0.03743315508021383
1962-04-01,1235,0.08906525573192248,0.03433835845896138,0.10160427807486627,0.268270944741533,0.03743315508021383
1962-05-01,1142,-0.07530364372469633,0.007054673721340388,0.10160427807486627,0.268270944741533,0.03743315508021383
1962-06-01,1154,0.01050788091068311,-0.065587044534413,0.10160427807486627,0.268270944741533,0.03743315508021383
1962-07-01,1189,0.030329289428076223,0.04115586690017503,0.10160427807486627,0.268270944741533,0.03743315508021383
1962-08-01,1200,0.00925147182506314,0.03986135181975747,0.10160427807486627,0.268270944741533,0.03743315508021383
1962-09-01,1223,0.019166666666666776,0.028595458368376736,0.10160427807486627,0.268270944741533,0.03743315508021383
1962-10-01,1181,-0.034341782502044116,-0.015833333333333366,0.10160427807486627,0.268270944741533,0.03743315508021383
1962-11-01,1236,0.046570702794242136,0.01062959934587071,0.10160427807486627,0.268270944741533,0.03743315508021383
1962-12-01,1236,0.0,0.046570702794242136,0.10160427807486627,0.268270944741533,0.03743315508021383
1963-01-01,1248,0.009708737864077666,0.009708737864077666,0.045226130653266416,0.268270944741533,0.03743315508021383
1963-02-01,1212,-0.028846153846153855,-0.01941747572815533,0.06878306878306883,0.268270944741533,0.03743315508021383
1963-03-01,1258,0.037953795379537913,0.008012820512820484,0.018623481781376627,0.268270944741533,0.03743315508021383
1963-04-01,1288,0.0238473767885532,0.06270627062706269,0.1278458844133099,0.268270944741533,0.03743315508021383
1963-05-01,1350,0.048136645962732816,0.0731319554848966,0.16984402079722694,0.268270944741533,0.03743315508021383
1963-06-01,1345,-0.0037037037037036535,0.044254658385093126,0.13120269133725815,0.268270944741533,0.03743315508021383
1963-07-01,1321,-0.017843866171003753,-0.021481481481481435,0.10083333333333333,0.268270944741533,0.03743315508021383
1963-08-01,1310,-0.00832702498107496,-0.026022304832713727,0.0711365494685201,0.268270944741533,0.03743315508021383
1963-09-01,1413,0.07862595419847329,0.0696442089326268,0.19644369178662147,0.268270944741533,0.03743315508021383
1963-10-01,1414,0.0007077140835103357,0.07938931297709928,0.14401294498381878,0.268270944741533,0.03743315508021383
1963-11-01,1357,-0.040311173974540315,-0.03963198867657469,0.09789644012944976,0.268270944741533,0.03743315508021383
1963-12-01,1423,0.048636698599852535,0.006364922206506307,0.14022435897435903,0.268270944741533,0.03743315508021383
1964-01-01,1296,-0.0892480674631061,-0.044952100221075875,0.06930693069306937,0.085427135678392,0.03743315508021383
1964-02-01,1442,0.11265432098765427,0.013352073085031613,0.1462639109697934,0.27160493827160503,0.03743315508021383
1964-03-01,1313,-0.08945908460471563,0.013117283950617287,0.01940993788819867,0.06315789473684208,0.03743315508021383
1964-04-01,1264,-0.037319116527037344,-0.12343966712898746,-0.0637037037037037,0.10683012259194391,0.03743315508021383
1964-05-01,1299,0.027689873417721556,-0.010662604722010638,-0.03420074349442381,0.1256499133448874,0.03743315508021383
1964-06-01,1280,-0.014626635873749017,0.012658227848101333,-0.031037093111279335,0.07653490328006729,0.03743315508021383
1964-07-01,1304,0.018750000000000044,0.0038491147036181506,-0.004580152671755711,0.08666666666666667,0.03743315508021383
1964-08-01,1306,0.0015337423312884457,0.020312499999999956,-0.07572540693559804,0.06786590351594435,0.03743315508021383
1964-09-01,1265,-0.03139356814701377,-0.029907975460122693,-0.1053748231966054,0.07112616426756979,0.03743315508021383
1964-10-01,1230,-0.02766798418972327,-0.05819295558958648,-0.09358879882092852,-0.004854368932038833,0.03743315508021383
1964-11-01,1254,0.019512195121951237,-0.008695652173912993,-0.1187631763879129,0.014563106796116498,0.03743315508021383
1964-12-01,1164,-0.0717703349282297,-0.0536585365853659,-0.10185185185185186,-0.06730769230769229,0.03743315508021383
1965-01-01,1264,0.08591065292096212,0.00797448165869219,-0.12343966712898746,0.04290429042904287,0.058626465661641536
1965-02-01,1185,-0.0625,0.018041237113401998,-0.09748667174409753,-0.05802861685214622,0.04497354497354489
1965-03-01,1211,0.021940928270042237,-0.041930379746835444,-0.041930379746835444,-0.05978260869565222,-0.019433198380566785
1965-04-01,1162,-0.040462427745664775,-0.01940928270042197,-0.10546574287913779,-0.1392592592592593,0.017513134851138368
1965-05-01,1207,0.03872633390705671,-0.003303055326176696,-0.05703124999999998,-0.10260223048327133,0.045927209705372674
1965-06-01,1241,0.028169014084507005,0.06798623063683307,-0.04831288343558282,-0.060560181680545,0.04373423044575264
1965-07-01,1237,-0.003223207091055613,0.024855012427506207,-0.05283307810107196,-0.05572519083969463,0.030833333333333268
1965-08-01,1249,0.009700889248181133,0.006446414182111226,-0.012648221343873556,-0.11606510969568296,0.021259198691741643
1965-09-01,1227,-0.017614091273018384,-0.00808407437348424,-0.0024390243902439046,-0.1322489391796322,0.03895004233700261
1965-10-01,1279,0.04237978810105947,0.024019215372297786,0.019936204146730363,-0.05747973470891676,0.03478964401294493
1965-11-01,1306,0.02111024237685699,0.06438467807660953,0.12199312714776633,-0.08222066057624733,0.05663430420711979
1965-12-01,1315,0.006891271056661541,0.028146989835809322,0.04034810126582289,0.014660493827160392,0.053685897435897356
1966-01-01,1325,0.0076045627376426506,0.014548238897396537,0.1181434599156117,-0.08113730929264906,0.09323432343234317
1966-02-01,1159,-0.12528301886792448,-0.11863117870722428,-0.04293971924029727,-0.11728865194211724,-0.07869634340222575
1966-03-01,1234,0.06471095772217428,-0.06867924528301883,0.061962134251290824,-0.02373417721518989,-0.04192546583850931
1966-04-01,1145,-0.07212317666126422,-0.012079378774805916,-0.05136702568351281,-0.11855273287143953,-0.1518518518518519
1966-05-01,1078,-0.05851528384279481,-0.12641815235008103,-0.13134568896051568,-0.15781250000000002,-0.19851301115241637
1966-06-01,956,-0.11317254174397029,-0.1650655021834061,-0.22716248989490706,-0.2668711656441718,-0.2763058289174868
1966-07-01,932,-0.025104602510460206,-0.13543599257884975,-0.25380304243394713,-0.28637059724349156,-0.28854961832061066
1966-08-01,877,-0.05901287553648071,-0.08263598326359833,-0.2852485737571312,-0.3067193675889328,-0.3793347487615003
1966-09-01,774,-0.11744583808437858,-0.16952789699570814,-0.3948397185301017,-0.37073170731707317,-0.4526166902404526
1966-10-01,739,-0.0452196382428941,-0.1573546180159635,-0.4341500765696784,-0.41068580542264754,-0.4554163596168017
1966-11-01,736,-0.004059539918809252,-0.04909560723514217,-0.44030418250950565,-0.36769759450171824,-0.48278285312719604
1966-12-01,743,0.009510869565217295,0.005412719891745521,-0.4392452830188679,-0.41218354430379744,-0.4266975308641975
1967-01-01,995,0.3391655450874831,0.35190217391304346,-0.14150129421915447,-0.16033755274261607,-0.30998613037447986
1967-02-01,907,-0.08844221105527639,0.22072678331090168,-0.26499189627228525,-0.2510322047894302,-0.30921553693830917
1967-03-01,955,0.05292171995589867,-0.04020100502512558,-0.16593886462882101,-0.17814113597246128,-0.24446202531645567
1967-04-01,1035,0.08376963350785349,0.1411245865490629,-0.03988868274582558,-0.14250207125103564,-0.20323325635103928
1967-05-01,1076,0.03961352657004835,0.12670157068062826,0.12552301255230125,-0.1329572925060435,-0.15937500000000004
1967-06-01,1169,0.08643122676579917,0.12946859903381647,0.2542918454935623,-0.05497170573969279,-0.1035276073619632
1967-07-01,1177,0.006843455945252375,0.09386617100371741,0.34207525655644244,-0.05764611689351484,-0.09877488514548238
1967-08-01,1229,0.04418011894647411,0.0513259195893927,0.5878552971576227,0.0016299918500406463,-0.028458498023715362
1967-09-01,1279,0.04068348250610243,0.086661002548853,0.7307171853856562,0.0,0.0398373983739837
1967-10-01,1280,0.0007818608287724071,0.041497152156224626,0.7391304347826086,-0.019908116385911168,0.020733652312599604
1967-11-01,1297,0.013281249999999911,0.014073494917904661,0.7456258411843877,-0.013688212927756682,0.11426116838487976
1967-12-01,1315,0.013878180416345476,0.02734375,0.3216080402010051,-0.007547169811320753,0.04034810126582289
1968-01-01,1179,-0.1034220532319392,-0.09097918272937544,0.2998897464167585,0.01725625539257991,-0.005063291139240533
1968-02-01,1342,0.13825275657336733,0.020532319391634912,0.4052356020942409,0.08752025931928697,0.10817506193228743
1968-03-01,1370,0.02086438152011927,0.16200169635284145,0.32367149758454117,0.19650655021834051,0.1790017211703958
1968-04-01,1286,-0.0613138686131387,-0.041728763040238426,0.19516728624535307,0.19294990723562155,0.06545153272576631
1968-05-01,1297,0.008553654743390426,-0.05328467153284666,0.10949529512403755,0.35669456066945604,0.04512489927477836
1968-06-01,1300,0.0023130300693909867,0.010886469673405896,0.10450297366185213,0.3948497854077253,0.05092966855295078
1968-07-01,1344,0.03384615384615386,0.03623747108712405,0.09357200976403579,0.5324971493728621,0.07606084867894314
1968-08-01,1357,0.009672619047619069,0.04384615384615387,0.06098514464425331,0.7532299741602067,0.10594947025264867
1968-09-01,1464,0.07885040530582166,0.08928571428571419,0.14375000000000004,0.9810554803788905,0.14464425332290842
1968-10-01,1421,-0.029371584699453557,0.04716285924834196,0.0956052428681573,0.9307065217391304,0.08805513016845334
1968-11-01,1436,0.010555946516537684,-0.01912568306010931,0.09201520912547534,0.9327052489905787,0.09201520912547534
1968-12-01,1389,-0.032729805013927527,-0.022519352568613704,0.1781170483460559,0.39597989949748746,0.04830188679245273
1969-01-01,1459,0.050395968322534124,0.016016713091921986,0.08718330849478395,0.6085997794928335,0.2588438308886971
1969-02-01,1495,0.024674434544208257,0.076313894888409,0.09124087591240881,0.5654450261780104,0.21150729335494334
1969-03-01,1438,-0.038127090301003363,-0.014393420150788261,0.11819595645412129,0.3893719806763285,0.2558951965065501
1969-04-01,1441,0.0020862308762170656,-0.036120401337792596,0.11102544333076336,0.33921933085501865,0.33673469387755106
1969-05-01,1328,-0.07841776544066625,-0.07649513212795545,0.021538461538461506,0.13601368691189042,0.38912133891213396
1969-06-01,1349,0.01581325301204828,-0.06384455239417075,0.0037202380952381375,0.1461342395921834,0.44742489270386265
1969-07-01,1278,-0.052631578947368474,-0.03765060240963858,-0.05821665438467205,0.03986981285598046,0.4572405929304446
1969-08-01,1317,0.030516431924882736,-0.023721275018532273,-0.10040983606557374,0.029710711493354136,0.7015503875968991
1969-09-01,1263,-0.04100227790432798,-0.011737089201877882,-0.11118930330752996,-0.013281250000000022,0.7090663058186739
1969-10-01,1216,-0.037212984956452866,-0.07668944570994685,-0.15320334261838442,-0.06245181187355431,0.6521739130434783
1969-11-01,1191,-0.02055921052631582,-0.05700712589073631,-0.14254859611231097,-0.09429657794676805,0.6029609690444144
1969-12-01,1155,-0.030226700251889116,-0.05016447368421051,-0.20836189170664843,-0.020356234096692072,0.16080402010050254
1970-01-01,1062,-0.08051948051948055,-0.10831234256926947,-0.28963210702341136,-0.20864381520119224,0.1708930540242557
1970-02-01,1118,0.052730696798493515,-0.03203463203463208,-0.22253129346314326,-0.1839416058394161,0.17068062827225128
1970-03-01,1132,0.012522361359570633,0.06591337099811678,-0.2144344205412908,-0.11975116640746497,0.09371980676328495
1970-04-01,1224,0.08127208480565362,0.0948121645796065,-0.07831325301204817,-0.05628373168851197,0.1375464684014871
1970-05-01,1328,0.08496732026143783,0.17314487632508824,-0.015567086730911783,0.021538461538461506,0.13601368691189042
1970-06-01,1322,-0.004518072289156572,0.08006535947712412,0.03442879499217533,-0.016369047619047672,0.12319456244689886
1970-07-01,1324,0.001512859304084735,-0.003012048192771122,0.005315110098709219,-0.024318349299926267,0.07729861676159477
1970-08-01,1394,0.052870090634441036,0.05446293494705001,0.10372129849564526,-0.04781420765027322,0.08991399530883504
1970-09-01,1426,0.022955523672883782,0.07703927492447127,0.17269736842105265,0.0035186488388458947,0.11406249999999996
1970-10-01,1564,0.09677419354838701,0.12195121951219523,0.31318219983207385,0.08913649025069637,0.20585967617579026
1970-11-01,1502,-0.039641943734015306,0.05329593267882182,0.3004329004329005,0.08135349172066242,0.14220532319391643
1970-12-01,1767,0.17643142476697737,0.12979539641943738,0.6638418079096045,0.21110349554489383,0.49872773536895676
1971-01-01,1643,-0.07017543859649122,0.09387483355525972,0.46958855098389973,0.09899665551839454,0.22429210134128175
1971-02-01,1588,-0.033475349969567914,-0.10130164119977358,0.4028268551236749,0.1043115438108484,0.15912408759124097
1971-03-01,1759,0.10768261964735526,0.07060255629945211,0.43709150326797386,0.22068008327550315,0.36780715396578545
1971-04-01,1745,-0.007959067652074991,0.09886649874055409,0.31400602409638556,0.31400602409638556,0.34541249036237476
1971-05-01,1972,0.13008595988538674,0.12109152927799882,0.49167927382753396,0.4618235730170497,0.5169230769230768
1971-06-01,1903,-0.03498985801217036,0.09054441260744994,0.43731117824773413,0.48904538341158066,0.41592261904761907
1971-07-01,2069,0.08723068838675774,0.04918864097363085,0.4842180774748923,0.5709946848899012,0.5246868091378041
1971-08-01,2004,-0.03141614306428231,0.05307409353652126,0.4053295932678822,0.5866983372921615,0.3688524590163935
1971-09-01,1996,-0.003992015968063867,-0.035282745287578576,0.2762148337595909,0.6414473684210527,0.40464461646727656
1971-10-01,2026,0.01503006012024044,0.010978043912175606,0.34886817576564577,0.7010915197313181,0.41086350974930363
1971-11-01,2079,0.026159921026653432,0.041583166332665344,0.1765704584040746,0.8,0.4967602591792657
1971-12-01,2133,0.025974025974025983,0.05281342546890433,0.2982349360925136,1.0084745762711864,0.46196024674434555
1972-01-01,2238,0.049226441631504914,0.07647907647907637,0.40931989924433254,1.0017889087656529,0.496989966555184
1972-02-01,2169,-0.030831099195710476,0.016877637130801704,0.23308698123934057,0.9160777385159011,0.5083449235048678
1972-03-01,2105,-0.029506685108344866,-0.059428060768543345,0.2063037249283668,0.7197712418300655,0.4607911172796668
1972-04-01,2139,0.016152019002375395,-0.013831258644536604,0.08468559837728185,0.6106927710843373,0.6106927710843373
1972-05-01,2067,-0.033660589060308554,-0.018052256532066546,0.08617971623751974,0.5635400907715582,0.5322461082283172
1972-06-01,2183,0.05611998064828261,0.020570359981299635,0.05509908168197186,0.6487915407854985,0.7081377151799686
1972-07-01,2195,0.005497022446175004,0.061925495887759974,0.09530938123752497,0.5746054519368724,0.6666666666666667
1972-08-01,2263,0.030979498861047894,0.036646816307833285,0.1337675350701404,0.5869565217391304,0.791765637371338
1972-09-01,2393,0.05744586831639409,0.09020501138952164,0.1811451135241855,0.5300511508951407,0.9679276315789473
1972-10-01,2354,-0.01629753447555371,0.040212107821475884,0.13227513227513232,0.5672436750998668,0.9764903442485307
1972-11-01,2234,-0.05097706032285476,-0.06644379440033432,0.04735114861697132,0.2642897566496887,0.9341991341991343
1972-12-01,2419,0.08281110116383172,0.027612574341546292,0.08087578194816802,0.47230675593426663,1.2777777777777777
1973-01-01,2271,-0.06118230673832159,0.016562220232766434,0.047026279391424675,0.4301007556675063,1.0313059033989265
1973-02-01,2226,-0.019815059445178362,-0.079785035138487,0.05748218527315907,0.26549175667993175,0.9664310954063604
1973-03-01,2062,-0.07367475292003589,-0.0920299427564949,-0.03599812996727447,0.18166189111747855,0.684640522875817
1973-04-01,1908,-0.07468477206595536,-0.1428571428571429,-0.07692307692307687,-0.032454361054766734,0.43674698795180733
1973-05-01,1931,0.012054507337526221,-0.06353055286129972,-0.11543747136967475,0.014713610089332585,0.46066565809379734
1973-06-01,2051,0.0621439668565511,0.0749475890985325,-0.06560364464692481,-0.008699855002416657,0.5490936555891239
1973-07-01,1819,-0.11311555338859092,-0.058001035732780926,-0.19619973486522313,-0.0923153692614771,0.30487804878048785
1973-08-01,1809,-0.005497526113249052,-0.11799122379327154,-0.24404513163393227,-0.09368737474949895,0.26858345021037877
1973-09-01,1704,-0.05804311774461024,-0.06322155030236398,-0.27612574341546303,-0.15893385982231,0.08951406649616378
1973-10-01,1411,-0.17194835680751175,-0.22001105583195135,-0.36839749328558635,-0.3213083213083213,-0.06058588548601862
1973-11-01,1402,-0.006378454996456395,-0.17723004694835676,-0.4204216618437371,-0.3427097984060009,-0.20656479909451042
1973-12-01,1288,-0.08131241084165475,-0.08717221828490429,-0.4328489652135623,-0.42448614834673815,-0.21606816798539252
1974-01-01,1331,0.033385093167701774,-0.050641940085591974,-0.4020664869721473,-0.38635315813739046,-0.16183879093198994
1974-02-01,1360,0.021788129226145703,0.05590062111801242,-0.34044616876818623,-0.3539192399049881,-0.22683342808413876
1974-03-01,1440,0.05882352941176472,0.08189331329827199,-0.24528301886792447,-0.3267882187938289,-0.17478510028653294
1974-04-01,1254,-0.12916666666666665,-0.07794117647058818,-0.350595546349042,-0.39332365747460085,-0.3640973630831643
1974-05-01,1138,-0.09250398724082931,-0.20972222222222225,-0.44514870794734274,-0.47869903802107194,-0.4019968470835523
1974-06-01,1086,-0.04569420035149385,-0.13397129186602874,-0.4029686641011545,-0.5052391799544419,-0.47510874818753024
1974-07-01,1002,-0.07734806629834257,-0.11950790861159932,-0.44610281923714756,-0.5572249226690233,-0.5
1974-08-01,917,-0.0848303393213573,-0.15561694290976058,-0.46185446009389675,-0.6167989970748016,-0.5405811623246493
1974-09-01,840,-0.08396946564885499,-0.16167664670658688,-0.404677533664068,-0.643160577740017,-0.5853899308983218
1974-10-01,824,-0.01904761904761909,-0.10141766630316251,-0.41226818830242506,-0.631154879140555,-0.6036556036556037
1974-11-01,783,-0.04975728155339809,-0.06785714285714284,-0.39208074534161486,-0.6763125258371228,-0.6329113924050633
1974-12-01,869,0.10983397190293731,0.05461165048543681,-0.3471074380165289,-0.6173491853808895,-0.6117068811438784
1975-01-01,726,-0.16455696202531644,-0.07279693486590033,-0.4661764705882353,-0.6738544474393531,-0.6652835408022131
1975-02-01,729,0.004132231404958775,-0.16110471806674342,-0.49375,-0.6464597478176528,-0.6536817102137767
1975-03-01,709,-0.027434842249657088,-0.023415977961432466,-0.4346092503987241,-0.6284067085953878,-0.6685366993922394
1975-04-01,866,0.22143864598025398,0.18792866941015096,-0.23901581722319865,-0.5515277058518901,-0.5810353168843735
1975-05-01,914,0.05542725173210172,0.28913963328631875,-0.15837937384898715,-0.5543637250121891,-0.581310123683005
1975-06-01,946,0.035010940919037115,0.09237875288683606,-0.055888223552894245,-0.479934029686641,-0.5690205011389522
1975-07-01,1020,0.07822410147991543,0.11597374179431075,0.1123227917121048,-0.4361525704809287,-0.5492708793636765
1975-08-01,994,-0.025490196078431393,0.05073995771670181,0.18333333333333335,-0.41666666666666663,-0.5846218136230672
1975-09-01,1064,0.07042253521126751,0.04313725490196085,0.2912621359223302,-0.2459248759744862,-0.5480033984706882
1975-10-01,1096,0.03007518796992481,0.10261569416498983,0.39974457215836523,-0.21825962910128383,-0.5094001790510295
1975-11-01,1110,0.012773722627737127,0.043233082706766846,0.2773302646720368,-0.13819875776397517,-0.5411326994625878
1975-12-01,1091,-0.017117117117117164,-0.0045620437956204185,0.502754820936639,-0.18031555221637863,-0.5195948921180097
1976-01-01,1195,0.09532538955087078,0.07657657657657668,0.6392318244170097,-0.12132352941176472,-0.46316262353998205
1976-02-01,1190,-0.004184100418409997,0.09074243813015581,0.6784203102961919,-0.17361111111111116,-0.42289039767216297
1976-03-01,1164,-0.021848739495798353,-0.025941422594142227,0.3441108545034641,-0.0717703349282297,-0.389937106918239
1976-04-01,1132,-0.027491408934707917,-0.04873949579831938,0.23851203501094087,-0.005272407732864637,-0.4137752459865355
1976-05-01,1194,0.05477031802120136,0.025773195876288568,0.2621564482029599,0.09944751381215466,-0.41784495368113117
1976-06-01,1188,-0.005025125628140725,0.04946996466431086,0.16470588235294126,0.18562874251497008,-0.3468938977460143
1976-07-01,1245,0.04797979797979801,0.04271356783919589,0.2525150905432596,0.3576881134133043,-0.3117744610281924
1976-08-01,1309,0.051405622489959946,0.10185185185185186,0.23026315789473695,0.5583333333333333,-0.23180751173708924
1976-09-01,1481,0.13139801375095495,0.1895582329317269,0.3512773722627738,0.7973300970873787,0.04961020552799433
1976-10-01,1425,-0.03781228899392297,0.08861726508785339,0.28378378378378377,0.8199233716475096,0.016405135520684677
1976-11-01,1531,0.07438596491228067,0.03376097231600261,0.40329972502291467,0.7617951668584579,0.18866459627329202
1976-12-01,1511,-0.013063357282821708,0.06035087719298238,0.2644351464435146,1.0812672176308542,0.13523666416228397
1977-01-01,1466,-0.02978160158835208,-0.04245591116917047,0.23193277310924376,1.010973936899863,0.07794117647058818
1977-02-01,1560,0.06412005457025916,0.032428855062872186,0.3402061855670102,1.2002820874471087,0.08333333333333326
1977-03-01,1660,0.0641025641025641,0.13233287858117326,0.4664310954063604,0.9168591224018476,0.3237639553429028
1977-04-01,1660,0.0,0.0641025641025641,0.39028475711892807,0.8161925601750548,0.4586994727592266
1977-05-01,1668,0.004819277108433662,0.004819277108433662,0.404040404040404,0.7632135306553911,0.5359116022099448
1977-06-01,1752,0.050359712230215736,0.055421686746987886,0.4072289156626505,0.7176470588235293,0.7485029940119761
1977-07-01,1687,-0.037100456621004585,0.011390887290167795,0.2887700534759359,0.6971830985915493,0.8396946564885497
1977-08-01,1780,0.05512744516893897,0.015981735159817267,0.20189061444969614,0.6729323308270676,1.119047619047619
1977-09-01,1674,-0.059550561797752755,-0.007705986959098965,0.17473684210526308,0.5273722627737227,1.0315533980582523
1977-10-01,1758,0.05017921146953408,-0.012359550561797716,0.14826910516002623,0.5837837837837838,1.2452107279693485
1977-11-01,1771,0.0073947667804323824,0.05794504181600946,0.172071475843812,0.6232813932172319,1.037974683544304
1977-12-01,1754,-0.009599096555618303,-0.0022753128555176305,0.19645293315143242,0.46778242677824267,1.4159779614325068
1978-01-01,1740,-0.007981755986317007,-0.017504234895539206,0.11538461538461542,0.46218487394957974,1.3868312757201644
1978-02-01,1736,-0.0022988505747126853,-0.010262257696693311,0.04578313253012056,0.4914089347079038,1.44851904090268
1978-03-01,1799,0.03629032258064524,0.03390804597701158,0.08373493975903612,0.5892226148409894,1.0773672055427252
1978-04-01,1948,0.08282379099499715,0.12211981566820285,0.16786570743405282,0.6314907872696818,1.1312910284463893
1978-05-01,1766,-0.09342915811088293,-0.0183435241801001,0.007990867579908745,0.4865319865319866,0.8668076109936576
1978-06-01,1983,0.12287655719139301,0.017967145790554362,0.17545939537640787,0.5927710843373495,0.9441176470588235
1978-07-01,1786,-0.09934442763489659,0.011325028312570762,0.003370786516853963,0.36440030557677616,0.7967806841046277
1978-08-01,1691,-0.05319148936170215,-0.14725163893091275,0.010155316606929476,0.14179608372721142,0.5892857142857142
1978-09-01,1751,0.03548196333530451,-0.019596864501679745,-0.003981797497155881,0.2287719298245614,0.5976277372262773
1978-10-01,1781,0.01713306681896065,0.05322294500295688,0.005646527385657851,0.16329196603527096,0.6045045045045045
1978-11-01,1795,0.007860752386299907,0.02512849800114214,0.023375142531356863,0.18795499669093307,0.6452795600366636
1978-12-01,1818,0.012813370473537589,0.020774845592363755,0.04482758620689653,0.24010914051841747,0.5213389121338912
1979-01-01,1461,-0.19636963696369636,-0.18607242339832875,-0.15841013824884798,-0.06346153846153846,0.22773109243697487
1979-02-01,1492,0.021218343600273748,-0.17931793179317934,-0.17065036131183986,-0.10120481927710845,0.2817869415807561
1979-03-01,1720,0.15281501340482584,0.17727583846680361,-0.11704312114989734,0.03614457831325302,0.5194346289752649
1979-04-01,1597,-0.07151162790697674,0.07037533512064353,-0.09569648924122309,-0.04256594724220619,0.3375209380234505
1979-05-01,1684,0.05447714464621156,-0.020930232558139528,-0.15078164397377714,-0.038812785388127824,0.4175084175084176
1979-06-01,1640,-0.026128266033254133,0.026925485284909234,-0.08174692049272114,-0.027860106698280984,0.31726907630522083
1979-07-01,1534,-0.06463414634146336,-0.0890736342042755,-0.09284447072738022,-0.13820224719101126,0.17188693659281884
1979-08-01,1591,0.03715775749674055,-0.02987804878048783,-0.09137635636778985,-0.049581839904420555,0.07427413909520597
1979-09-01,1638,0.029541169076052753,0.06779661016949157,-0.08029197080291972,-0.06825938566552903,0.14947368421052643
1979-10-01,1481,-0.09584859584859584,-0.06913890634820863,-0.17493036211699164,-0.1637492941840768,-0.032658393207054215
1979-11-01,1276,-0.13841998649561105,-0.221001221001221,-0.29812981298129815,-0.2725199543899658,-0.1555261416280609
1979-12-01,1254,-0.017241379310344862,-0.15327481431465229,-0.1416837782340863,-0.2793103448275862,-0.1446111869031378
1980-01-01,1280,0.020733652312599604,0.0031347962382444194,-0.1420911528150134,-0.2626728110599078,-0.17948717948717952
1980-02-01,1199,-0.06328124999999996,-0.04385964912280704,-0.3029069767441861,-0.3335186214563647,-0.27771084337349394
1980-03-01,988,-0.17597998331943288,-0.22812500000000002,-0.3813400125234815,-0.4928131416837782,-0.4048192771084337
1980-04-01,808,-0.18218623481781382,-0.3261050875729775,-0.5201900237529691,-0.5424688561721405,-0.5155875299760192
1980-05-01,861,0.06559405940594054,-0.12854251012145745,-0.475,-0.5658093797276853,-0.5085616438356164
1980-06-01,1118,0.29849012775842043,0.38366336633663356,-0.27118644067796616,-0.37402015677491607,-0.3372851215174867
1980-07-01,1259,0.1261180679785332,0.462253193960511,-0.2086737900691389,-0.2554701360141928,-0.29269662921348316
1980-08-01,1367,0.0857823669579032,0.22271914132379256,-0.1654456654456654,-0.21930325528269556,-0.18339307048984466
1980-09-01,1484,0.08558888076079008,0.17871326449563152,0.002025658338960179,-0.1667602470522178,-0.15585893060295786
1980-10-01,1366,-0.07951482479784366,-0.000731528895391409,0.07053291536050166,-0.2389972144846797,-0.22868435911914176
1980-11-01,1383,0.012445095168374776,-0.06805929919137466,0.10287081339712922,-0.23927392739273923,-0.2115165336374002
1980-12-01,1249,-0.09689081706435287,-0.08565153733528552,-0.024218749999999956,-0.14510609171800137,-0.28218390804597704
1981-01-01,1221,-0.022417934347477964,-0.1171366594360087,0.0183486238532109,-0.18163538873994634,-0.2966589861751152
1981-02-01,1199,-0.018018018018018056,-0.04003202562049635,0.21356275303643724,-0.3029069767441861,-0.3335186214563647
1981-03-01,1183,-0.01334445371142623,-0.031122031122031157,0.4641089108910892,-0.2592360676268003,-0.3927104722792608
1981-04-01,1190,0.00591715976331364,-0.007506255212677226,0.38211382113821135,-0.29334916864608074,-0.32616081540203845
1981-05-01,1173,-0.014285714285714235,-0.008453085376162295,0.049194991055456105,-0.28475609756097564,-0.4084720121028744
1981-06-01,976,-0.16794543904518333,-0.17983193277310927,-0.2247815726767276,-0.363754889178618,-0.4535274356103024
1981-07-01,935,-0.04200819672131151,-0.2028985507246377,-0.3160204828090709,-0.4123192960402263,-0.4470727380248374
1981-08-01,889,-0.04919786096256684,-0.08913934426229508,-0.40094339622641506,-0.4572649572649573,-0.49229011993146776
1981-09-01,847,-0.047244094488189003,-0.09411764705882353,-0.3799414348462665,-0.4280891289669142,-0.5244244806288603
1981-10-01,731,-0.13695395513577335,-0.17772778402699663,-0.47143890093998553,-0.427115987460815,-0.5927576601671309
1981-11-01,748,0.023255813953488413,-0.11688311688311692,-0.40112089671737394,-0.4035087719298246,-0.5885588558855885
1981-12-01,796,0.06417112299465244,0.08891928864569087,-0.3480753480753481,-0.37812500000000004,-0.45516769336071183
1982-01-01,794,-0.002512562814070307,0.06149732620320858,-0.3377814845704754,-0.3377814845704754,-0.467828418230563
1982-02-01,808,0.017632241813602123,0.015075376884422065,-0.3169907016060862,-0.18218623481781382,-0.5302325581395348
1982-03-01,891,0.1027227722772277,0.12216624685138533,-0.25126050420168067,0.1027227722772277,-0.44207889793362554
1982-04-01,888,-0.0033670033670033517,0.0990099009900991,-0.24296675191815853,0.03135888501742157,-0.47268408551068886
1982-05-01,953,0.07319819819819817,0.06958473625140282,-0.023565573770491843,-0.14758497316636854,-0.4189024390243903
1982-06-01,913,-0.04197271773347322,0.028153153153153143,-0.02352941176470591,-0.2748212867355043,-0.4048239895697523
1982-07-01,1044,0.14348302300109528,0.09548793284365154,0.17435320584926894,-0.2362838332114119,-0.3438089252042741
1982-08-01,926,-0.1130268199233716,0.014238773274917849,0.09327036599763883,-0.376010781671159,-0.4346764346764347
1982-09-01,1042,0.12526997840172793,-0.0019157088122605526,0.4254445964432285,-0.23718887262079058,-0.2964213369345037
1982-10-01,1149,0.10268714011516322,0.24082073434125273,0.536096256684492,-0.16919739696312364,-0.09952978056426331
1982-11-01,1229,0.0696257615317668,0.17946257197696736,0.5439698492462313,-0.01601281024819856,-0.019936204146730474
1982-12-01,1351,0.09926769731489005,0.17580504786771112,0.7015113350125946,0.10647010647010657,0.055468749999999956
1983-01-01,1426,0.05551443375277576,0.16029292107404403,0.7648514851485149,0.1893244370308591,0.1893244370308591
1983-02-01,1471,0.03155680224403934,0.08882309400444122,0.6509539842873175,0.24344885883347422,0.4888663967611335
1983-03-01,1475,0.002719238613188235,0.03436185133239822,0.6610360360360361,0.23949579831932777,0.8254950495049505
1983-04-01,1566,0.061694915254237204,0.06458191706322225,0.6432318992654775,0.3350383631713556,0.8188153310104529
1983-05-01,1669,0.06577266922094505,0.13152542372881348,0.828039430449069,0.7100409836065573,0.49284436493738815
1983-06-01,1769,0.05991611743559022,0.12962962962962954,0.6944444444444444,0.8919786096256686,0.4050833995234313
1983-07-01,1795,0.01469756924816279,0.07549430796884371,0.9384449244060475,1.0191226096737909,0.3130943672275055
1983-08-01,1713,-0.045682451253481915,-0.03165630299604294,0.6439539347408829,1.0224321133412042,0.1543126684636118
1983-09-01,1585,-0.07472270869819031,-0.11699164345403901,0.3794604003481288,1.1682626538987688,0.1603221083455344
1983-10-01,1716,0.08264984227129335,0.0017513134851139256,0.39625711960943866,1.2941176470588234,0.24078091106290667
1983-11-01,1668,-0.027972027972028024,0.052365930599369115,0.23464100666173215,1.0954773869346734,0.33546837469975976
1983-12-01,1627,-0.024580335731414826,-0.05186480186480191,0.14095371669004209,1.0491183879093198,0.3325143325143325
1984-01-01,1816,0.11616472034419179,0.08872901678657064,0.2345343303874916,1.2475247524752477,0.5145954962468724
1984-02-01,1987,0.09416299559471364,0.2212661339889368,0.3471186440677967,1.230078563411897,0.6796280642434489
1984-03-01,1725,-0.1318570709612481,-0.05011013215859028,0.1015325670498084,0.9425675675675675,0.44957983193277307
1984-04-01,1776,0.029565217391304355,-0.10619023653749371,0.06411024565608159,0.8635886673662119,0.5140664961636829
1984-05-01,1741,-0.0197072072072072,0.00927536231884063,-0.015828151498021525,0.9069003285870756,0.783811475409836
1984-06-01,1814,0.04192992533027007,0.021396396396396344,0.010584958217270124,0.7375478927203065,0.9401069518716578
1984-07-01,1605,-0.11521499448732087,-0.07811602527283168,-0.0630472854640981,0.7332613390928726,0.8053993250843645
1984-08-01,1530,-0.04672897196261683,-0.1565600882028666,-0.034700315457413256,0.46833013435700566,0.806375442739079
1984-09-01,1523,-0.004575163398692794,-0.05109034267912771,-0.11247086247086246,0.32550043516100957,1.0834473324213407
1984-10-01,1490,-0.02166776099803025,-0.02614379084967322,-0.10671462829736211,0.2123677786818552,0.9919786096256684
1984-11-01,1643,0.1026845637583893,0.0787918581746554,0.009834050399508243,0.21613619541080675,1.0640703517587942
1984-12-01,1626,-0.010346926354230068,0.09127516778523481,-0.10462555066079293,0.14025245441795242,1.0478589420654911
1985-01-01,1660,0.02091020910209096,0.010346926354229957,-0.16456970306995466,0.12848402447314755,1.0544554455445545
1985-02-01,1662,0.00120481927710836,0.022140221402213944,-0.03652173913043477,0.12677966101694915,0.8653198653198653
1985-03-01,1727,0.03910950661853185,0.0403614457831325,-0.027590090090090058,0.10280970625798203,0.9448198198198199
1985-04-01,1664,-0.03647944412275628,0.001203369434416457,-0.04422745548535323,-0.0029958058717795,0.746065057712487
1985-05-01,1709,0.027043269230769162,-0.01042269832078746,-0.057883131201764026,-0.0339174674957603,0.8718510405257394
1985-06-01,1716,0.0040959625511995945,0.03125,0.06915887850467284,-0.044011142061281316,0.6436781609195403
1985-07-01,1697,-0.011072261072261114,-0.00702165008777067,0.10915032679738568,-0.009340338587273789,0.8326133909287257
1985-08-01,1808,0.06540954625810258,0.053613053613053685,0.1871306631648062,0.1406940063091482,0.7351247600767754
1985-09-01,1916,0.05973451327433632,0.1290512669416617,0.28590604026845634,0.1165501165501166,0.6675369886858138
1985-10-01,1743,-0.09029227557411279,-0.03595132743362828,0.0608642726719415,0.04496402877697836,0.41822620016273393
1985-11-01,1692,-0.029259896729776247,-0.1169102296450939,0.040590405904058935,0.03995082974800246,0.25240562546262035
1985-12-01,1794,0.06028368794326244,0.029259896729776358,0.080722891566265,-0.01211453744493396,0.25806451612903225
1986-01-01,1847,0.029542920847268617,0.09160756501182044,0.11131167268351394,-0.07045797684952193,0.255608429639701
1986-02-01,1767,-0.043313481321061165,-0.015050167224080258,0.023161551823972282,0.024347826086956514,0.19796610169491524
1986-03-01,1780,0.007357102433503071,-0.03627504060638875,0.06971153846153855,0.0022522522522523403,0.13665389527458482
1986-04-01,1858,0.043820224719101075,0.05149971703452172,0.08718548858981867,0.06720275703618617,0.11324146195326534
1986-05-01,1797,-0.032831001076426225,0.00955056179775271,0.0472027972027973,-0.009371554575523744,0.015828151498021414
1986-06-01,1790,-0.0038953811908736258,-0.03659849300322926,0.054802592810842654,0.11526479750778806,-0.0027855153203342198
1986-07-01,1780,-0.005586592178770999,-0.009460211463550361,-0.015486725663716783,0.1633986928104576,0.03911266783420908
1986-08-01,1726,-0.030337078651685445,-0.03575418994413404,-0.09916492693110646,0.13328956007879178,0.08895899053627754
1986-09-01,1686,-0.023174971031286185,-0.05280898876404494,-0.03270223752151458,0.1315436241610739,-0.0174825174825175
1986-10-01,1675,-0.006524317912218303,-0.029548088064889955,-0.01004728132387711,0.019476567255021227,0.004196642685851293
1986-11-01,1644,-0.01850746268656711,-0.02491103202846978,-0.08361204013377932,0.011070110701107083,0.010448678549477508
1986-12-01,1903,0.15754257907542568,0.13611940298507452,0.030319436924742815,0.1463855421686746,0.0479074889867841
1987-01-01,1690,-0.11192853389385182,0.027980535279805263,-0.043576683644595327,0.016847172081829065,-0.14947156517362858
1987-02-01,1689,-0.0005917159763313418,-0.11245401996847082,-0.05112359550561796,-0.0220034742327736,-0.02086956521739125
1987-03-01,1704,0.008880994671403242,0.008284023668639007,-0.08288482238966632,0.024038461538461453,-0.04054054054054057
1987-04-01,1601,-0.060446009389671373,-0.052101835405565455,-0.10907067334446297,-0.06319485078993559,-0.08041355542791495
1987-05-01,1500,-0.06308557151780136,-0.11971830985915488,-0.16201117318435754,-0.12587412587412583,-0.1730981256890849
1987-06-01,1522,0.014666666666666606,-0.04934415990006247,-0.14494382022471908,-0.10312315851502651,-0.05171339563862931
1987-07-01,1516,-0.003942181340341633,0.010666666666666602,-0.12166859791425255,-0.16150442477876104,-0.009150326797385588
1987-08-01,1511,-0.0032981530343008103,-0.007227332457293012,-0.10379596678529068,-0.2113778705636743,-0.007879185817465495
1987-09-01,1514,0.0019854401058900795,-0.0013192612137202797,-0.0961194029850746,-0.13138267355134825,0.016107382550335503
1987-10-01,1447,-0.04425363276089833,-0.042356055592322917,-0.11982968369829683,-0.14479905437352247,-0.11929397443700551
1987-11-01,1457,0.006910850034554272,-0.03764861294583888,-0.23436678928008403,-0.18784838350055744,-0.10393603936039364
1987-12-01,1345,-0.0768702814001373,-0.07049067035245338,-0.20414201183431957,-0.27179209528965886,-0.18975903614457834
1988-01-01,1244,-0.07509293680297402,-0.14619080301990395,-0.26346950858496154,-0.29598189020939447,-0.2515042117930204
1988-02-01,1438,0.1559485530546625,0.06914498141263947,-0.1561032863849765,-0.19213483146067412,-0.1673422119281992
1988-03-01,1525,0.060500695410292016,0.22588424437299026,-0.04747033104309806,-0.17922497308934338,-0.08353365384615385
1988-04-01,1429,-0.06295081967213112,-0.006258692628650864,-0.04733333333333334,-0.20478575403450194,-0.16383850204798123
1988-05-01,1444,0.01049685094471653,-0.05311475409836064,-0.05124835742444156,-0.19329608938547482,-0.15850815850815847
1988-06-01,1485,0.028393351800553912,0.039188243526941946,-0.02044854881266489,-0.1657303370786517,-0.12492634060106067
1988-07-01,1439,-0.03097643097643099,-0.003462603878116366,-0.04765056254136335,-0.1662804171494786,-0.2040929203539823
1988-08-01,1460,0.01459346768589298,-0.01683501683501687,-0.03566710700132103,-0.13404507710557534,-0.23799582463465552
1988-09-01,1436,-0.016438356164383605,-0.0020847810979847115,-0.007601935038009655,-0.14268656716417916,-0.1761331038439472
1988-10-01,1516,0.055710306406685284,0.03835616438356171,0.04049416609471512,-0.07785888077858882,-0.10401891252955087
1988-11-01,1508,-0.00527704485488123,0.05013927576601662,0.12118959107806693,-0.20756699947451396,-0.1594202898550725
1988-12-01,1501,-0.004641909814323553,-0.00989445910290232,0.20659163987138274,-0.11183431952662726,-0.1873308067135896
1989-01-01,1466,-0.023317788141239193,-0.02785145888594165,0.01947148817802513,-0.1320307874481942,-0.17034521788341828
1989-02-01,1383,-0.05661664392905863,-0.07861425716189208,-0.09311475409836067,-0.18838028169014087,-0.22303370786516852
1989-03-01,1214,-0.12219812002892261,-0.17189631650750337,-0.15045486354093773,-0.24172392254840724,-0.3466092572658773
1989-04-01,1376,0.13344316309719928,-0.005061460592913902,-0.047091412742382266,-0.08266666666666667,-0.2342793544796884
1989-05-01,1381,0.00363372093023262,0.1375617792421746,-0.07003367003367,-0.09264126149802887,-0.22849162011173185
1989-06-01,1322,-0.042722664735698745,-0.03924418604651159,-0.08130646282140375,-0.12796833773087068,-0.2573033707865169
1989-07-01,1283,-0.029500756429651998,-0.07096307023895732,-0.12123287671232874,-0.1508934480476506,-0.2566628041714948
1989-08-01,1334,0.0397505845674202,0.00907715582450841,-0.07103064066852371,-0.11889035667107006,-0.20877817319098457
1989-09-01,1314,-0.014992503748125885,0.024162120031177015,-0.13324538258575203,-0.09191430545957158,-0.21552238805970148
1989-10-01,1365,0.038812785388127935,0.023238380809595283,-0.09482758620689657,-0.06314344543582706,-0.16970802919708028
1989-11-01,1344,-0.01538461538461533,0.022831050228310446,-0.10459693537641568,-0.0007434944237918462,-0.2937467157120336
1989-12-01,1422,0.05803571428571419,0.04175824175824183,-0.030013642564802212,0.14308681672025725,-0.1585798816568047
1990-01-01,1748,0.22925457102672286,0.30059523809523814,0.2639190166305134,0.21557719054241997,0.0349319123741858
1990-02-01,1329,-0.23970251716247137,-0.06540084388185652,0.09472817133443168,-0.12852459016393447,-0.22007042253521125
1990-03-01,1246,-0.062452972159518394,-0.28718535469107553,-0.09447674418604646,-0.12806158152554237,-0.22173641474078698
1990-04-01,1136,-0.0882825040128411,-0.14522197140707294,-0.17740767559739323,-0.21329639889196672,-0.2426666666666667
1990-05-01,1067,-0.06073943661971826,-0.1436597110754414,-0.1928895612708018,-0.28148148148148144,-0.2989487516425755
1990-06-01,1108,0.03842549203373946,-0.02464788732394363,-0.1363990646921278,-0.23002084781097987,-0.2691292875989446
1990-07-01,1078,-0.027075812274368283,0.010309278350515427,-0.19190404797601202,-0.26164383561643834,-0.28656518861681
1990-08-01,1069,-0.008348794063079756,-0.035198555956678645,-0.18645357686453579,-0.25557103064066855,-0.2939233817701453
1990-09-01,976,-0.0869971936389149,-0.09461966604823746,-0.28498168498168497,-0.3562005277044855,-0.3255010366275052
1990-10-01,925,-0.052254098360655754,-0.13470533208606172,-0.31175595238095233,-0.386604774535809,-0.365133836650652
1990-11-01,941,0.017297297297297343,-0.035860655737704916,-0.33825597749648384,-0.37308461025982675,-0.30037174721189586
1990-12-01,861,-0.08501594048884165,-0.06918918918918915,-0.5074370709382151,-0.41268758526603,-0.30787781350482313
1991-01-01,786,-0.08710801393728218,-0.16471838469713074,-0.4085778781038375,-0.4316702819956616,-0.45340751043115435
1991-02-01,853,0.08524173027989823,-0.009291521486643473,-0.3154093097913323,-0.29736408566721584,-0.44065573770491806
1991-03-01,911,0.06799531066822984,0.15903307888040707,-0.19806338028169013,-0.3379360465116279,-0.3624912526242128
1991-04-01,916,0.005488474204171201,0.0738569753810081,-0.14151827553889407,-0.33671252715423605,-0.3656509695290858
1991-05-01,991,0.08187772925764203,0.08781558726673988,-0.10559566787003605,-0.2503782148260212,-0.33265993265993266
1991-06-01,964,-0.0272452068617558,0.05240174672489073,-0.10575139146567714,-0.24863600935307872,-0.330090340514246
1991-07-01,973,0.009336099585062207,-0.01816347124117057,-0.08980355472404111,-0.2706146926536732,-0.3335616438356165
1991-08-01,944,-0.029804727646454254,-0.020746887966805017,-0.032786885245901676,-0.28158295281582957,-0.34261838440111425
1991-09-01,974,0.03177966101694918,0.0010277492291881352,0.052972972972972876,-0.28644688644688643,-0.3575197889182058
1991-10-01,991,0.017453798767967044,0.04978813559322037,0.05313496280552599,-0.26264880952380953,-0.34283819628647216
1991-11-01,984,-0.007063572149344055,0.010266940451745477,0.1428571428571428,-0.3080168776371308,-0.34443704197201863
1991-12-01,1061,0.07825203252032531,0.070635721493441,0.3498727735368956,-0.3930205949656751,-0.2762619372442019
1992-01-01,1077,0.015080113100848225,0.09451219512195119,0.26260257913247353,-0.18961625282167038,-0.22125813449023857
1992-02-01,1146,0.06406685236768794,0.08011310084825629,0.2579582875960482,-0.0802568218298555,-0.05601317957166396
1992-03-01,1082,-0.05584642233856896,0.00464252553389044,0.18122270742358082,-0.047535211267605626,-0.21366279069767447
1992-04-01,1054,-0.025878003696857665,-0.08027923211169286,0.06357214934409683,-0.012183692596063778,-0.23678493845039827
1992-05-01,1056,0.00189753320683117,-0.02402957486136781,0.09543568464730301,-0.04693140794223827,-0.20121028744326774
1992-06-01,1057,0.0009469696969697239,0.002846299810246755,0.08633093525179847,-0.01948051948051943,-0.1761496492595479
1992-07-01,1089,0.030274361400189242,0.03125,0.15360169491525433,0.018709073900841977,-0.18365817091454273
1992-08-01,1075,-0.012855831037649201,0.017029328287606393,0.10369609856262829,0.10143442622950816,-0.18188736681887363
1992-09-01,1114,0.036279069767441774,0.022956841138659367,0.12411705348133206,0.20432432432432424,-0.1838827838827839
1992-10-01,1132,0.016157989228007263,0.053023255813953396,0.15040650406504064,0.20297555791710953,-0.15773809523809523
1992-11-01,1118,-0.012367491166077715,0.0035906642728904536,0.05372290292177184,0.29849012775842043,-0.21378340365682136
1992-12-01,1176,0.051878354203935606,0.03886925795053009,0.09192200557103059,0.4961832061068703,-0.3272311212814645
1993-01-01,1177,0.0008503401360544505,0.05277280858676203,0.027050610820244403,0.37983587338804226,-0.11437170805116625
1993-02-01,1148,-0.024638912489379772,-0.023809523809523836,0.060998151571164616,0.2601536772777169,-0.0786516853932584
1993-03-01,1056,-0.08013937282229966,-0.10280373831775702,0.00189753320683117,0.15283842794759828,-0.07042253521126762
1993-04-01,1104,0.045454545454545414,-0.0383275261324042,0.045454545454545414,0.11402623612512608,0.03467666354264298
1993-05-01,1112,0.007246376811594235,0.05303030303030298,0.05203405865657529,0.15352697095435675,0.0036101083032491488
1993-06-01,1130,0.01618705035971213,0.023550724637681153,0.037649219467401185,0.16135662898252834,0.04823747680890533
1993-07-01,1174,0.038938053097345104,0.055755395683453335,0.09209302325581392,0.24364406779661008,0.09822263797941999
1993-08-01,1230,0.047700170357751315,0.08849557522123885,0.10412926391382404,0.2628336755646816,0.26024590163934436
1993-09-01,1251,0.017073170731707332,0.065587734241908,0.10512367491166086,0.26236125126135224,0.3524324324324324
1993-10-01,1287,0.02877697841726623,0.04634146341463419,0.15116279069767447,0.3079268292682926,0.36769394261424027
1993-11-01,1357,0.0543900543900544,0.0847322142286171,0.15391156462585043,0.2789820923656927,0.5760743321718931
1993-12-01,1461,0.07663964627855568,0.13519813519813528,0.24129141886151229,0.35654596100278546,0.8587786259541985
1994-01-01,1390,-0.04859685147159476,0.02431834929992638,0.21080139372822293,0.21291448516579403,0.6295427901524033
1994-02-01,1269,-0.08705035971223019,-0.1314168377823408,0.20170454545454541,0.17282809611829952,0.3929747530186609
1994-03-01,1342,0.05752561071710005,-0.03453237410071941,0.2155797101449275,0.27324478178368117,0.46506550218340603
1994-04-01,1392,0.037257824143070106,0.09692671394799057,0.2517985611510791,0.3181818181818181,0.40464177598385476
1994-05-01,1396,0.002873563218390718,0.04023845007451565,0.23539823008849559,0.3207190160832545,0.4481327800829875
1994-06-01,1357,-0.027936962750716332,-0.025143678160919558,0.15587734241908002,0.24609733700642789,0.3946557040082219
1994-07-01,1335,-0.01621223286661755,-0.043696275071633206,0.08536585365853666,0.241860465116279,0.41419491525423724
1994-08-01,1377,0.03146067415730336,0.014738393515106862,0.1007194244604317,0.23608617594254944,0.41375770020533875
1994-09-01,1412,0.02541757443718229,0.0576779026217229,0.0971250971250972,0.24734982332155475,0.4248234106962665
1994-10-01,1397,-0.010623229461756423,0.014524328249818419,0.029476787030213725,0.24955277280858668,0.4197154471544715
1994-11-01,1340,-0.040801717967072326,-0.05099150141643061,-0.08281998631074605,0.1394557823129252,0.26295947219604154
1994-12-01,1396,0.04179104477611939,-0.0007158196134574579,0.004316546762589857,0.1860662701784197,0.29619312906220974
1995-01-01,1282,-0.08166189111747846,-0.043283582089552186,0.010244286840031425,0.11672473867595823,0.11867364746945896
1995-02-01,1254,-0.021840873634945357,-0.10171919770773641,-0.06557377049180324,0.1875,0.1589648798521257
1995-03-01,1226,-0.022328548644338087,-0.043681747269890825,-0.11925287356321834,0.11050724637681153,0.1631878557874762
1995-04-01,1259,0.026916802610114088,0.003987240829345984,-0.09813753581661888,0.1321942446043165,0.1922348484848484
1995-05-01,1271,0.009531374106433788,0.0367047308319739,-0.06337509211495951,0.12477876106194685,0.2024597918637654
1995-06-01,1305,0.026750590086546122,0.03653693407466241,-0.022471910112359605,0.11158432708688237,0.19834710743801653
1995-07-01,1354,0.037547892720306564,0.06530291109362696,-0.016702977487291215,0.10081300813008132,0.25953488372093014
1995-08-01,1386,0.02363367799113747,0.06206896551724128,-0.018413597733711096,0.1079136690647482,0.24416517055655307
1995-09-01,1421,0.025252525252525304,0.04948301329394389,0.01717967072297788,0.10411810411810407,0.2553003533568905
1995-10-01,1400,-0.014778325123152691,0.010101010101010166,0.04477611940298498,0.0316875460574797,0.2522361359570662
1995-11-01,1430,0.021428571428571352,0.006333567909922566,0.024355300859598916,-0.021218343600273748,0.2159863945578231
1995-12-01,1442,0.008391608391608463,0.030000000000000027,0.12480499219968788,0.037410071942445944,0.22514868309260838
1996-01-01,1387,-0.038141470180305115,-0.030069930069930084,0.10606060606060597,0.09298660362490141,0.20818815331010443
1996-02-01,1420,0.023792357606344572,-0.015256588072122046,0.15823817292006526,0.058122205663189375,0.3446969696969697
1996-03-01,1437,0.011971830985915588,0.03604902667627985,0.14138204924543296,0.032327586206896575,0.30163043478260865
1996-04-01,1463,0.018093249826026447,0.03028169014084514,0.1510621557828482,0.04799426934097428,0.3156474820143884
1996-05-01,1457,-0.004101161995898828,0.01391788448155884,0.11647509578544057,0.07369196757553431,0.2893805309734514
1996-06-01,1429,-0.019217570350034352,-0.02323991797676006,0.0553914327917282,0.07041198501872659,0.217206132879046
1996-07-01,1450,0.01469559132260323,-0.0048043925875085325,0.04617604617604609,0.05301379811183726,0.17886178861788626
1996-08-01,1413,-0.02551724137931033,-0.011196641007697683,-0.005629838142153454,0.0007082152974504652,0.12949640287769792
1996-09-01,1392,-0.014861995753715496,-0.040000000000000036,-0.005714285714285672,-0.0035790980672870676,0.0815850815850816
1996-10-01,1358,-0.02442528735632188,-0.038924274593064356,-0.05034965034965033,0.013432835820895495,0.0007369196757553986
1996-11-01,1412,0.0397643593519883,0.014367816091954033,-0.020804438280166426,0.011461318051575908,-0.033538672142368275
1996-12-01,1411,-0.0007082152974504652,0.03902798232695148,0.017303532804614274,0.10062402496099843,0.015107913669064832
1997-01-01,1382,-0.020552799433026236,-0.021246458923512734,-0.026760563380281654,0.10207336523125998,0.08904649330181247
1997-02-01,1445,0.04558610709117228,0.024096385542168752,0.005567153792623625,0.1786296900489397,0.0767511177347242
1997-03-01,1436,-0.00622837370242213,0.0390738060781477,-0.018455228981544725,0.1405877680698968,0.031609195402298784
1997-04-01,1421,-0.010445682451253435,-0.01660899653979242,-0.024708304735758357,0.11801730920535003,0.017908309455587412
1997-05-01,1414,-0.0049261083743842304,-0.01532033426183843,-0.01049685094471664,0.08352490421455938,0.04200442151805461
1997-06-01,1402,-0.008486562942008447,-0.013370865587614356,-0.03310344827586209,0.03545051698670609,0.05018726591760303
1997-07-01,1440,0.02710413694721825,0.018387553041018467,0.019108280254777066,0.03896103896103886,0.045751633986928164
1997-08-01,1449,0.006250000000000089,0.03352353780313844,0.04094827586206895,0.019704433497536922,0.026203966005665658
1997-09-01,1494,0.03105590062111796,0.03750000000000009,0.10014727540500745,0.06714285714285717,0.06943450250536864
1997-10-01,1499,0.0033467202141901353,0.03450655624568677,0.06161473087818692,0.04825174825174816,0.11865671641791042
1997-11-01,1469,-0.020013342228152098,-0.016733601070950455,0.04110559886605247,0.018723994452149784,0.05229226361031514
1997-12-01,1456,-0.008849557522123908,-0.02868579052701803,0.05354558610709126,0.049747656813265984,0.13572542901716078
1998-01-01,1555,0.06799450549450547,0.058543226684819594,0.0761245674740485,0.09507042253521125,0.2400318979266347
1998-02-01,1647,0.05916398713826365,0.13118131868131866,0.1469359331476323,0.14613778705636737,0.3433931484502446
1998-03-01,1605,-0.025500910746812377,0.03215434083601276,0.12948627726952844,0.09706083390293907,0.27482128673550443
1998-04-01,1547,-0.03613707165109037,-0.060716454159077116,0.09405940594059414,0.061770761839396116,0.21715184893784412
1998-05-01,1554,0.004524886877828038,-0.03177570093457949,0.108416547788873,0.08747375787263811,0.19080459770114944
1998-06-01,1551,-0.0019305019305019266,0.0025856496444731647,0.07708333333333339,0.06965517241379304,0.1454948301329395
1998-07-01,1610,0.0380399742101869,0.03603603603603611,0.11111111111111116,0.13941967445152148,0.16161616161616155
1998-08-01,1654,0.027329192546583947,0.06640876853642808,0.107095046854083,0.1882183908045978,0.16396903589021816
1998-09-01,1577,-0.04655380894800487,-0.02049689440993785,0.052034689793195366,0.16126656848306342,0.12642857142857133
1998-10-01,1719,0.09004438807863036,0.03929866989117281,0.17018379850238263,0.21742209631728038,0.20209790209790213
1998-11-01,1672,-0.02734147760325767,0.06024096385542177,0.14835164835164827,0.18497519489723602,0.15950069348127593
1998-12-01,1742,0.04186602870813405,0.013379872018615568,0.12025723472668814,0.26049204052098407,0.2559480894015862
1999-01-01,1732,-0.00574052812858783,0.03588516746411474,0.051608986035215576,0.19861591695501724,0.21971830985915486
1999-02-01,1720,-0.006928406466512715,-0.012629161882893203,0.07165109034267902,0.1977715877437325,0.19693806541405712
1999-03-01,1665,-0.03197674418604646,-0.038683602771362624,0.07627666451195858,0.17171006333567918,0.13807245386192757
1999-04-01,1600,-0.03903903903903905,-0.06976744186046513,0.029601029601029616,0.13154172560113153,0.09814687714481818
1999-05-01,1640,0.02499999999999991,-0.01501501501501501,0.05738233397807857,0.16975748930099854,0.14765570328901334
1999-06-01,1702,0.03780487804878052,0.06374999999999997,0.05714285714285716,0.18194444444444446,0.1737931034482758
1999-07-01,1682,-0.011750881316098694,0.025609756097561,0.016928657799274438,0.16080055210489985,0.19037508846426054
1999-08-01,1671,-0.006539833531510109,-0.01821386603995301,0.05960684844641717,0.11847389558232924,0.20043103448275867
1999-09-01,1551,-0.07181328545780974,-0.07788347205707491,-0.09773123909249559,0.034689793195463725,0.14212076583210598
1999-10-01,1649,0.0631850419084461,-0.013165769000598404,-0.013755980861243966,0.12253233492171556,0.1678470254957507
1999-11-01,1672,0.013947847180109108,0.07801418439716312,-0.04018369690011481,0.14835164835164827,0.18497519489723602
1999-12-01,1683,0.006578947368421018,0.020618556701030855,-0.02829099307159355,0.08231511254019286,0.2178002894356006
2000-01-01,1727,0.02614379084967311,0.03289473684210531,0.0040697674418603835,0.04857316332726169,0.19515570934256066
2000-02-01,1692,-0.020266357845975635,0.005347593582887722,0.016216216216216273,0.0542056074766355,0.17827298050139273
2000-03-01,1651,-0.024231678486997588,-0.0440069484655472,0.0318750000000001,0.0672268907563025,0.16185784658691071
2000-04-01,1597,-0.032707450030284635,-0.056146572104018966,-0.026219512195121975,0.027670527670527578,0.1294200848656295
2000-05-01,1543,-0.033813400125234816,-0.06541490006056938,-0.09341950646298469,-0.0051579626047710825,0.10057061340941509
2000-06-01,1572,0.0187945560596241,-0.015654351909830888,-0.06539833531510109,-0.023602484472049712,0.09166666666666656
2000-07-01,1542,-0.01908396946564883,-0.0006480881399870686,-0.07719928186714542,-0.06771463119709797,0.06418219461697716
2000-08-01,1552,0.006485084306095956,-0.012722646310432517,0.0006447453255964408,-0.01585288522511097,0.038821954484605126
2000-09-01,1570,0.011597938144329856,0.018158236057068677,-0.04790782292298368,-0.08667830133798715,0.04736490993996001
2000-10-01,1577,0.00445859872611476,0.016108247422680355,-0.05681818181818177,-0.05681818181818177,0.07351940095302933
2000-11-01,1614,0.023462270133164154,0.028025477707006363,-0.04099821746880572,-0.07347876004592424,0.10851648351648358
2000-12-01,1543,-0.04399008674101612,-0.021559923906150913,-0.10654313839027219,-0.10912240184757505,-0.007717041800643032
2001-01-01,1699,0.10110174983797804,0.05266418835192077,0.004137115839243588,-0.012209302325581373,0.031572556162720034
2001-02-01,1656,-0.025309005297233678,0.07323395981853542,0.0030284675953966556,-0.00540540540540535,0.031775700934579376
2001-03-01,1659,0.0018115942028984477,-0.023543260741612726,0.038822792736380674,0.03687499999999999,0.07239819004524883
2001-04-01,1666,0.00421940928270037,0.006038647342995196,0.07971484121840566,0.01585365853658538,0.072072072072072
2001-05-01,1665,-0.0006002400960384291,0.003616636528029016,0.059160305343511466,-0.021739130434782594,0.07350096711798848
2001-06-01,1626,-0.023423423423423406,-0.02400960384153661,0.054474708171206254,-0.03329369797859694,0.009937888198757738
2001-07-01,1598,-0.017220172201722006,-0.0402402402402402,0.029639175257731853,-0.04368641532016759,-0.03385731559854899
2001-08-01,1615,0.010638297872340496,-0.006765067650676526,0.02866242038216571,0.04126370083816888,0.024096385542168752
2001-09-01,1565,-0.03095975232198145,-0.020650813516896127,-0.007609384908053296,-0.050939963614311745,-0.08958696916812103
2001-10-01,1566,0.0006389776357826893,-0.030340557275541746,-0.029739776951672847,-0.0633971291866029,-0.0633971291866029
2001-11-01,1651,0.05427841634738195,0.054952076677316386,0.06999351911860008,-0.019013666072489555,-0.052238805970149294
2001-12-01,1680,0.017565112053301135,0.07279693486590033,-0.011183048852266064,-0.027214823393167387,-0.03002309468822173
2002-01-01,1665,-0.008928571428571397,0.008479709267110946,0.005434782608695565,-0.015957446808510634,-0.03197674418604646
2002-02-01,1787,0.07327327327327327,0.06369047619047619,0.07715491259795049,0.08237431859479094,0.07327327327327327
2002-03-01,1691,-0.0537213206491326,0.01561561561561553,0.015006002400960394,0.058860363180964326,0.05687500000000001
2002-04-01,1669,-0.013010053222945017,-0.06603245663122548,0.002402402402402304,0.08165910563836687,0.017682926829268197
2002-05-01,1716,0.028160575194727366,0.014784151389710232,0.05535055350553497,0.09160305343511443,0.008225616921269108
2002-06-01,1758,0.02447552447552437,0.053325344517675344,0.10012515644555697,0.1400778210116731,0.045184304399524367
2002-07-01,1738,-0.011376564277588153,0.012820512820512775,0.07616099071207438,0.11984536082474229,0.04009575104727703
2002-08-01,1695,-0.02474108170310707,-0.03583617747440271,0.08306709265175716,0.07961783439490455,0.09284332688588015
2002-09-01,1803,0.06371681415929209,0.03739930955120818,0.15134099616858232,0.1433100824350031,0.09338993329290468
2002-10-01,1799,-0.002218524681087075,0.06135693215339244,0.08964264082374318,0.11462205700123906,0.075956937799043
2002-11-01,1771,-0.015564202334630295,-0.0177481974486966,0.054166666666666696,0.14776409591704476,0.05228758169934644
2002-12-01,1896,0.0705815923207227,0.053918843802112315,0.13873873873873865,0.11595055915244257,0.09785755645628247
2003-01-01,1808,-0.04641350210970463,0.020892151326934005,0.01175153889199776,0.09178743961352653,0.0685579196217494
2003-02-01,1854,0.025442477876106206,-0.022151898734177222,0.09639266706091076,0.11754068716094035,0.12295578437310728
2003-03-01,1757,-0.05231930960086295,-0.028207964601769886,0.052726183343319244,0.054621848739495826,0.10018785222291804
2003-04-01,1803,0.026180990324416564,-0.027508090614886682,0.05069930069930062,0.08288288288288292,0.16850291639662984
2003-05-01,1835,0.0177481974486966,0.044393853158793295,0.04379977246871447,0.12853628536285355,0.16730279898218825
2003-06-01,1875,0.021798365122615904,0.03993344425956735,0.07882623705408509,0.1733416770963705,0.215953307392996
2003-07-01,1885,0.005333333333333412,0.027247956403269713,0.11209439528023601,0.16718266253869962,0.214561855670103
2003-08-01,1966,0.04297082228116711,0.04853333333333332,0.09040488075429831,0.2562300319488817,0.25222929936305727
2003-09-01,1961,-0.0025432349949134903,0.04031830238726797,0.09005002779321836,0.252234993614304,0.24350031705770459
2003-10-01,2012,0.026007139214686337,0.02339776195320442,0.13608130999435342,0.21865536038764377,0.24659231722428743
2003-11-01,1918,-0.046719681908548694,-0.02192758796532379,0.011603375527426074,0.1416666666666666,0.2430330524951394
2003-12-01,1987,0.03597497393117832,-0.0124254473161034,0.09900442477876115,0.19339339339339334,0.16951147733961158
2004-01-01,1952,-0.017614494212380483,0.01772679874869665,0.05285868392664517,0.09233351986569671,0.1787439613526569
2004-02-01,1966,0.0071721311475410054,-0.010568696527428312,0.11895276038702329,0.16262566528681255,0.18505123568414716
2004-03-01,2066,0.05086469989827069,0.058401639344262346,0.1458679977814754,0.23786698621929303,0.2400960384153661
2004-04-01,2070,0.0019361084220717029,0.0528992878942014,0.12806539509536785,0.20629370629370625,0.2432432432432432
2004-05-01,2150,0.03864734299516903,0.04065827686350443,0.14666666666666672,0.222980659840728,0.3222632226322264
2004-06-01,2020,-0.06046511627906981,-0.024154589371980673,0.07161803713527859,0.1622554660529345,0.2640801001251565
2004-07-01,2112,0.045544554455445585,-0.017674418604651132,0.07426246185147511,0.24601769911504423,0.30773993808049527
2004-08-01,2056,-0.02651515151515149,0.017821782178217838,0.04844467108618056,0.14032168607875772,0.3137380191693291
2004-09-01,2041,-0.007295719844357951,-0.0336174242424242,0.014413518886679855,0.1345191773207337,0.30332056194125157
2004-10-01,2097,0.027437530622244077,0.019941634241245065,0.09332638164754958,0.18407679277244493,0.27013930950938825
2004-11-01,2079,-0.008583690987124415,0.018618324350808457,0.0463009562154002,0.09651898734177222,0.23750000000000004
2004-12-01,2082,0.0014430014430013571,-0.007153075822603716,0.06659836065573765,0.15154867256637172,0.25045045045045056
2005-01-01,2139,0.027377521613832778,0.02886002886002892,0.08799593082400814,0.15372168284789645,0.1969781757134863
2005-02-01,2114,-0.011687704534829368,0.015369836695485084,0.023233301064859546,0.20318725099601598,0.25014784151389713
2005-03-01,2062,-0.024597918637653704,-0.03599812996727447,-0.0038647342995169476,0.14364947310038834,0.2354703415218693
2005-04-01,2150,0.04267701260911738,0.017029328287606393,0.0,0.17166212534059944,0.25291375291375284
2005-05-01,2085,-0.03023255813953485,0.011154219204655647,0.03217821782178221,0.1120000000000001,0.18600682593856654
2005-06-01,2178,0.04460431654676267,0.013023255813953583,0.03125,0.1554376657824934,0.25316455696202533
2005-07-01,2203,0.011478420569329684,0.056594724220623505,0.07149805447470814,0.12054933875890139,0.2997050147492626
2005-08-01,2219,0.0072628234226055355,0.018824609733700592,0.08721215090641832,0.13156552779194297,0.23072656683305603
2005-09-01,2263,0.019828751689950463,0.027235587834770758,0.07916070577014778,0.124751491053678,0.25792106725958863
2005-10-01,2170,-0.04109589041095896,-0.02208201892744477,0.04377104377104368,0.13138686131386867,0.22529644268774707
2005-11-01,2218,0.022119815668202758,-0.0198851082633672,0.06532180595581183,0.11625566180171121,0.16983122362869207
2005-12-01,2120,-0.044183949504057685,-0.02304147465437789,-0.008882655446470267,0.08606557377049184,0.17256637168141586
2006-01-01,2212,0.04339622641509444,-0.0027051397655545317,0.04635761589403975,0.12512716174974559,0.1930960086299891
2006-02-01,2141,-0.032097649186256794,0.009905660377358405,0.038312318137730283,0.03630203291384326,0.21855435401252143
2006-03-01,2118,-0.010742643624474524,-0.042495479204339937,-0.014883720930232602,0.023188405797101463,0.1747088186356074
2006-04-01,1998,-0.056657223796033995,-0.06679121905651564,-0.04172661870503602,-0.07069767441860464,0.08882833787465949
2006-05-01,1905,-0.04654654654654655,-0.1005665722379604,-0.12534435261707988,-0.05693069306930698,0.016000000000000014
2006-06-01,1867,-0.019947506561679762,-0.06556556556556559,-0.15251929187471625,-0.11600378787878785,-0.009549071618037086
2006-07-01,1763,-0.05570433851098022,-0.07454068241469813,-0.20549797205948628,-0.1425097276264592,-0.1032553407934893
2006-08-01,1722,-0.023255813953488413,-0.07766470273165504,-0.239063190455148,-0.156295933365997,-0.12187659357470682
2006-09-01,1655,-0.03890824622531941,-0.06125921724333527,-0.2373271889400922,-0.2107773009060563,-0.17743538767395628
2006-10-01,1570,-0.051359516616314216,-0.08826945412311271,-0.29215509467989176,-0.24482924482924484,-0.18143899895724713
2006-11-01,1535,-0.022292993630573243,-0.07250755287009059,-0.27594339622641506,-0.2627281460134486,-0.2274786109713135
2006-12-01,1638,0.06710097719869701,0.043312101910828016,-0.259493670886076,-0.23422159887798033,-0.16086065573770492
2007-01-01,1626,-0.0073260073260073,0.05928338762214991,-0.24054180289584304,-0.23084200567644275,-0.17293997965412
2007-02-01,1598,-0.017220172201722006,-0.024420024420024444,-0.24551463644948068,-0.2250242483026188,-0.22652468538238146
2007-03-01,1596,-0.0012515644555695093,-0.01845018450184499,-0.20120120120120122,-0.2576744186046511,-0.22898550724637678
2007-04-01,1470,-0.07894736842105265,-0.0801001251564456,-0.22834645669291342,-0.29496402877697847,-0.3162790697674419
2007-05-01,1493,0.0156462585034014,-0.06453634085213034,-0.20032137118371718,-0.31450872359963267,-0.2608910891089109
2007-06-01,1407,-0.057602143335566014,-0.042857142857142816,-0.20192853091321616,-0.3613254652746255,-0.33380681818181823
2007-07-01,1361,-0.03269367448471927,-0.08841259209645014,-0.20963995354239262,-0.38666065795403337,-0.33803501945525294
2007-08-01,1321,-0.029390154298310045,-0.06112295664534473,-0.2018126888217523,-0.416261599646487,-0.3527682508574228
2007-09-01,1261,-0.04542013626040875,-0.07347538574577517,-0.19681528662420378,-0.4188940092165898,-0.3986647591797806
2007-10-01,1192,-0.0547184773988898,-0.0976532929598789,-0.2234527687296417,-0.4625788999098287,-0.4266474266474266
2007-11-01,1224,0.02684563758389258,-0.029341792228390173,-0.25274725274725274,-0.4226415094339623,-0.41210374639769454
2007-12-01,1149,-0.06127450980392157,-0.036073825503355694,-0.2933579335793358,-0.48056057866184454,-0.4628330995792427
2008-01-01,1094,-0.04786771105308962,-0.10620915032679734,-0.31539424280350437,-0.4890238206445586,-0.48249763481551566
2008-02-01,1014,-0.07312614259597805,-0.11749347258485643,-0.36466165413533835,-0.5212464589235127,-0.5082444228903977
2008-03-01,967,-0.04635108481262329,-0.11608775137111516,-0.3421768707482993,-0.5160160160160161,-0.5502325581395349
2008-04-01,1008,0.04239917269906934,-0.00591715976331364,-0.32484929671801743,-0.47086614173228347,-0.516546762589928
2008-05-01,995,-0.012896825396825351,0.028955532574974185,-0.2928216062544421,-0.4670594536689877,-0.5431588613406795
2008-06-01,1180,0.18592964824120606,0.1706349206349207,-0.13299044819985306,-0.3306863301191152,-0.46436677258284154
2008-07-01,921,-0.21949152542372885,-0.07437185929648238,-0.3028009084027252,-0.46515679442508706,-0.5849481748535377
2008-08-01,858,-0.0684039087947883,-0.2728813559322034,-0.31958762886597936,-0.481570996978852,-0.6208572691117985
2008-09-01,797,-0.07109557109557108,-0.1346362649294245,-0.3313758389261745,-0.4923566878980892,-0.6327188940092165
2008-10-01,736,-0.07653701380175659,-0.14219114219114215,-0.39869281045751637,-0.5205211726384364,-0.6681695220919748
2008-11-01,626,-0.1494565217391305,-0.21455457967377667,-0.45517841601392517,-0.6178266178266179,-0.7047169811320755
2008-12-01,554,-0.11501597444089462,-0.24728260869565222,-0.493601462522852,-0.6592865928659286,-0.7495479204339963
2009-01-01,545,-0.016245487364620947,-0.12939297124600635,-0.46252465483234717,-0.6589486858573217,-0.7454460532461467
2009-02-01,558,0.023853211009174258,0.0072202166064982976,-0.42295760082730094,-0.650375939849624,-0.7365439093484419
2009-03-01,513,-0.08064516129032262,-0.05871559633027523,-0.4910714285714286,-0.6510204081632653,-0.7432432432432432
2009-04-01,521,0.015594541910331383,-0.06630824372759858,-0.47638190954773874,-0.6510381781647689,-0.726509186351706
2009-05-01,556,0.06717850287907878,0.08382066276803113,-0.5288135593220339,-0.6048329779673063,-0.7021960364220675
2009-06-01,601,0.08093525179856109,0.1535508637236085,-0.34744842562432143,-0.5584129316678912,-0.659103800340329
2009-07-01,595,-0.009983361064891838,0.07014388489208634,-0.30652680652680653,-0.5495836487509462,-0.6544715447154472
2009-08-01,616,0.03529411764705892,0.024958402662229595,-0.22710163111668757,-0.5114988104678826,-0.6277945619335348
2009-09-01,609,-0.011363636363636354,0.0235294117647058,-0.17255434782608692,-0.48909395973154357,-0.6121019108280255
2009-10-01,583,-0.04269293924466333,-0.0535714285714286,-0.06869009584664532,-0.5236928104575164,-0.6201954397394136
2009-11-01,623,0.06861063464837058,0.02298850574712641,0.12454873646209386,-0.45778938207136644,-0.6196581196581197
2009-12-01,664,0.0658105939004816,0.13893653516295035,0.21834862385321108,-0.3930530164533821,-0.5916359163591636
2010-01-01,636,-0.04216867469879515,0.020866773675762396,0.13978494623655924,-0.3727810650887574,-0.6020025031289111
2010-02-01,650,0.022012578616352307,-0.02108433734939763,0.267056530214425,-0.327817993795243,-0.5927318295739348
2010-03-01,687,0.056923076923076854,0.08018867924528306,0.3186180422264875,-0.31845238095238093,-0.5326530612244897
2010-04-01,637,-0.07278020378457062,-0.020000000000000018,0.14568345323741005,-0.35979899497487433,-0.5733422638981915
2010-05-01,575,-0.09733124018838302,-0.1630276564774381,-0.043261231281197965,-0.5127118644067796,-0.5913290689410092
2010-06-01,587,0.02086956521739136,-0.07849293563579274,-0.013445378151260456,-0.3626492942453855,-0.5686994856722998
2010-07-01,579,-0.013628620102214661,0.006956521739130528,-0.06006493506493504,-0.3251748251748252,-0.5616956850870553
2010-08-01,580,0.0017271157167531026,-0.011925042589437829,-0.04761904761904767,-0.2722710163111669,-0.5400475812846948
2010-09-01,563,-0.02931034482758621,-0.02763385146804831,-0.03430531732418529,-0.23505434782608692,-0.5276845637583892
2010-10-01,558,-0.008880994671403242,-0.037931034482758585,-0.1043338683788122,-0.10862619808306706,-0.5441176470588236
2010-11-01,560,0.0035842293906809264,-0.005328596802841923,-0.15662650602409633,0.010830324909747224,-0.5126196692776328
2010-12-01,632,0.12857142857142856,0.13261648745519716,-0.0062893081761006275,0.15963302752293584,-0.42230347349177333
2011-01-01,576,-0.08860759493670889,0.02857142857142847,-0.11384615384615382,0.032258064516129004,-0.4319526627218935
2011-02-01,542,-0.05902777777777779,-0.14240506329113922,-0.2110625909752547,0.05653021442495132,-0.4395036194415719
2011-03-01,583,0.07564575645756455,0.012152777777777679,-0.0847723704866562,0.11900191938579652,-0.4216269841269841
2011-04-01,581,-0.0034305317324184736,0.0719557195571956,0.01043478260869568,0.04496402877697836,-0.41608040201005025
2011-05-01,618,0.0636833046471601,0.06003430531732423,0.0528109028960817,0.028286189683860208,-0.476271186440678
2011-06-01,636,0.029126213592232997,0.09466437177280551,0.09844559585492219,0.06890756302521006,-0.30944625407166126
2011-07-01,621,-0.02358490566037741,0.004854368932038833,0.07068965517241388,0.008116883116883189,-0.27622377622377625
2011-08-01,647,0.041867954911433136,0.01729559748427678,0.14920071047957362,0.06239737274220025,-0.1882057716436637
2011-09-01,610,-0.057187017001545604,-0.017713365539452464,0.09318996415770608,0.046312178387650116,-0.17119565217391308
2011-10-01,671,0.10000000000000009,0.03709428129829995,0.19821428571428568,0.07704654895666141,0.0718849840255591
2011-11-01,706,0.05216095380029806,0.1573770491803279,0.11708860759493667,0.06325301204819267,0.2743682310469313
2011-12-01,697,-0.012747875354107596,0.03874813710879277,0.21006944444444442,0.09591194968553451,0.27889908256880735
2012-01-01,712,0.021520803443328518,0.008498583569405138,0.3136531365313653,0.0953846153846154,0.2759856630824373
2012-02-01,738,0.03651685393258419,0.05882352941176472,0.26586620926243576,0.07423580786026207,0.4385964912280702
2012-03-01,806,0.09214092140921415,0.1320224719101124,0.387263339070568,0.26530612244897966,0.5470249520153552
2012-04-01,732,-0.09181141439205953,-0.008130081300813052,0.18446601941747565,0.2730434782608695,0.3165467625899281
2012-05-01,796,0.08743169398907114,-0.012406947890818865,0.2515723270440251,0.3560477001703577,0.32445923460898496
2012-06-01,794,-0.002512562814070307,0.08469945355191255,0.2785829307568437,0.37132987910189974,0.33445378151260496
2012-07-01,849,0.0692695214105794,0.06658291457286425,0.3122102009273571,0.46379310344827585,0.3782467532467533
2012-08-01,840,-0.010600706713780883,0.057934508816120944,0.3770491803278688,0.49200710479573706,0.3793103448275863
2012-09-01,930,0.1071428571428572,0.09540636042402828,0.3859910581222057,0.6666666666666667,0.5951972555746141
2012-10-01,887,-0.04623655913978497,0.055952380952380976,0.25637393767705374,0.5839285714285714,0.4237560192616372
2012-11-01,917,0.03382187147688831,-0.013978494623655968,0.3156384505021521,0.45094936708860756,0.38102409638554224
2012-12-01,941,0.026172300981461394,0.06087936865839905,0.321629213483146,0.6336805555555556,0.479559748427673
2013-01-01,940,-0.0010626992561104665,0.025081788440566966,0.2737127371273713,0.7343173431734318,0.4461538461538461
2013-02-01,979,0.04148936170212769,0.040382571732199724,0.21464019851116634,0.679245283018868,0.4250363901018923
2013-03-01,936,-0.04392236976506636,-0.004255319148936176,0.278688524590164,0.6110154905335627,0.4693877551020409
2013-04-01,1016,0.08547008547008539,0.037793667007150145,0.27638190954773867,0.6440129449838188,0.7669565217391305
2013-05-01,1003,-0.012795275590551158,0.07158119658119655,0.2632241813602014,0.5770440251572326,0.708688245315162
2013-06-01,941,-0.061814556331006965,-0.07381889763779526,0.10836277974087172,0.5152979066022545,0.625215889464594
2013-07-01,998,0.060573857598299696,-0.004985044865403743,0.1880952380952381,0.5425038639876352,0.7206896551724138
2013-08-01,961,-0.03707414829659317,0.02125398512221044,0.03333333333333344,0.5754098360655737,0.7069271758436946
2013-09-01,1004,0.04474505723205002,0.006012024048096087,0.1319052987598648,0.4962742175856929,0.7992831541218639
2013-10-01,1041,0.03685258964143423,0.08324661810613954,0.13522355507088335,0.4745042492917848,0.8589285714285715
2013-11-01,1031,-0.009606147934678178,0.02689243027888444,0.09564293304994687,0.4791965566714491,0.6313291139240507
2013-12-01,1009,-0.02133850630455869,-0.030739673390970168,0.07340425531914896,0.4171348314606742,0.7517361111111112
2014-01-01,985,-0.02378592666005952,-0.0446168768186227,0.006128702757916216,0.33468834688346893,0.8173431734317342
2014-02-01,1047,0.06294416243654832,0.037661050545094055,0.11858974358974361,0.2990074441687345,0.7958833619210979
2014-03-01,1061,0.013371537726838634,0.07715736040609134,0.04429133858267709,0.4494535519125684,0.8261617900172118
2014-04-01,1089,0.02639019792648445,0.04011461318051568,0.08574277168494526,0.36809045226130643,0.7621359223300972
2014-05-01,1019,-0.06427915518824612,-0.03958529688972667,0.0828905419766206,0.28337531486146106,0.6022012578616351
2014-06-01,1002,-0.016683022571148176,-0.07988980716253447,0.004008016032064132,0.18021201413427557,0.6135265700483092
2014-07-01,1072,0.06986027944111783,0.05201177625122666,0.11550468262226854,0.2761904761904761,0.6568778979907264
2014-08-01,1042,-0.027985074626865725,0.03992015968063867,0.03784860557768921,0.12043010752688166,0.7081967213114755
2014-09-01,1072,0.028790786948176494,0.0,0.029779058597502406,0.20856820744081173,0.5976154992548435
2014-10-01,1099,0.025186567164179108,0.054702495201535584,0.06595538312318139,0.1984732824427482,0.5566572237960339
2014-11-01,1063,-0.032757051865332065,-0.00839552238805974,0.05351833498513381,0.12964930924548357,0.5251076040172167
2014-12-01,1077,0.013170272812794037,-0.020018198362147355,0.09340101522842637,0.14574468085106385,0.5126404494382022
2015-01-01,1060,-0.01578458681522743,-0.002822201317027262,0.01241642788920716,0.08273748723186936,0.4363143631436315
2015-02-01,1133,0.06886792452830193,0.05199628597957284,0.06786050895381712,0.2104700854700854,0.4057071960297767
2015-03-01,1071,-0.054721977052074156,0.01037735849056598,-0.016528925619834656,0.05413385826771644,0.46311475409836067
2015-04-01,1170,0.09243697478991586,0.032656663724624835,0.14818449460255145,0.16650049850448645,0.46984924623115587
2015-05-01,1271,0.08632478632478624,0.18674136321195145,0.2684630738522955,0.3506907545164719,0.6007556675062973
2015-06-01,1362,0.07159716758457901,0.16410256410256419,0.2705223880597014,0.3647294589178356,0.6042402826855124
2015-07-01,1139,-0.1637298091042585,-0.10385523210070813,0.09309021113243765,0.18522372528616016,0.355952380952381
2015-08-01,1159,0.017559262510974616,-0.14904552129221738,0.08115671641791056,0.154382470119522,0.24623655913978504
2015-09-01,1135,-0.02070750647109576,-0.0035118525021948788,0.032757051865332176,0.09029779058597498,0.27959413754227724
2015-10-01,1162,0.023788546255506526,0.0025884383088869978,0.0931326434619002,0.12706110572259943,0.26717557251908386
2015-11-01,1258,0.08261617900172125,0.10837004405286343,0.16805942432683385,0.2467789890981169,0.33687566418703496
2015-12-01,1217,-0.032591414944356134,0.047332185886402645,0.14811320754716983,0.23553299492385782,0.2946808510638297
2016-01-01,1179,-0.03122432210353332,-0.06279809220985688,0.04060017652250658,0.1260744985673352,0.20429009193054126
2016-02-01,1195,0.013570822731127974,-0.018077239112571863,0.11577964519140993,0.12629594721960413,0.2767094017094016
2016-03-01,1106,-0.0744769874476987,-0.061916878710771894,-0.05470085470085473,0.015610651974288237,0.0885826771653544
2016-04-01,1162,0.05063291139240511,-0.02761506276150627,-0.08575924468922114,0.14033366045142293,0.15852442671984046
2016-05-01,1192,0.025817555938037806,0.07775768535262206,-0.12481644640234946,0.18962075848303384,0.2667375132837406
2016-06-01,1194,0.001677852348993314,0.027538726333907082,0.04828797190518008,0.11380597014925375,0.19639278557114226
2016-07-01,1185,-0.007537688442211032,-0.005872483221476488,0.022433132010353685,0.13723608445297497,0.23309053069719043
2016-08-01,1195,0.00843881856540074,0.0008375209380233617,0.052863436123347984,0.1147388059701493,0.19023904382470125
2016-09-01,1276,0.06778242677824275,0.07679324894514772,0.09810671256454384,0.16105550500454968,0.22574447646493745
2016-10-01,1276,0.0,0.06778242677824275,0.014308426073131875,0.20037629350893704,0.2376333656644034
2016-11-01,1249,-0.021159874608150497,-0.021159874608150497,0.02629416598192269,0.15970287836583097,0.23785926660059475
2016-12-01,1263,0.011208967173738982,-0.010188087774294696,0.07124681933842236,0.19150943396226405,0.2822335025380711
2017-01-01,1329,0.052256532066508266,0.06405124099279424,0.11213389121338913,0.17299205648720206,0.2693409742120343
2017-02-01,1248,-0.060948081264108334,-0.01187648456057011,0.12839059674502717,0.1652661064425771,0.17624882186616397
2017-03-01,1279,0.024839743589743613,-0.037622272385252065,0.10068846815834775,0.09316239316239305,0.17447199265381075
2017-04-01,1255,-0.018764659890539437,0.00560897435897445,0.05285234899328861,-0.012588512981903999,0.23159960745829244
2017-05-01,1205,-0.03984063745019917,-0.05785770132916346,0.009212730318257867,-0.11527165932452277,0.20259481037924143
2017-06-01,1312,0.08879668049792522,0.045418326693227096,0.1071729957805907,0.15188762071992978,0.22388059701492535
2017-07-01,1258,-0.041158536585365835,0.04398340248962662,0.05271966527196659,0.08541846419327004,0.20729366602687138
2017-08-01,1300,0.03338632750397452,-0.009146341463414642,0.018808777429467183,0.14537444933920707,0.2126865671641791
2017-09-01,1254,-0.03538461538461535,-0.0031796502384737746,-0.017241379310344862,0.0791738382099827,0.14103730664240222
2017-10-01,1343,0.07097288676236047,0.033076923076923004,0.07526020816653323,0.06756756756756754,0.26340545625587963
2017-11-01,1323,-0.014892032762472085,0.055023923444976086,0.04750593824228022,0.08709942481511912,0.22841225626740957
2017-12-01,1320,-0.0022675736961451642,-0.017125837676842837,-0.006772009029345383,0.11959287531806617,0.24528301886792447
2018-01-01,1366,0.034848484848484906,0.03250188964474687,0.09455128205128216,0.14309623430962337,0.20564872021182712
2018-02-01,1323,-0.03147877013177158,0.002272727272727204,0.03440187646598902,0.19620253164556956,0.23529411764705888
2018-03-01,1377,0.04081632653061229,0.008052708638360162,0.09721115537848601,0.18502581755593805,0.17692307692307696
2018-04-01,1364,-0.009440813362382006,0.030990173847316616,0.13195020746887964,0.14429530201342278,0.07317073170731714
2018-05-01,1301,-0.04618768328445744,-0.05519244734931006,-0.00838414634146345,0.08961474036850925,-0.04478707782672542
2018-06-01,1292,-0.006917755572636408,-0.05278592375366564,0.027027027027026973,0.09029535864978899,0.13432835820895517
2018-07-01,1303,0.00851393188854499,0.001537279016141424,0.002307692307692344,0.090376569037657,0.12424503882657456
2018-08-01,1249,-0.04144282425172674,-0.03328173374613008,-0.003987240829346095,-0.021159874608150497,0.10044052863436126
2018-09-01,1270,0.016813450760608584,-0.025326170376055224,-0.054355919583023105,-0.00470219435736674,0.09294320137693624
2018-10-01,1265,-0.003937007874015741,0.012810248198558805,-0.04383975812547236,0.012810248198558805,0.00556438791732905
2018-11-01,1322,0.04505928853754937,0.04094488188976375,0.0015151515151514694,0.046714172604908955,0.08627773212818401
2018-12-01,1326,0.00302571860816947,0.04822134387351773,-0.029282576866764276,-0.0022573363431150906,0.12468193384223913
