,RPCE_M,RPCE_M_PCT_CHG,RPCE_Q_PCT_CHG,RPCE_A_PCT_CHG,RPCE_2A_PCT_CHG,RPCE_3A_PCT_CHG
1962-01-01,4.3,0.05348837209302326,0.10930232558139519,-0.11627906976744184,0.5186046511627909,0.5116279069767442
1962-02-01,4.53,0.05348837209302326,0.10930232558139519,-0.11627906976744184,0.5186046511627909,0.5116279069767442
1962-03-01,4.77,0.05298013245033095,0.10930232558139519,-0.11627906976744184,0.5186046511627909,0.5116279069767442
1962-04-01,5.0,0.048218029350104885,0.10375275938189832,-0.11627906976744184,0.5186046511627909,0.5116279069767442
1962-05-01,4.4,-0.11999999999999988,-0.07756813417190755,-0.11627906976744184,0.5186046511627909,0.5116279069767442
1962-06-01,3.8,-0.13636363636363646,-0.24,-0.11627906976744184,0.5186046511627909,0.5116279069767442
1962-07-01,3.2,-0.1578947368421052,-0.2727272727272727,-0.11627906976744184,0.5186046511627909,0.5116279069767442
1962-08-01,4.07,0.2718750000000001,0.07105263157894748,-0.11627906976744184,0.5186046511627909,0.5116279069767442
1962-09-01,4.93,0.21130221130221116,0.5406249999999999,-0.11627906976744184,0.5186046511627909,0.5116279069767442
1962-10-01,5.8,0.17647058823529416,0.42506142506142486,-0.11627906976744184,0.5186046511627909,0.5116279069767442
1962-11-01,4.8,-0.1724137931034483,-0.026369168356997985,-0.11627906976744184,0.5186046511627909,0.5116279069767442
1962-12-01,3.8,-0.20833333333333337,-0.3448275862068966,-0.11627906976744184,0.5186046511627909,0.5116279069767442
1963-01-01,2.8,-0.26315789473684215,-0.41666666666666663,-0.38189845474613693,0.5186046511627909,0.5116279069767442
1963-02-01,3.13,0.11785714285714288,-0.1763157894736842,-0.3438155136268344,0.5186046511627909,0.5116279069767442
1963-03-01,3.47,0.10862619808306717,0.23928571428571432,-0.30599999999999994,0.5186046511627909,0.5116279069767442
1963-04-01,3.8,0.09510086455331401,0.21405750798722045,-0.13636363636363646,0.5186046511627909,0.5116279069767442
1963-05-01,4.37,0.15000000000000013,0.2593659942363111,0.15000000000000013,0.5186046511627909,0.5116279069767442
1963-06-01,4.93,0.12814645308924466,0.2973684210526315,0.5406249999999999,0.5186046511627909,0.5116279069767442
1963-07-01,5.5,0.11561866125760645,0.25858123569794045,0.3513513513513513,0.5186046511627909,0.5116279069767442
1963-08-01,4.8,-0.12727272727272732,-0.026369168356997985,-0.026369168356997985,0.5186046511627909,0.5116279069767442
1963-09-01,4.1,-0.14583333333333337,-0.25454545454545463,-0.2931034482758621,0.5186046511627909,0.5116279069767442
1963-10-01,3.4,-0.1707317073170731,-0.29166666666666663,-0.29166666666666663,0.5186046511627909,0.5116279069767442
1963-11-01,4.97,0.46176470588235285,0.21219512195121948,0.3078947368421052,0.5186046511627909,0.5116279069767442
1963-12-01,6.53,0.3138832997987928,0.9205882352941177,1.3321428571428573,0.5186046511627909,0.5116279069767442
1964-01-01,8.1,0.24042879019908114,0.6297786720321932,1.5878594249201279,0.7880794701986753,0.5116279069767442
1964-02-01,7.83,-0.033333333333333326,0.19908116385911168,1.2564841498559076,0.6415094339622642,0.5116279069767442
1964-03-01,7.57,-0.033205619412515985,-0.06543209876543199,0.9921052631578948,0.514,0.5116279069767442
1964-04-01,7.3,-0.03566710700132103,-0.0676883780332056,0.6704805491990846,0.659090909090909,0.5116279069767442
1964-05-01,7.4,0.013698630136986356,-0.022457067371202122,0.5010141987829617,0.9473684210526319,0.5116279069767442
1964-06-01,7.5,0.013513513513513375,0.027397260273972712,0.36363636363636354,1.34375,0.5116279069767442
1964-07-01,7.6,0.013333333333333197,0.027027027027026973,0.5833333333333333,0.867321867321867,0.5116279069767442
1964-08-01,5.43,-0.28552631578947374,-0.276,0.3243902439024391,0.10141987829614596,0.5116279069767442
1964-09-01,3.27,-0.39779005524861877,-0.5697368421052631,-0.038235294117647034,-0.43620689655172407,0.5116279069767442
1964-10-01,1.1,-0.6636085626911314,-0.7974217311233885,-0.778672032193159,-0.7708333333333333,0.5116279069767442
1964-11-01,3.8,0.023458876549171115,0.1620795107033639,-0.41807044410413485,0.0,0.5116279069767442
1964-12-01,6.5,0.7105263157894737,0.7915660711411556,-0.19753086419753085,1.3214285714285716,0.5116279069767442
1965-01-01,9.2,0.41538461538461524,1.4210526315789473,0.17496807151979565,1.939297124600639,1.0309050772626929
1965-02-01,7.63,-0.17065217391304344,0.17384615384615376,0.00792602377807139,1.1988472622478383,0.59958071278826
1965-03-01,6.07,-0.2044560943643512,-0.3402173913043477,-0.16849315068493143,0.5973684210526318,0.21399999999999997
1965-04-01,4.5,-0.2586490939044481,-0.4102228047182176,-0.3918918918918919,0.029748283752860427,0.022727272727272707
1965-05-01,5.33,0.1844444444444444,-0.12191103789126856,-0.28933333333333333,0.08113590263691695,0.40263157894736845
1965-06-01,6.17,0.1575984990619137,0.37111111111111117,-0.18815789473684208,0.12181818181818183,0.9281249999999999
1965-07-01,7.0,0.1345218800648298,0.3133208255159474,0.28913443830570906,0.4583333333333335,0.7199017199017197
1965-08-01,8.57,0.22428571428571442,0.3889789303079416,1.620795107033639,1.0902439024390245,0.7383367139959434
1965-09-01,10.13,0.1820303383897317,0.4471428571428573,1.8498712377273459,1.9794117647058829,0.7465517241379311
1965-10-01,11.7,0.15498519249753184,0.365227537922987,2.0789473684210527,1.3541247484909458,1.4375
1965-11-01,9.8,-0.16239316239316226,-0.03257650542941759,0.5076923076923079,0.5007656967840735,1.578947368421053
1965-12-01,7.9,-0.19387755102040816,-0.32478632478632474,-0.1413043478260868,-0.024691358024691246,1.8214285714285716
1966-01-01,6.0,-0.2405063291139241,-0.3877551020408164,-0.21363040629095675,-0.23371647509578541,0.9169329073482428
1966-02-01,4.33,-0.2783333333333333,-0.45189873417721516,-0.28665568369028005,-0.42800528401585203,0.2478386167146973
1966-03-01,2.67,-0.38337182448036955,-0.5549999999999999,-0.40666666666666673,-0.6342465753424658,-0.2973684210526316
1966-04-01,1.0,-0.6254681647940075,-0.76905311778291,-0.8123827392120075,-0.8648648648648649,-0.77116704805492
1966-05-01,2.23,1.23,-0.16479400749063666,-0.6385737439222042,-0.7026666666666667,-0.5476673427991886
1966-06-01,3.47,0.5560538116591929,2.47,-0.5042857142857142,-0.5434210526315789,-0.369090909090909
1966-07-01,4.7,0.35446685878962536,1.1076233183856505,-0.45157526254375724,-0.13443830570902382,-0.02083333333333326
1966-08-01,3.7,-0.21276595744680848,0.06628242074927959,-0.6347482724580454,0.13149847094801226,-0.09756097560975596
1966-09-01,2.7,-0.2702702702702703,-0.42553191489361697,-0.7692307692307692,1.4545454545454546,-0.2058823529411764
1966-10-01,1.7,-0.37037037037037046,-0.5405405405405406,-0.826530612244898,-0.5526315789473684,-0.6579476861167002
1966-11-01,1.9,0.11764705882352944,-0.2962962962962964,-0.759493670886076,-0.7076923076923077,-0.7090352220520675
1966-12-01,2.1,0.10526315789473695,0.23529411764705888,-0.6499999999999999,-0.7717391304347826,-0.7407407407407407
1967-01-01,2.3,0.09523809523809512,0.21052631578947367,-0.4688221709006929,-0.6985583224115335,-0.7062579821200511
1967-02-01,3.4,0.4782608695652175,0.6190476190476188,0.27340823970037453,-0.4398682042833608,-0.5508586525759578
1967-03-01,4.5,0.32352941176470584,0.956521739130435,3.5,0.0,-0.3835616438356164
1967-04-01,5.6,0.24444444444444446,0.6470588235294117,1.5112107623318383,0.05065666041275785,-0.2432432432432433
1967-05-01,4.43,-0.20892857142857146,-0.015555555555555656,0.27665706051873173,-0.2820097244732578,-0.4093333333333333
1967-06-01,3.27,-0.2618510158013544,-0.41607142857142854,-0.3042553191489362,-0.5328571428571429,-0.5697368421052631
1967-07-01,2.1,-0.35779816513761464,-0.5259593679458239,-0.43243243243243246,-0.7549591598599766,-0.6132596685082873
1967-08-01,2.23,0.06190476190476191,-0.31804281345565755,-0.17407407407407416,-0.7798617966436328,-0.31804281345565755
1967-09-01,2.37,0.06278026905829592,0.12857142857142856,0.3941176470588237,-0.7974358974358974,1.1545454545454543
1967-10-01,2.5,0.05485232067510548,0.12107623318385641,0.3157894736842106,-0.7448979591836735,-0.3421052631578947
1967-11-01,4.97,0.988,1.0970464135021096,1.3666666666666663,-0.3708860759493672,-0.23538461538461541
1967-12-01,7.43,0.4949698189134808,1.972,2.230434782608696,0.23833333333333329,-0.19239130434782603
1968-01-01,9.9,0.3324360699865412,0.9919517102615696,1.9117647058823533,1.2863741339491916,0.29750982961992145
1968-02-01,8.67,-0.12424242424242427,0.16689098250336487,0.9266666666666667,2.247191011235955,0.42833607907743
1968-03-01,7.43,-0.14302191464821223,-0.24949494949494955,0.32678571428571423,6.43,0.651111111111111
1968-04-01,6.2,-0.1655450874831762,-0.28489042675893883,0.399548532731377,1.7802690582959642,0.1632270168855534
1968-05-01,6.7,0.08064516129032251,-0.09825033647375503,1.0489296636085625,0.9308357348703169,0.0858995137763372
1968-06-01,7.2,0.07462686567164178,0.16129032258064524,2.4285714285714284,0.5319148936170213,0.028571428571428692
1968-07-01,7.7,0.06944444444444442,0.14925373134328357,2.4529147982062782,1.0810810810810811,-0.10151691948658115
1968-08-01,5.73,-0.25584415584415576,-0.2041666666666666,1.4177215189873418,1.1222222222222222,-0.4343534057255676
1968-09-01,3.77,-0.3420593368237348,-0.5103896103896104,0.508,1.2176470588235295,-0.6777777777777778
1968-10-01,1.8,-0.5225464190981433,-0.6858638743455497,-0.6378269617706237,-0.05263157894736836,-0.8163265306122449
1968-11-01,2.7,0.5,-0.28381962864721477,-0.6366083445491251,0.2857142857142858,-0.6582278481012658
1968-12-01,3.6,0.33333333333333326,1.0,-0.6363636363636364,0.5652173913043479,-0.4
1969-01-01,4.5,0.25,0.6666666666666665,-0.48096885813148793,0.32352941176470584,0.03926096997690531
1969-02-01,3.87,-0.14,0.07499999999999996,-0.47913862718707934,-0.14,0.449438202247191
1969-03-01,3.23,-0.16537467700258401,-0.28222222222222226,-0.4790322580645161,-0.42321428571428565,2.23
1969-04-01,2.6,-0.1950464396284829,-0.3281653746770026,-0.6119402985074627,-0.4130925507900677,0.1659192825112108
1969-05-01,2.4,-0.07692307692307698,-0.2569659442724458,-0.6666666666666667,-0.2660550458715597,-0.3083573487031701
1969-06-01,2.2,-0.08333333333333326,-0.15384615384615385,-0.7142857142857142,0.04761904761904767,-0.5319148936170213
1969-07-01,2.0,-0.09090909090909094,-0.16666666666666663,-0.6509598603839442,-0.10313901345291476,-0.45945945945945954
1969-08-01,2.4,0.19999999999999996,0.09090909090909083,-0.363395225464191,0.012658227848101111,-0.11111111111111116
1969-09-01,2.8,0.16666666666666674,0.3999999999999999,0.5555555555555554,0.11999999999999988,0.6470588235294117
1969-10-01,3.2,0.14285714285714302,0.3333333333333335,0.18518518518518512,-0.3561368209255532,0.6842105263157896
1969-11-01,2.97,-0.07187500000000002,0.06071428571428594,-0.17499999999999993,-0.6002691790040376,0.41428571428571437
1969-12-01,2.73,-0.08080808080808088,-0.1468750000000001,-0.3933333333333333,-0.7242424242424242,0.18695652173913047
1970-01-01,2.5,-0.08424908424908428,-0.1582491582491583,-0.35400516795865633,-0.7116493656286044,-0.2647058823529411
1970-02-01,2.27,-0.09199999999999997,-0.16849816849816845,-0.29721362229102166,-0.6944818304172274,-0.4955555555555555
1970-03-01,2.03,-0.10572687224669608,-0.18800000000000006,-0.21923076923076934,-0.6725806451612903,-0.6375
1970-04-01,1.8,-0.1133004926108373,-0.20704845814977968,-0.25,-0.7313432835820896,-0.5936794582392776
1970-05-01,2.37,0.31666666666666665,0.16748768472906428,0.07727272727272716,-0.6708333333333334,-0.27522935779816515
1970-06-01,2.93,0.23628691983122363,0.6277777777777778,0.4650000000000001,-0.6194805194805195,0.39523809523809517
1970-07-01,3.5,0.1945392491467577,0.47679324894514763,0.4583333333333335,-0.3891797556719023,0.5695067264573992
1970-08-01,1.97,-0.43714285714285717,-0.32764505119453935,-0.2964285714285714,-0.47745358090185674,-0.16877637130801693
1970-09-01,0.43,-0.7817258883248731,-0.8771428571428571,-0.865625,-0.7611111111111111,-0.8280000000000001
1970-10-01,-1.1,0.005165197257102294,-1.5583756345177666,-1.3703703703703702,-1.4074074074074074,-1.2213279678068412
1970-11-01,1.9,0.7920562828390777,3.4186046511627906,-0.30402930402930406,-0.4722222222222222,-0.7442799461641991
1970-12-01,4.9,1.578947368421053,3.288249694002448,0.9600000000000002,0.08888888888888902,-0.505050505050505
1971-01-01,7.9,0.6122448979591837,3.1578947368421053,2.4801762114537445,1.041343669250646,-0.08881199538638984
1971-02-01,6.5,-0.17721518987341778,0.3265306122448979,2.201970443349754,1.0123839009287927,-0.12516823687752354
1971-03-01,5.1,-0.2153846153846154,-0.35443037974683556,1.833333333333333,0.9615384615384612,-0.17741935483870974
1971-04-01,3.7,-0.27450980392156854,-0.4307692307692308,0.5611814345991561,0.5416666666666667,-0.4477611940298507
1971-05-01,3.53,-0.04594594594594603,-0.307843137254902,0.20477815699658697,0.6045454545454543,-0.5097222222222222
1971-06-01,3.37,-0.04532577903682711,-0.08918918918918917,-0.037142857142857144,0.685,-0.5623376623376624
1971-07-01,3.2,-0.05044510385756673,-0.09348441926345596,0.6243654822335027,0.3333333333333335,-0.44153577661431065
1971-08-01,4.4,0.375,0.3056379821958457,1.2758927776293527,0.5714285714285716,0.1671087533156499
1971-09-01,5.6,0.2727272727272725,0.7499999999999998,1.9274200730252027,0.7499999999999998,2.1111111111111107
1971-10-01,6.8,0.2142857142857144,0.5454545454545452,2.5789473684210527,1.2895622895622894,1.5185185185185182
1971-11-01,6.33,-0.0691176470588235,0.13035714285714284,0.2918367346938775,1.3186813186813189,0.7583333333333333
1971-12-01,5.87,-0.0726698262243286,-0.1367647058823529,-0.25696202531645573,1.3479999999999999,0.3044444444444445
1972-01-01,5.4,-0.08006814310051102,-0.14691943127962082,-0.16923076923076918,1.378854625550661,0.39534883720930236
1972-02-01,6.2,0.14814814814814814,0.05621805792163537,0.21568627450980404,2.054187192118227,0.9195046439628483
1972-03-01,7.0,0.12903225806451601,0.2962962962962963,0.8918918918918919,2.888888888888889,1.692307692307692
1972-04-01,7.8,0.11428571428571432,0.25806451612903225,1.2096317280453257,2.291139240506329,2.25
1972-05-01,7.3,-0.0641025641025641,0.04285714285714293,1.1661721068249258,1.4914675767918086,2.318181818181818
1972-06-01,6.8,-0.06849315068493156,-0.1282051282051282,1.125,0.9428571428571428,2.4
1972-07-01,6.3,-0.07352941176470584,-0.136986301369863,0.43181818181818166,2.197969543147208,1.625
1972-08-01,7.43,0.1793650793650794,0.0926470588235293,0.32678571428571423,2.833734081396384,1.6535714285714285
1972-09-01,8.57,0.15343203230148061,0.36031746031746037,0.260294117647059,3.4694986196455604,1.678125
1972-10-01,9.7,0.13185530921820288,0.30551816958277245,0.5323854660347549,4.105263157894736,2.2659932659932656
1972-11-01,8.97,-0.07525773195876273,0.046674445740956916,0.5281090289608179,0.8306122448979592,2.285714285714286
1972-12-01,8.23,-0.08249721293199552,-0.15154639175257723,0.5240740740740741,0.04177215189873418,2.2920000000000003
1973-01-01,7.5,-0.08869987849331717,-0.16387959866220747,0.20967741935483875,0.15384615384615374,2.303964757709251
1973-02-01,4.93,-0.3426666666666667,-0.4009720534629405,-0.2957142857142857,-0.033333333333333326,1.4285714285714288
1973-03-01,2.37,-0.5192697768762677,-0.6839999999999999,-0.6961538461538461,-0.35945945945945945,0.31666666666666665
1973-04-01,-0.2,-1.0843881856540085,-1.0405679513184585,-1.0273972602739727,-1.056657223796034,-1.0843881856540085
1973-05-01,0.33,0.275987725354814,-0.8607594936708861,-0.9514705882352941,-0.9020771513353116,-0.8873720136518771
1973-06-01,0.87,1.6363636363636362,1.190832374376678,-0.861904761904762,-0.728125,-0.7514285714285714
1973-07-01,1.4,0.6091954022988504,3.242424242424242,-0.8115746971736204,-0.6818181818181819,-0.28934010152284273
1973-08-01,0.53,-0.6214285714285714,-0.3908045977011494,-0.9381563593932322,-0.9053571428571429,0.2325581395348839
1973-09-01,-0.33,-1.6226415094339623,-1.2357142857142858,-1.0340206185567011,-1.048529411764706,-0.7
1973-10-01,-1.2,-0.49048742138364787,-3.2641509433962264,-1.1337792642140467,-1.1895734597156398,-1.631578947368421
1973-11-01,-1.97,0.6416666666666666,-0.9945754716981132,-1.2393681652490887,-1.3356047700170357,-1.4020408163265305
1973-12-01,-2.73,0.3857868020304569,1.275,-1.3639999999999999,-1.5055555555555555,-1.3455696202531646
1974-01-01,-3.5,0.28205128205128216,0.7766497461928934,-1.7099391480730224,-1.564516129032258,-1.5384615384615383
1974-02-01,-1.83,-0.4771428571428571,-0.3296703296703296,-1.7721518987341773,-1.2614285714285716,-1.3588235294117648
1974-03-01,-0.17,-0.907103825136612,-0.9514285714285714,-0.15000000000000002,-1.0217948717948717,-1.045945945945946
1974-04-01,1.5,-0.4302185792349727,-1.819672131147541,3.545454545454545,-0.7945205479452054,-0.5750708215297451
1974-05-01,1.57,0.046666666666666634,-0.8665027322404372,0.8045977011494254,-0.7691176470588235,-0.5341246290801187
1974-06-01,1.63,0.03821656050955413,0.08666666666666667,0.16428571428571437,-0.7412698412698413,-0.4906250000000001
1974-07-01,1.7,0.042944785276073594,0.08280254777070062,2.2075471698113205,-0.7711978465679676,-0.6136363636363638
1974-08-01,-0.77,-1.4529411764705882,-1.4723926380368098,1.3333333333333335,-1.089848308051342,-1.1375
1974-09-01,-3.23,-0.3441176470588234,-2.9000000000000004,1.6916666666666669,-1.3329896907216496,-1.475
1974-10-01,-5.7,0.7647058823529413,-1.5366873065015483,1.8934010152284264,-1.6354515050167224,-1.900473933649289
1974-11-01,-2.67,-0.5315789473684212,-0.17337461300309598,-0.02197802197802201,-1.3244228432563792,-1.454855195911414
1974-12-01,0.37,-1.1385767790262173,-1.0649122807017544,-1.1057142857142856,-0.9506666666666667,-0.9314814814814815
1975-01-01,3.4,-0.40752368363075575,-2.2734082397003745,-2.8579234972677594,-0.31034482758620685,-0.4516129032258065
1975-02-01,4.5,0.32352941176470584,-0.8131747080854814,-0.06229508196721323,0.8987341772151898,-0.3571428571428571
1975-03-01,5.6,0.24444444444444446,0.6470588235294117,2.733333333333333,2.717930064503613,-0.28205128205128205
1975-04-01,6.7,0.19642857142857162,0.48888888888888893,3.2675159235668794,4.537125951792037,-0.0821917808219178
1975-05-01,6.4,-0.04477611940298509,0.14285714285714302,2.92638036809816,6.356321839080461,-0.05882352941176461
1975-06-01,6.1,-0.04687500000000011,-0.08955223880597019,2.5882352941176467,3.3571428571428568,-0.031746031746031744
1975-07-01,5.8,-0.0491803278688524,-0.09375000000000011,-0.03095975232198178,1.7094815083393762,-0.21938088829071334
1975-08-01,5.33,-0.08103448275862069,-0.1262295081967213,-2.65015479876161,0.06182015953589559,-0.3780630105017503
1975-09-01,4.87,-0.08630393996247654,-0.16034482758620683,-1.8543859649122807,-1.585841189267585,-0.4979381443298969
1975-10-01,4.4,-0.0965092402464065,-0.17448405253283295,-2.6479400749063675,-3.233502538071066,-0.5094760312151616
1975-11-01,5.67,0.2886363636363636,0.16427104722792607,-0.8048523903943603,-3.076923076923077,-0.3110571081409478
1975-12-01,6.93,0.2222222222222221,0.5749999999999997,1.038235294117647,-2.98,-0.07600000000000007
1976-01-01,8.2,0.18326118326118324,0.44620811287477946,0.822222222222222,-1.1644444444444442,0.6632860040567952
1976-02-01,6.7,-0.18292682926829262,-0.0331890331890331,0.19642857142857162,0.6511111111111116,1.8270042194092828
1976-03-01,5.2,-0.22388059701492535,-0.36585365853658525,-0.22388059701492535,2.466666666666667,2.378922353169407
1976-04-01,3.7,-0.28846153846153844,-0.4477611940298507,-0.421875,1.356687898089172,2.930840486929531
1976-05-01,3.9,0.054054054054053946,-0.25,-0.360655737704918,1.392638036809816,3.482758620689655
1976-06-01,4.1,0.05128205128205132,0.10810810810810789,-0.2931034482758621,1.4117647058823528,1.9285714285714284
1976-07-01,4.3,0.04878048780487809,0.10256410256410264,-0.19324577861163228,-0.5108359133126934,7.113207547169811
1976-08-01,4.63,0.07674418604651168,0.12926829268292694,-0.04928131416837789,-2.4334365325077396,0.9857704402515726
1976-09-01,4.97,0.07343412526997839,0.15581395348837201,0.1295454545454544,-1.8719298245614033,-5.141666666666667
1976-10-01,5.3,0.06639839034205242,0.14470842332613398,-0.06525573192239864,-2.9850187265917603,-3.6903553299492384
1976-11-01,5.13,-0.0320754716981132,0.03219315895372232,-0.2597402597402597,-1.2616270103547036,-2.879120879120879
1976-12-01,4.97,-0.031189083820662766,-0.06226415094339621,-0.39390243902439026,0.46176470588235285,-2.42
1977-01-01,4.8,-0.03420523138832998,-0.06432748538011701,-0.28358208955223885,0.06666666666666665,-3.622950819672131
1977-02-01,3.93,-0.1812499999999999,-0.2092555331991951,-0.24423076923076925,-0.29821428571428565,-1.2881420765027323
1977-03-01,3.07,-0.21882951653944027,-0.3604166666666667,-0.1702702702702703,-0.5417910447761194,1.0466666666666664
1977-04-01,2.2,-0.28338762214983704,-0.4402035623409669,-0.4358974358974358,-0.65625,0.4012738853503186
1977-05-01,2.73,0.24090909090909074,-0.11074918566775238,-0.3341463414634146,-0.5524590163934426,0.6748466257668713
1977-06-01,3.27,0.19780219780219777,0.48636363636363633,-0.23953488372093024,-0.43620689655172407,0.9235294117647059
1977-07-01,3.8,0.1620795107033639,0.3919413919413919,-0.17926565874730027,-0.2870544090056285,-5.9350649350649345
1977-08-01,4.6,0.21052631578947367,0.4067278287461773,-0.07444668008048294,-0.05544147843942515,-2.424148606811145
1977-09-01,5.4,0.17391304347826098,0.42105263157894757,0.018867924528301883,0.2272727272727273,-1.9473684210526316
1977-10-01,6.2,0.14814814814814814,0.34782608695652195,0.20857699805068242,0.09347442680776008,-3.322097378277154
1977-11-01,4.9,-0.20967741935483863,-0.09259259259259256,-0.014084507042253391,-0.2929292929292928,-1.6316369244326947
1977-12-01,3.6,-0.26530612244897966,-0.4193548387096774,-0.25,-0.5609756097560975,0.05882352941176472
1978-01-01,2.3,-0.36111111111111116,-0.5306122448979593,-0.4147582697201019,-0.6567164179104478,-0.48888888888888893
1978-02-01,4.47,0.9434782608695653,0.24166666666666647,0.4560260586319218,-0.14038461538461544,-0.20178571428571423
1978-03-01,6.63,0.4832214765100671,1.882608695652174,2.0136363636363632,0.7918918918918918,-0.010447761194029903
1978-04-01,8.8,0.32730015082956276,0.9686800894854588,2.2234432234432235,1.2564102564102568,0.375
1978-05-01,6.43,-0.2693181818181819,-0.0301659125188537,0.966360856269113,0.5682926829268293,0.0540983606557377
1978-06-01,4.07,-0.36702954898911344,-0.5375,0.07105263157894748,-0.05348837209302315,-0.2982758620689654
1978-07-01,1.7,-0.5823095823095823,-0.7356143079315707,-0.6304347826086956,-0.632829373650108,-0.6810506566604128
1978-08-01,2.23,0.31176470588235294,-0.45208845208845216,-0.587037037037037,-0.551307847082495,-0.5420944558521561
1978-09-01,2.77,0.24215246636771304,0.6294117647058823,-0.5532258064516129,-0.47735849056603774,-0.3704545454545455
1978-10-01,3.3,0.191335740072202,0.4798206278026904,-0.3265306122448981,-0.35672514619883045,-0.417989417989418
1978-11-01,2.9,-0.12121212121212122,0.04693140794223827,-0.19444444444444453,-0.41649899396378265,-0.5815295815295816
1978-12-01,2.5,-0.13793103448275856,-0.24242424242424243,0.0869565217391306,-0.47916666666666663,-0.6951219512195121
1979-01-01,2.1,-0.15999999999999992,-0.27586206896551724,-0.5302013422818792,-0.46564885496183206,-0.6865671641791045
1979-02-01,1.3,-0.38095238095238093,-0.48,-0.803921568627451,-0.5765472312703583,-0.75
1979-03-01,0.5,-0.6153846153846154,-0.7619047619047619,-0.9431818181818182,-0.7727272727272727,-0.8648648648648649
1979-04-01,-0.3,-1.6,-1.2307692307692308,-1.046656298600311,-1.10989010989011,-1.0769230769230769
1979-05-01,1.13,-0.1628318584070796,1.2599999999999998,-0.7223587223587224,-0.654434250764526,-0.724390243902439
1979-06-01,2.57,1.274336283185841,1.8999115044247787,0.5117647058823529,-0.3236842105263158,-0.4023255813953488
1979-07-01,4.0,0.556420233463035,2.5398230088495577,0.7937219730941705,-0.13043478260869557,-0.13606911447084236
1979-08-01,3.0,-0.25,0.16731517509727634,0.08303249097472931,-0.44444444444444453,-0.39637826961770617
1979-09-01,2.0,-0.33333333333333337,-0.5,-0.3939393939393939,-0.6774193548387097,-0.6226415094339622
1979-10-01,1.0,-0.5,-0.6666666666666667,-0.6551724137931034,-0.7959183673469388,-0.8050682261208577
1979-11-01,0.47,-0.53,-0.765,-0.812,-0.8694444444444445,-0.9054325955734407
1979-12-01,-0.07,-1.148936170212766,-1.07,-1.0333333333333334,-1.0304347826086957,-1.0145833333333334
1980-01-01,-0.6,-0.4932301740812379,-2.276595744680851,-1.4615384615384615,-1.1342281879194631,-1.1526717557251909
1980-02-01,-3.3,0.1624758220502902,-0.9722759509993553,-1.7644417838970368,-1.497737556561086,-2.0749185667752443
1980-03-01,-6.0,0.8181818181818183,0.3320438426821406,-2.0673451062556123,-1.6818181818181817,-3.727272727272727
1980-04-01,-8.7,0.44999999999999996,1.6363636363636362,-2.370248428614188,-2.35303265940902,-4.186813186813186
1980-05-01,-4.3,-0.5057471264367817,-0.2833333333333333,-2.673151750972763,-2.0565110565110567,-2.3149847094801226
1980-06-01,0.1,-1.0232558139534884,-1.0114942528735633,-0.975,-0.9411764705882353,-0.9736842105263158
1980-07-01,4.5,-0.4749612403100776,-2.046511627906977,0.5,1.0179372197309418,-0.021739130434782483
1980-08-01,4.83,0.07333333333333325,-0.9488113695090439,1.415,0.743682310469314,-0.10555555555555562
1980-09-01,5.17,0.07039337474120089,0.14888888888888885,4.17,0.5666666666666667,-0.16612903225806452
1980-10-01,5.5,0.06382978723404253,0.13871635610766053,0.9466666666666659,0.896551724137931,0.12244897959183665
1980-11-01,4.1,-0.25454545454545463,-0.20696324951644107,-2.276666666666668,0.6399999999999999,0.13888888888888884
1980-12-01,2.7,-0.3414634146341462,-0.509090909090909,-5.500000000000001,0.2857142857142858,0.17391304347826098
1981-01-01,1.3,-0.5185185185185186,-0.6829268292682926,-1.393939393939394,0.0,-0.70917225950783
1981-02-01,0.87,-0.3307692307692308,-0.6777777777777778,-1.145,0.74,-0.8687782805429864
1981-03-01,0.43,-0.5057471264367817,-0.6692307692307693,-1.049425287356322,-2.4333333333333336,-0.9511363636363637
1981-04-01,0.4,-0.06976744186046502,-0.5402298850574712,-1.0930232558139534,-0.6460176991150441,-0.937791601866252
1981-05-01,0.63,0.575,0.4651162790697674,5.3,-0.754863813229572,-0.8452088452088452
1981-06-01,1.27,1.0158730158730158,2.175,-0.7177777777777778,-0.6825,-0.2529411764705882
1981-07-01,1.9,0.49606299212598426,2.015873015873016,-0.6066252587991718,-0.3666666666666667,-0.14798206278026904
1981-08-01,0.37,-0.8052631578947369,-0.7086614173228347,-0.9284332688588007,-0.815,-0.8664259927797834
1981-09-01,-1.17,0.2512145748987855,-1.6157894736842104,-1.2127272727272727,-2.17,-1.3545454545454545
1981-10-01,-2.7,1.307692307692308,-0.9660143949617632,-1.6585365853658538,-2.391111111111111,-1.9310344827586208
1981-11-01,-0.8,-0.7037037037037037,-0.3162393162393161,-1.2962962962962963,-2.6122222222222224,-1.32
1981-12-01,1.1,0.5117845117845117,-1.4074074074074074,-0.15384615384615385,-2.8333333333333335,-0.47619047619047616
1982-01-01,3.0,1.727272727272727,-0.11279461279461289,2.4482758620689657,-1.9090909090909092,1.3076923076923075
1982-02-01,2.4,-0.20000000000000007,1.1818181818181817,4.5813953488372094,-1.4,3.8
1982-03-01,1.8,-0.25,-0.4,3.5,-1.206896551724138,-7.0
1982-04-01,1.2,-0.33333333333333337,-0.5,0.9047619047619047,-1.2790697674418605,0.06194690265486735
1982-05-01,1.7,0.41666666666666674,-0.05555555555555558,0.3385826771653542,-0.8950904392764858,-0.33852140077821014
1982-06-01,2.2,0.2941176470588236,0.8333333333333335,0.1578947368421053,-0.5111111111111111,-0.44999999999999996
1982-07-01,2.7,0.2272727272727273,0.5882352941176472,-2.2159244264507425,-0.4409937888198757,-0.09999999999999998
1982-08-01,4.2,0.5555555555555556,0.909090909090909,-4.58974358974359,-0.1876208897485493,1.1
1982-09-01,5.7,0.3571428571428572,1.1111111111111112,-3.111111111111111,0.036363636363636376,4.7
1982-10-01,7.2,0.26315789473684204,0.7142857142857142,0.7308080808080804,0.75609756097561,2.971969696969697
1982-11-01,6.13,-0.14861111111111114,0.07543859649122808,4.572727272727272,1.2703703703703701,1.2439393939393941
1982-12-01,5.07,-0.17292006525285475,-0.2958333333333333,0.6900000000000002,2.9,-0.48409090909090846
1983-01-01,4.0,-0.21104536489151882,-0.3474714518760196,0.6666666666666667,3.597701149425287,-2.212121212121212
1983-02-01,5.47,0.36749999999999994,0.07889546351084809,2.0388888888888888,4.03685853923432,-1.9116666666666666
1983-03-01,6.93,0.2669104204753199,0.7324999999999999,4.775,4.476015929043353,-1.796551724137931
1983-04-01,8.4,0.21212121212121215,0.5356489945155394,3.9411764705882355,4.915173318852385,-2.953488372093023
1983-05-01,8.07,-0.03928571428571426,0.16450216450216448,2.668181818181818,5.354330708661418,-1.1178552971576226
1983-06-01,7.73,-0.042131350681536506,-0.0797619047619047,1.8629629629629632,3.068421052631579,0.7177777777777778
1983-07-01,7.4,-0.04269081500646832,-0.08302354399008671,0.7619047619047619,0.87277452891488,0.5320910973084887
1983-08-01,7.1,-0.04054054054054068,-0.08150064683053049,0.24561403508771917,-1.3228719948018188,0.3733075435203095
1983-09-01,6.8,-0.04225352112676051,-0.08108108108108114,-0.05555555555555558,-3.518518518518518,0.23636363636363633
1983-10-01,6.5,-0.044117647058823484,-0.08450704225352113,0.06035889070146827,0.2271043771043768,0.5853658536585367
1983-11-01,5.47,-0.15846153846153854,-0.19558823529411762,0.07889546351084809,3.9727272727272718,1.0259259259259257
1983-12-01,4.43,-0.19012797074954302,-0.31846153846153846,0.10749999999999993,0.47666666666666657,2.4076923076923076
1984-01-01,3.4,-0.23250564334085777,-0.3784277879341864,-0.3784277879341864,0.41666666666666674,2.9080459770114944
1984-02-01,4.17,0.2264705882352942,-0.05869074492099313,-0.3982683982683982,1.3166666666666664,2.8759163725224
1984-03-01,4.93,0.18225419664268583,0.44999999999999996,-0.4130952380952382,3.1083333333333334,2.843786768033306
1984-04-01,5.7,0.15618661257606492,0.36690647482014405,-0.2936802973977696,2.3529411764705883,2.8116571635442122
1984-05-01,4.8,-0.1578947368421053,-0.026369168356997985,-0.3790426908150065,1.1818181818181817,2.779527559055118
1984-06-01,3.9,-0.1875,-0.3157894736842105,-0.472972972972973,0.4444444444444444,1.0526315789473686
1984-07-01,3.0,-0.23076923076923073,-0.375,-0.5774647887323943,-0.2857142857142857,7.108108108108109
1984-08-01,3.77,0.2566666666666666,-0.033333333333333326,-0.4455882352941176,-0.33859649122807023,-4.222222222222222
1984-09-01,4.53,0.20159151193633962,0.51,-0.303076923076923,-0.37083333333333335,-2.677777777777778
1984-10-01,5.3,0.16997792494481234,0.40583554376657816,-0.031078610603290646,-0.13539967373572592,-7.624999999999999
1984-11-01,5.87,0.10754716981132084,0.29580573951434874,0.3250564334085779,0.15779092702169617,4.336363636363636
1984-12-01,6.43,0.09540034071550241,0.21320754716981138,0.8911764705882352,0.6074999999999999,1.143333333333333
1985-01-01,7.0,0.08864696734059097,0.19250425894378198,0.6786570743405276,0.27970749542961615,1.916666666666667
1985-02-01,5.9,-0.15714285714285714,-0.08242612752721612,0.1967545638945234,-0.14862914862914856,2.2777777777777777
1985-03-01,4.8,-0.18644067796610175,-0.3142857142857143,-0.1578947368421053,-0.4285714285714286,3.0
1985-04-01,3.7,-0.22916666666666663,-0.3728813559322034,-0.22916666666666663,-0.5415117719950433,1.1764705882352944
1985-05-01,5.07,0.37027027027027026,0.05625000000000013,0.30000000000000004,-0.3441138421733506,1.3045454545454547
1985-06-01,6.43,0.26824457593688344,0.7378378378378376,1.143333333333333,-0.13108108108108119,1.3814814814814813
1985-07-01,7.8,0.2130637636080872,0.5384615384615383,1.0689655172413794,0.09859154929577474,0.857142857142857
1985-08-01,5.5,-0.2948717948717948,-0.14463452566096424,0.21412803532008828,-0.19117647058823528,-0.03508771929824561
1985-09-01,3.2,-0.4181818181818181,-0.5897435897435896,-0.39622641509433953,-0.5076923076923077,-0.5555555555555556
1985-10-01,0.9,-0.71875,-0.8363636363636364,-0.8466780238500852,-0.8354661791590494,-0.8531810766721044
1985-11-01,1.77,0.9666666666666666,-0.446875,-0.7247278382581648,-0.600451467268623,-0.650887573964497
1985-12-01,2.63,0.48587570621468923,1.922222222222222,-0.6242857142857143,-0.2264705882352941,-0.3425
1986-01-01,3.5,0.3307984790874525,0.9774011299435028,-0.4067796610169492,-0.1606714628297362,-0.3601462522851919
1986-02-01,3.8,0.08571428571428563,0.44486692015209117,-0.20833333333333337,-0.22920892494929002,-0.45165945165945165
1986-03-01,4.1,0.07894736842105265,0.17142857142857126,0.10810810810810789,-0.280701754385965,-0.511904761904762
1986-04-01,4.4,0.07317073170731736,0.1578947368421053,-0.13214990138067062,-0.08333333333333326,-0.45477075588599747
1986-05-01,5.37,0.22045454545454546,0.30975609756097566,-0.16485225505443224,0.3769230769230769,-0.30530401034928856
1986-06-01,6.33,0.17877094972067042,0.4386363636363635,-0.18846153846153846,1.1099999999999999,-0.14459459459459467
1986-07-01,7.3,0.15323854660347558,0.35940409683426444,0.32727272727272716,0.9363395225464191,0.028169014084507005
1986-08-01,5.7,-0.2191780821917808,-0.09952606635071093,0.78125,0.2582781456953642,-0.16176470588235292
1986-09-01,4.1,-0.280701754385965,-0.43835616438356173,3.5555555555555554,-0.2264150943396227,-0.36923076923076925
1986-10-01,2.5,-0.3902439024390243,-0.5614035087719298,0.41242937853107353,-0.5741056218057922,-0.5429616087751371
1986-11-01,1.8,-0.28,-0.5609756097560975,-0.3155893536121672,-0.7200622083981337,-0.5936794582392776
1986-12-01,1.1,-0.38888888888888884,-0.5599999999999999,-0.6857142857142857,-0.8428571428571429,-0.6764705882352942
1987-01-01,0.4,-0.6363636363636364,-0.7777777777777778,-0.8947368421052632,-0.9322033898305084,-0.9040767386091128
1987-02-01,2.13,0.090268886043534,0.9363636363636361,-0.48048780487804876,-0.55625,-0.5679513184584178
1987-03-01,3.87,0.8169014084507045,1.2827358087921465,-0.12045454545454548,0.04594594594594592,-0.32105263157894737
1987-04-01,5.6,0.44702842377260965,1.629107981220657,0.04283054003724396,0.10453648915187363,0.16666666666666674
1987-05-01,5.27,-0.05892857142857144,0.36175710594315236,-0.1674565560821486,-0.1804043545878694,0.35128205128205114
1987-06-01,4.93,-0.06451612903225801,-0.11964285714285716,-0.3246575342465754,-0.367948717948718,0.6433333333333333
1987-07-01,4.6,-0.06693711967545646,-0.12713472485768496,-0.19298245614035092,-0.1636363636363637,0.22015915119363383
1987-08-01,3.37,-0.267391304347826,-0.3164300202839756,-0.17804878048780481,0.05312499999999987,-0.2560706401766004
1987-09-01,2.13,-0.3679525222551929,-0.5369565217391304,-0.14800000000000002,1.3666666666666667,-0.5981132075471698
1987-10-01,0.9,-0.5774647887323943,-0.7329376854599406,-0.5,-0.4915254237288136,-0.8466780238500852
1987-11-01,3.03,0.06440291916515606,0.4225352112676055,1.754545454545454,0.15209125475285168,-0.5287713841368584
1987-12-01,5.17,0.7062706270627064,0.9158880676800074,2.0908877507469055,0.4771428571428571,-0.26142857142857145
1988-01-01,7.3,0.4119922630560928,1.4092409240924093,2.427230046948357,0.9210526315789473,0.23728813559322015
1988-02-01,5.87,-0.19589041095890403,0.13539651837524191,0.5167958656330749,0.4317073170731709,0.22291666666666665
1988-03-01,4.43,-0.2453151618398638,-0.39315068493150684,-0.20892857142857146,0.006818181818181612,0.19729729729729706
1988-04-01,3.0,-0.3227990970654627,-0.48892674616695064,-0.43074003795066407,-0.44134078212290506,-0.40828402366863914
1988-05-01,3.2,0.06666666666666665,-0.27765237020316014,-0.3509127789046652,-0.4944707740916271,-0.5023328149300155
1988-06-01,3.4,0.0625,0.1333333333333333,-0.26086956521739124,-0.5342465753424658,-0.5641025641025641
1988-07-01,3.6,0.05882352941176472,0.125,0.06824925816023741,-0.368421052631579,-0.34545454545454546
1988-08-01,3.93,0.09166666666666679,0.15588235294117658,0.8450704225352115,-0.04146341463414627,0.2281249999999999
1988-09-01,4.27,0.08651399491094125,0.1861111111111109,3.7444444444444436,0.7079999999999997,3.7444444444444436
1988-10-01,4.6,0.07728337236533966,0.17048346055979624,0.5181518151815181,1.5555555555555554,1.5988700564971747
1988-11-01,3.7,-0.19565217391304335,-0.13348946135831374,-0.28433268858800764,2.3636363636363633,0.40684410646387836
1988-12-01,2.8,-0.2432432432432433,-0.3913043478260869,-0.6164383561643836,5.999999999999999,-0.20000000000000007
1989-01-01,1.9,-0.3214285714285714,-0.4864864864864865,-0.676320272572402,-0.107981220657277,-0.5
1989-02-01,1.9,0.0,-0.3214285714285714,-0.5711060948081264,-0.5090439276485789,-0.5365853658536586
1989-03-01,1.9,0.0,0.0,-0.3666666666666667,-0.6607142857142857,-0.5681818181818182
1989-04-01,1.9,0.0,0.0,-0.4062500000000001,-0.6394686907020872,-0.6461824953445066
1989-05-01,2.57,0.3526315789473684,0.3526315789473684,-0.24411764705882355,-0.4787018255578094,-0.5939968404423381
1989-06-01,3.23,0.25680933852140075,0.7000000000000002,-0.10277777777777786,-0.2978260869565217,-0.5575342465753425
1989-07-01,3.9,0.2074303405572755,0.5175097276264593,-0.007633587786259555,0.1572700296735905,-0.3157894736842105
1989-08-01,3.2,-0.1794871794871794,-0.009287925696594312,-0.25058548009367665,0.5023474178403757,-0.21951219512195108
1989-09-01,2.5,-0.21875,-0.3589743589743589,-0.4565217391304347,1.7777777777777777,0.0
1989-10-01,1.8,-0.28,-0.4375,-0.5135135135135136,-0.40594059405940586,0.0
1989-11-01,2.33,0.2944444444444445,-0.06799999999999995,-0.16785714285714282,-0.5493230174081238,1.1181818181818182
1989-12-01,2.87,0.23175965665236054,0.5944444444444446,0.5105263157894737,-0.606849315068493,6.175
1990-01-01,3.4,0.18466898954703814,0.45922746781115875,0.7894736842105263,-0.42078364565587734,0.596244131455399
1990-02-01,2.67,-0.2147058823529412,-0.06968641114982588,0.40526315789473677,-0.3972911963882618,-0.31007751937984496
1990-03-01,1.93,-0.27715355805243447,-0.4323529411764706,0.015789473684210575,-0.3566666666666667,-0.6553571428571429
1990-04-01,1.2,-0.37823834196891193,-0.550561797752809,-0.5330739299610895,-0.625,-0.7722960151802656
1990-05-01,1.33,0.10833333333333339,-0.31088082901554404,-0.588235294117647,-0.6088235294117647,-0.7302231237322515
1990-06-01,1.47,0.10526315789473673,0.2250000000000001,-0.6230769230769231,-0.5916666666666667,-0.6804347826086956
1990-07-01,1.6,0.08843537414965996,0.20300751879699241,-0.5,-0.5928753180661577,-0.5252225519287834
1990-08-01,0.07,-0.95625,-0.9523809523809523,-0.972,-0.9836065573770492,-0.9671361502347418
1990-09-01,-1.47,0.04228316326530612,-1.91875,-1.8166666666666667,-1.3195652173913044,-2.6333333333333333
1990-10-01,-3.0,1.0408163265306123,-0.6090348639455783,-2.28755364806867,-1.8108108108108107,-1.99009900990099
1990-11-01,-2.5,-0.16666666666666663,0.7006802721088436,-1.8710801393728222,-1.8928571428571428,-1.483558994197292
1990-12-01,-2.0,-0.19999999999999996,-0.33333333333333337,-1.5882352941176472,-2.052631578947368,-1.273972602739726
1991-01-01,-1.5,-0.25,-0.4,-1.5617977528089888,-1.7894736842105263,-1.2555366269165247
1991-02-01,0.13,-1.0866666666666667,-1.065,-0.9326424870466321,-0.9315789473684211,-0.9706546275395034
1991-03-01,1.77,-0.08288135593220347,-2.1799999999999997,0.4750000000000001,-0.06842105263157894,-0.41000000000000003
1991-04-01,3.4,0.9209039548022597,-0.7623163841807907,1.5563909774436087,0.32295719844357973,0.0625
1991-05-01,2.93,-0.138235294117647,0.6553672316384183,0.9931972789115648,-0.09287925696594423,-0.138235294117647
1991-06-01,2.47,-0.15699658703071673,-0.2735294117647058,0.54375,-0.3666666666666666,-0.3138888888888889
1991-07-01,2.0,-0.19028340080971662,-0.31740614334470996,-0.6600977891156463,-0.375,-0.4910941475826972
1991-08-01,1.27,-0.365,-0.4858299595141701,-1.8639455782312926,-0.492,-0.7025761124121779
1991-09-01,0.53,-0.5826771653543307,-0.735,-1.1766666666666667,-0.7055555555555555,-0.8847826086956522
1991-10-01,-0.2,-1.3773584905660377,-1.1574803149606299,-0.92,-1.0858369098712446,-1.054054054054054
1991-11-01,2.43,-0.14546936873980898,3.584905660377358,-2.215,-0.1533101045296167,-0.132142857142857
1991-12-01,5.07,1.0864197530864197,2.8768149701063743,-4.380000000000001,0.4911764705882353,1.668421052631579
1992-01-01,7.7,0.5187376725838264,2.168724279835391,-0.9866101694915255,1.8838951310861423,3.052631578947369
1992-02-01,6.03,-0.2168831168831169,0.18934911242603558,2.4067796610169494,2.124352331606218,2.173684210526316
1992-03-01,4.37,-0.275290215588723,-0.43246753246753245,0.2852941176470589,2.641666666666667,1.3000000000000003
1992-04-01,2.7,-0.38215102974828374,-0.5522388059701493,-0.07849829351535831,1.030075187969925,0.05058365758754868
1992-05-01,3.27,0.21111111111111103,-0.25171624713958807,0.3238866396761133,1.2244897959183674,0.01238390092879249
1992-06-01,3.83,0.17125382262996935,0.4185185185185185,0.915,1.3937499999999998,-0.017948717948717885
1992-07-01,4.4,0.1488250652741514,0.345565749235474,2.4645669291338583,0.07027777777777744,0.375
1992-08-01,4.57,0.03863636363636358,0.19321148825065282,1.981864921205837,-1.253194444444445,0.8280000000000001
1992-09-01,4.73,0.03501094091903734,0.07499999999999996,1.4991629132778157,-2.576666666666667,1.6277777777777778
1992-10-01,4.9,0.03594080338266381,0.07221006564551424,1.0164609053497942,-2.96,1.1030042918454939
1992-11-01,3.77,-0.23061224489795928,-0.2029598308668077,-0.2564102564102565,-2.885,0.3135888501742159
1992-12-01,2.63,-0.3023872679045093,-0.4632653061224491,-0.6584415584415584,-2.753333333333333,-0.2264705882352941
1993-01-01,1.5,-0.4296577946768061,-0.6021220159151194,-0.7512437810945274,-1.2467231638418077,-0.4382022471910112
1993-02-01,2.23,0.4866666666666666,-0.15209125475285168,-0.4897025171624714,0.25988700564971756,0.15544041450777213
1993-03-01,2.97,0.3318385650224216,0.9800000000000002,0.10000000000000009,-0.126470588235294,1.475
1993-04-01,3.7,0.24579124579124567,0.6591928251121077,0.13149847094801226,0.2627986348122866,1.781954887218045
1993-05-01,3.97,0.0729729729729729,0.3367003367003367,0.036553524804177506,0.6072874493927125,1.7006802721088436
1993-06-01,4.23,0.06549118387909325,0.14324324324324333,-0.03863636363636358,1.1150000000000002,1.6437500000000003
1993-07-01,4.5,0.06382978723404253,0.1335012594458438,-0.015317286652078876,2.543307086614173,-1.1066964285714285
1993-08-01,4.2,-0.06666666666666665,-0.007092198581560294,-0.11205073995771675,6.9245283018867925,-3.857142857142857
1993-09-01,3.9,-0.07142857142857151,-0.1333333333333333,-0.20408163265306134,3.703004891684137,-2.3
1993-10-01,3.6,-0.07692307692307687,-0.1428571428571429,-0.0450928381962864,0.4814814814814814,-2.44
1993-11-01,3.97,0.10277777777777786,0.017948717948718107,0.5095057034220534,-0.21696252465483234,-2.9850000000000003
1993-12-01,4.33,0.09068010075566746,0.20277777777777772,1.8866666666666667,-0.43766233766233764,-3.8866666666666667
1994-01-01,4.7,0.08545034642032334,0.18387909319899243,1.1076233183856505,-0.22056384742951907,-1.2653672316384181
1994-02-01,4.17,-0.1127659574468085,-0.036951501154734445,0.404040404040404,-0.04576659038901609,1.3559322033898304
1994-03-01,3.63,-0.1294964028776978,-0.22765957446808516,-0.018918918918918948,0.34444444444444433,0.0676470588235294
1994-04-01,3.1,-0.1460055096418732,-0.25659472422062346,-0.21914357682619645,-0.051987767584097844,0.058020477815699634
1994-05-01,3.1,0.0,-0.1460055096418732,-0.2671394799054374,-0.19060052219321144,0.2550607287449391
1994-06-01,3.1,0.0,0.0,-0.3111111111111111,-0.2954545454545455,0.55
1994-07-01,3.1,0.0,0.0,-0.26190476190476186,-0.3216630196936543,1.4409448818897639
1994-08-01,3.53,0.1387096774193548,0.1387096774193548,-0.09487179487179487,-0.2536997885835096,5.660377358490566
1994-09-01,3.97,0.12464589235127499,0.2806451612903227,0.10277777777777786,-0.189795918367347,3.235538473483966
1994-10-01,4.4,0.10831234256926958,0.24645892351274812,0.10831234256926958,0.1671087533156499,0.8106995884773662
1994-11-01,3.27,-0.25681818181818183,-0.17632241813602023,-0.24480369515011546,0.24334600760456282,-0.3550295857988166
1994-12-01,2.13,-0.3486238532110092,-0.515909090909091,-0.5468085106382979,0.41999999999999993,-0.7233766233766235
1995-01-01,1.0,-0.5305164319248826,-0.6941896024464832,-0.7601918465227817,-0.5515695067264574,-0.8341625207296849
1995-02-01,1.87,0.8700000000000001,-0.12206572769953039,-0.48484848484848475,-0.37037037037037035,-0.5720823798627002
1995-03-01,2.73,0.4598930481283421,1.73,-0.11935483870967745,-0.26216216216216215,0.011111111111111072
1995-04-01,3.6,0.31868131868131866,0.9251336898395721,0.16129032258064524,-0.09319899244332497,0.10091743119266061
1995-05-01,3.63,0.008333333333333304,0.3296703296703296,0.1709677419354838,-0.14184397163120577,-0.052219321148825104
1995-06-01,3.67,0.011019283746556585,0.019444444444444375,0.18387096774193545,-0.1844444444444444,-0.165909090909091
1995-07-01,3.7,0.008174386920980936,0.019283746556473913,0.04815864022662897,-0.11904761904761907,-0.19037199124726478
1995-08-01,3.4,-0.08108108108108114,-0.07356948228882831,-0.1435768261964736,-0.1282051282051282,-0.2811839323467231
1995-09-01,3.1,-0.08823529411764697,-0.16216216216216217,-0.2954545454545455,-0.13888888888888884,-0.3673469387755103
1995-10-01,2.8,-0.09677419354838723,-0.17647058823529416,-0.143730886850153,-0.2947103274559195,-0.2572944297082229
1995-11-01,3.1,0.1071428571428572,0.0,0.455399061032864,-0.2840646651270208,0.17870722433460084
1995-12-01,3.4,0.09677419354838701,0.2142857142857144,2.4,-0.27659574468085113,1.2666666666666666
1996-01-01,3.7,0.08823529411764719,0.19354838709677424,0.9786096256684491,-0.11270983213429253,0.6591928251121077
1996-02-01,3.93,0.06216216216216219,0.15588235294117658,0.43956043956043955,0.08264462809917372,0.3232323232323231
1996-03-01,4.17,0.061068702290076216,0.12702702702702706,0.15833333333333321,0.3451612903225807,0.12702702702702706
1996-04-01,4.4,0.05515587529976029,0.11959287531806617,0.21212121212121215,0.4193548387096775,0.10831234256926958
1996-05-01,3.73,-0.15227272727272734,-0.10551558752997603,0.016348773841961872,0.2032258064516128,-0.11820330969267145
1996-06-01,3.07,-0.1769436997319035,-0.30227272727272736,-0.1702702702702703,-0.00967741935483879,-0.3177777777777778
1996-07-01,2.4,-0.21824104234527686,-0.35656836461126007,-0.2941176470588235,-0.32011331444759206,-0.4285714285714286
1996-08-01,2.67,0.11250000000000004,-0.13029315960912047,-0.13870967741935492,-0.32745591939546603,-0.3153846153846154
1996-09-01,2.93,0.09737827715355807,0.22083333333333344,0.046428571428571486,-0.3340909090909091,-0.18611111111111112
1996-10-01,3.2,0.0921501706484642,0.19850187265917607,0.032258064516129004,-0.021406727828746086,-0.19395465994962213
1996-11-01,3.57,0.11562499999999987,0.21843003412969275,0.050000000000000044,0.676056338028169,-0.17551963048498853
1996-12-01,3.93,0.10084033613445387,0.2281249999999999,0.06216216216216219,2.93,-0.1638297872340425
1997-01-01,4.3,0.09414758269720092,0.20448179271708677,0.09414758269720092,1.299465240641711,0.031175059952038398
1997-02-01,3.47,-0.1930232558139534,-0.11704834605597958,-0.1678657074340527,0.2710622710622712,-0.044077134986225786
1997-03-01,2.63,-0.24207492795389052,-0.3883720930232558,-0.40227272727272734,-0.2694444444444445,-0.15161290322580656
1997-04-01,1.8,-0.3155893536121672,-0.4812680115273775,-0.517426273458445,-0.5041322314049587,-0.4193548387096774
1997-05-01,3.53,0.961111111111111,0.3422053231939164,0.14983713355048867,-0.038147138964577665,0.1387096774193548
1997-06-01,5.27,0.4929178470254958,1.9277777777777776,1.1958333333333333,0.4243243243243242,0.6999999999999997
1997-07-01,7.0,0.32827324478178377,0.98300283286119,1.6217228464419478,1.058823529411765,0.98300283286119
1997-08-01,6.3,-0.09999999999999998,0.1954459203036054,1.1501706484641638,1.032258064516129,0.5869017632241813
1997-09-01,5.6,-0.11111111111111116,-0.20000000000000007,0.7499999999999998,1.0,0.2727272727272725
1997-10-01,4.9,-0.12499999999999989,-0.2222222222222221,0.37254901960784337,0.5806451612903227,0.49847094801223246
1997-11-01,4.63,-0.055102040816326636,-0.17321428571428565,0.1781170483460559,0.361764705882353,1.1737089201877935
1997-12-01,4.37,-0.056155507559395246,-0.10816326530612252,0.016279069767441978,0.181081081081081,3.37
1998-01-01,4.1,-0.06178489702517176,-0.1144708423326134,0.18155619596541772,0.043256997455470625,1.192513368983957
1998-02-01,5.13,0.25121951219512195,0.17391304347826075,0.9505703422053233,0.2302158273381294,0.8791208791208791
1998-03-01,6.17,0.20272904483430798,0.5048780487804878,2.4277777777777776,0.4022727272727271,0.7138888888888888
1998-04-01,7.2,0.16693679092382507,0.4035087719298247,1.0396600566572238,0.9302949061662198,0.9834710743801653
1998-05-01,6.57,-0.08750000000000002,0.06482982171799034,0.24667931688804567,1.1400651465798046,0.790190735694823
1998-06-01,5.93,-0.09741248097412492,-0.17638888888888893,-0.1528571428571429,1.4708333333333332,0.6027027027027025
1998-07-01,5.3,-0.10623946037099496,-0.19330289193302896,-0.15873015873015872,0.9850187265917603,0.5588235294117647
1998-08-01,5.5,0.037735849056603765,-0.07251264755480602,-0.017857142857142794,0.8771331058020477,0.7741935483870968
1998-09-01,5.7,0.036363636363636376,0.07547169811320753,0.16326530612244894,0.78125,1.035714285714286
1998-10-01,5.9,0.03508771929824572,0.07272727272727275,0.27429805615550773,0.6526610644257704,0.903225806451613
1998-11-01,5.23,-0.11355932203389829,-0.08245614035087712,0.1967963386727689,0.3307888040712468,0.5382352941176471
1998-12-01,4.57,-0.12619502868068833,-0.22542372881355932,0.11463414634146352,0.0627906976744188,0.23513513513513518
1999-01-01,3.9,-0.1466083150984684,-0.2543021032504781,-0.23976608187134507,0.12391930835734866,-0.007633587786259555
1999-02-01,4.6,0.17948717948717952,0.006564551422319376,-0.2544570502431118,0.7490494296577945,0.10311750599520386
1999-03-01,5.3,0.15217391304347827,0.35897435897435903,-0.26388888888888895,1.9444444444444442,0.20454545454545436
1999-04-01,6.0,0.13207547169811318,0.30434782608695654,-0.08675799086757996,0.6997167138810199,0.6085790884718498
1999-05-01,5.53,-0.07833333333333325,0.04339622641509444,-0.06745362563237767,0.04933586337760931,0.8013029315960913
1999-06-01,5.07,-0.08318264014466548,-0.15499999999999992,-0.04339622641509422,-0.2757142857142857,1.1125000000000003
1999-07-01,4.6,-0.09270216962524669,-0.16817359855334546,-0.1636363636363637,-0.2698412698412699,0.7228464419475655
1999-08-01,5.07,0.10217391304347845,0.0,-0.1105263157894737,-0.09464285714285703,0.7303754266211604
1999-09-01,5.53,0.09072978303747536,0.20217391304347831,-0.06271186440677967,0.12857142857142856,0.7281249999999999
1999-10-01,6.0,0.08499095840867987,0.18343195266272172,0.14722753346080286,0.2958963282937366,0.680672268907563
1999-11-01,6.1,0.016666666666666607,0.10307414104882451,0.33479212253829305,0.3958810068649885,0.5521628498727733
1999-12-01,6.2,0.016393442622950838,0.03333333333333344,0.5897435897435899,0.5121951219512197,0.4418604651162792
2000-01-01,6.3,0.016129032258064502,0.032786885245901676,0.36956521739130443,0.22807017543859653,0.8155619596541785
2000-02-01,5.5,-0.12698412698412698,-0.11290322580645162,0.037735849056603765,-0.10858995137763372,1.091254752851711
2000-03-01,4.7,-0.1454545454545454,-0.25396825396825395,-0.21666666666666667,-0.3472222222222222,1.6111111111111112
2000-04-01,3.9,-0.17021276595744683,-0.2909090909090909,-0.2947558770343581,-0.406392694063927,0.10481586402266285
2000-05-01,3.93,0.007692307692307665,-0.1638297872340425,-0.2248520710059172,-0.33726812816188867,-0.2542694497153699
2000-06-01,3.97,0.010178117048346147,0.017948717948718107,-0.1369565217391303,-0.25094339622641504,-0.43285714285714283
2000-07-01,4.0,0.007556675062972307,0.01781170483460559,-0.21104536489151882,-0.2727272727272727,-0.3650793650793651
2000-08-01,3.83,-0.04249999999999998,-0.035264483627204024,-0.30741410488245935,-0.3280701754385965,-0.31607142857142856
2000-09-01,3.67,-0.04177545691906004,-0.08250000000000002,-0.3883333333333333,-0.3779661016949153,-0.25102040816326543
2000-10-01,3.5,-0.0463215258855586,-0.08616187989556134,-0.42622950819672123,-0.3307839388145316,-0.24406047516198703
2000-11-01,2.87,-0.17999999999999994,-0.21798365122615804,-0.5370967741935484,-0.3719912472647703,-0.34324942791762014
2000-12-01,2.23,-0.22299651567944256,-0.3628571428571429,-0.646031746031746,-0.42820512820512824,-0.4560975609756097
2001-01-01,1.6,-0.28251121076233177,-0.44250871080139376,-0.709090909090909,-0.6521739130434783,-0.6881091617933723
2001-02-01,1.37,-0.14374999999999993,-0.38565022421524653,-0.7085106382978723,-0.7415094339622641,-0.7779578606158832
2001-03-01,1.13,-0.17518248175182494,-0.29375000000000007,-0.7102564102564103,-0.8116666666666666,-0.8430555555555556
2001-04-01,0.9,-0.20353982300884943,-0.34306569343065696,-0.7709923664122138,-0.8372513562386981,-0.863013698630137
2001-05-01,1.07,0.18888888888888888,-0.05309734513274322,-0.7304785894206549,-0.7889546351084813,-0.8195615514333895
2001-06-01,1.23,0.14953271028037385,0.3666666666666667,-0.6925,-0.7326086956521739,-0.7679245283018867
2001-07-01,1.4,0.1382113821138211,0.30841121495327095,-0.6344647519582245,-0.7238658777120316,-0.7454545454545455
2001-08-01,2.97,1.1214285714285719,1.4146341463414638,-0.1907356948228882,-0.4629294755877035,-0.47894736842105257
2001-09-01,4.53,0.5252525252525253,2.235714285714286,0.29428571428571426,-0.245,-0.23220338983050848
2001-10-01,6.1,0.3465783664459159,1.0538720538720536,1.1254355400696863,0.0,0.1663479923518163
2001-11-01,4.47,-0.26721311475409837,-0.013245033112582849,1.0044843049327352,-0.27903225806451615,-0.021881838074398363
2001-12-01,2.83,-0.3668903803131991,-0.5360655737704918,0.76875,-0.5507936507936508,-0.2743589743589743
2002-01-01,1.2,-0.5759717314487633,-0.7315436241610738,-0.12408759124087598,-0.7818181818181819,-0.7391304347826086
2002-02-01,1.5,0.25,-0.46996466431095407,0.32743362831858414,-0.6808510638297873,-0.7169811320754718
2002-03-01,1.8,0.19999999999999996,0.5,1.0,-0.5384615384615384,-0.7
2002-04-01,2.1,0.16666666666666674,0.40000000000000013,0.9626168224299065,-0.46564885496183206,-0.620253164556962
2002-05-01,2.37,0.12857142857142856,0.31666666666666665,0.9268292682926831,-0.4030226700251889,-0.5325443786982249
2002-06-01,2.63,0.10970464135021096,0.2523809523809524,0.8785714285714286,-0.3425,-0.42826086956521736
2002-07-01,2.9,0.102661596958175,0.2236286919831223,-0.023569023569023684,-0.24281984334203655,-0.42800788954635116
2002-08-01,2.7,-0.06896551724137923,0.026615969581749166,-0.4039735099337748,-0.2643051771117165,-0.511754068716094
2002-09-01,2.5,-0.07407407407407418,-0.13793103448275856,-0.5901639344262295,-0.2857142857142857,-0.5833333333333333
2002-10-01,2.3,-0.08000000000000007,-0.14814814814814825,-0.4854586129753915,-0.19860627177700363,-0.6229508196721312
2002-11-01,2.17,-0.05652173913043479,-0.132,-0.2332155477031802,-0.026905829596412634,-0.65
2002-12-01,2.03,-0.06451612903225812,-0.11739130434782608,0.6916666666666667,0.2687499999999998,-0.6777777777777778
2003-01-01,1.9,-0.064039408866995,-0.12442396313364057,0.2666666666666666,0.386861313868613,-0.6545454545454545
2003-02-01,2.8,0.4736842105263157,0.3793103448275863,0.5555555555555554,1.4778761061946901,-0.4042553191489362
2003-03-01,3.7,0.3214285714285716,0.9473684210526319,0.7619047619047619,3.1111111111111116,-0.05128205128205121
2003-04-01,4.6,0.24324324324324298,0.6428571428571428,0.9409282700421939,3.299065420560747,0.17048346055979624
2003-05-01,5.07,0.10217391304347845,0.37027027027027026,0.9277566539923956,3.1219512195121952,0.2770780856423174
2003-06-01,5.53,0.09072978303747536,0.20217391304347831,0.9068965517241381,2.9500000000000006,0.38250000000000006
2003-07-01,6.0,0.08499095840867987,0.18343195266272172,1.2222222222222219,1.0202020202020199,0.566579634464752
2003-08-01,4.9,-0.18333333333333324,-0.11392405063291133,0.9600000000000002,0.08167770419426046,0.33514986376021816
2003-09-01,3.8,-0.22448979591836749,-0.3666666666666667,0.6521739130434783,-0.3770491803278688,0.08571428571428563
2003-10-01,2.7,-0.2894736842105262,-0.44897959183673475,0.2442396313364057,-0.395973154362416,-0.059233449477351874
2003-11-01,3.0,0.11111111111111094,-0.21052631578947367,0.47783251231527113,0.060070671378091856,0.3452914798206279
2003-12-01,3.3,0.09999999999999987,0.2222222222222221,0.736842105263158,1.75,1.0624999999999996
2004-01-01,3.6,0.09090909090909105,0.19999999999999996,0.2857142857142858,1.4,1.6277372262773722
2004-02-01,3.23,-0.10277777777777786,-0.021212121212121127,-0.12702702702702706,0.7944444444444443,1.858407079646018
2004-03-01,2.87,-0.11145510835913308,-0.20277777777777772,-0.37608695652173907,0.3666666666666667,2.188888888888889
2004-04-01,2.5,-0.12891986062717775,-0.22600619195046434,-0.5069033530571992,0.05485232067510548,1.3364485981308412
2004-05-01,3.17,0.268,0.1045296167247387,-0.4267631103074141,0.2053231939163498,1.5772357723577235
2004-06-01,3.83,0.20820189274447953,0.532,-0.3616666666666667,0.3206896551724139,1.7357142857142858
2004-07-01,4.5,0.17493472584856384,0.41955835962145116,-0.08163265306122458,0.6666666666666665,0.5151515151515151
2004-08-01,4.47,-0.00666666666666671,0.16710182767624016,0.1763157894736842,0.7879999999999998,-0.013245033112582849
2004-09-01,4.43,-0.008948545861297563,-0.015555555555555656,0.6407407407407406,0.9260869565217391,-0.2737704918032787
2004-10-01,4.4,-0.006772009029345272,-0.015659955257270597,0.4666666666666668,1.0276497695852536,-0.015659955257270597
2004-11-01,3.73,-0.15227272727272734,-0.15801354401805867,0.13030303030303036,0.8374384236453203,0.3180212014134276
2004-12-01,3.07,-0.1769436997319035,-0.30227272727272736,-0.14722222222222225,0.6157894736842104,1.5583333333333331
2005-01-01,2.4,-0.21824104234527686,-0.35656836461126007,-0.2569659442724458,-0.1428571428571428,0.5999999999999999
2005-02-01,3.13,0.3041666666666667,0.019543973941368087,0.09059233449477344,-0.15405405405405415,0.7388888888888887
2005-03-01,3.87,0.2364217252396168,0.6125,0.548,-0.1586956521739129,0.8428571428571427
2005-04-01,4.6,0.18863049095607232,0.4696485623003195,0.4511041009463721,-0.09270216962524669,0.9409282700421939
2005-05-01,4.37,-0.04999999999999993,0.12919896640826867,0.14099216710182771,-0.20976491862567814,0.661596958174905
2005-06-01,4.13,-0.05491990846681927,-0.10217391304347823,-0.0822222222222222,-0.31166666666666665,0.42413793103448283
2005-07-01,3.9,-0.05569007263922521,-0.10755148741418763,-0.12751677852348986,-0.20408163265306134,0.4444444444444444
2005-08-01,3.0,-0.23076923076923073,-0.27360774818401934,-0.3227990970654627,-0.21052631578947367,0.19999999999999996
2005-09-01,2.1,-0.29999999999999993,-0.46153846153846145,-0.5227272727272727,-0.2222222222222222,-0.08695652173913038
2005-10-01,1.2,-0.4285714285714286,-0.6000000000000001,-0.67828418230563,-0.6000000000000001,-0.4470046082949308
2005-11-01,2.3,0.9166666666666665,0.09523809523809512,-0.250814332247557,-0.3030303030303031,0.13300492610837433
2005-12-01,3.4,0.4782608695652175,1.8333333333333335,0.41666666666666674,-0.05555555555555558,0.7894736842105263
2006-01-01,4.5,0.32352941176470584,0.956521739130435,0.43769968051118213,0.3931888544891642,0.6071428571428572
2006-02-01,3.67,-0.1844444444444444,0.07941176470588229,-0.05167958656330751,0.27874564459930307,-0.008108108108108136
2006-03-01,2.83,-0.22888283378746588,-0.37111111111111106,-0.38478260869565206,0.13200000000000012,-0.38478260869565206
2006-04-01,2.0,-0.29328621908127206,-0.45504087193460485,-0.5423340961098398,-0.3690851735015773,-0.6055226824457594
2006-05-01,2.13,0.06499999999999995,-0.24734982332155486,-0.4842615012106538,-0.44386422976501305,-0.6148282097649187
2006-06-01,2.27,0.06572769953051649,0.135,-0.4179487179487179,-0.4955555555555555,-0.6216666666666666
2006-07-01,2.4,0.05726872246696035,0.12676056338028174,-0.20000000000000007,-0.46308724832214765,-0.5102040816326532
2006-08-01,2.9,0.20833333333333326,0.27753303964757703,0.38095238095238093,-0.34537246049661396,-0.23684210526315785
2006-09-01,3.4,0.17241379310344818,0.41666666666666674,1.8333333333333335,-0.2272727272727274,0.2592592592592591
2006-10-01,3.9,0.1470588235294117,0.3448275862068966,0.6956521739130437,0.04557640750670244,0.30000000000000004
2006-11-01,3.37,-0.13589743589743586,-0.008823529411764675,-0.008823529411764675,0.09771986970684043,0.021212121212121238
2006-12-01,2.83,-0.1602373887240356,-0.2743589743589743,-0.37111111111111106,0.1791666666666667,-0.2138888888888889
2007-01-01,2.3,-0.187279151943463,-0.3175074183976262,-0.3732970027247957,-0.26517571884984026,-0.28792569659442735
2007-02-01,1.77,-0.23043478260869554,-0.3745583038869258,-0.3745583038869258,-0.5426356589147288,-0.3832752613240419
2007-03-01,1.23,-0.30508474576271183,-0.4652173913043478,-0.385,-0.7326086956521739,-0.508
2007-04-01,0.7,-0.43089430894308944,-0.6045197740112995,-0.6713615023474179,-0.839816933638444,-0.7791798107255521
2007-05-01,1.23,0.7571428571428573,0.0,-0.4581497797356828,-0.7021791767554479,-0.6788511749347259
2007-06-01,1.77,0.4390243902439024,1.528571428571429,-0.26249999999999996,-0.5461538461538462,-0.6066666666666667
2007-07-01,2.3,0.29943502824858736,0.8699186991869918,-0.206896551724138,-0.2333333333333334,-0.4854586129753915
2007-08-01,1.9,-0.17391304347826086,0.0734463276836157,-0.4411764705882353,-0.09523809523809534,-0.5711060948081264
2007-09-01,1.5,-0.21052631578947367,-0.34782608695652173,-0.6153846153846154,0.25,-0.6590909090909092
2007-10-01,1.1,-0.2666666666666666,-0.42105263157894735,-0.6735905044510386,-0.5217391304347825,-0.7050938337801609
2007-11-01,0.37,-0.6636363636363637,-0.7533333333333333,-0.8692579505300353,-0.8911764705882352,-0.8794788273615635
2007-12-01,-0.37,-2.0,-1.3363636363636364,-1.1608695652173913,-1.0822222222222222,-1.1541666666666668
2008-01-01,-1.1,1.9729729729729732,-3.9729729729729732,-1.6214689265536724,-1.2997275204359673,-1.351437699680511
2008-02-01,-0.53,-0.5181818181818182,0.43243243243243246,-1.4308943089430894,-1.187279151943463,-1.1369509043927648
2008-03-01,0.03,-1.0566037735849056,-1.0272727272727273,-0.9571428571428572,-0.985,-0.9934782608695653
2008-04-01,0.6,-1.5283018867924527,-2.132075471698113,-0.5121951219512195,-0.7183098591549295,-0.8627002288329519
2008-05-01,-0.6,-2.0,-3.0660377358490565,-1.3389830508474576,-1.2643171806167401,-1.145278450363196
2008-06-01,-1.8,2.0,-4.0,-1.7826086956521738,-1.75,-1.4615384615384617
2008-07-01,-3.0,0.6666666666666665,4.0,-2.5789473684210527,-2.0344827586206895,-2.0
2008-08-01,-3.23,0.07666666666666666,0.7944444444444443,-3.1533333333333333,-1.9500000000000002,-2.538095238095238
2008-09-01,-3.47,0.07430340557275539,0.15666666666666673,-4.154545454545454,-1.8897435897435897,-3.891666666666667
2008-10-01,-3.7,0.06628242074927959,0.14551083591331282,-2.548484848484848,-2.0979228486646884,-2.608695652173913
2008-11-01,-2.77,-0.25135135135135134,-0.20172910662824206,-0.9424242424242419,-1.978798586572438,-1.8147058823529412
2008-12-01,-1.83,-0.3393501805054151,-0.5054054054054054,0.6636363636363636,-1.7956521739130435,-1.4066666666666667
2009-01-01,-0.9,-0.5081967213114754,-0.6750902527075813,0.6981132075471699,-1.5084745762711864,-1.2452316076294279
2009-02-01,-1.13,0.2555555555555553,-0.3825136612021859,-1.292610062893082,-1.9186991869918697,-1.3992932862190812
2009-03-01,-1.37,0.21238938053097356,0.5222222222222224,-3.2833333333333337,-2.9571428571428573,-1.685
2009-04-01,-1.6,0.16788321167883202,0.4159292035398232,1.666666666666667,-2.3008130081300813,-1.751173708920188
2009-05-01,-0.13,-0.91875,-0.9051094890510949,-0.9277777777777778,-1.073446327683616,-1.0572687224669604
2009-06-01,1.33,0.09325657894736827,-1.83125,-1.4433333333333334,-0.4217391304347825,-0.4458333333333333
2009-07-01,2.8,1.1052631578947367,-0.7878054511278196,-1.8668730650154797,0.4736842105263157,-0.034482758620689724
2009-08-01,1.67,-0.4035714285714286,0.2556390977443608,-1.4812680115273775,0.11333333333333329,-0.5088235294117647
2009-09-01,0.53,-0.6826347305389222,-0.8107142857142857,-1.1432432432432433,-0.5181818181818182,-0.8641025641025641
2009-10-01,-0.6,-2.132075471698113,-1.3592814371257484,-0.7833935018050542,-2.6216216216216215,-1.1780415430267062
2009-11-01,0.27,-1.4500000000000002,-0.49056603773584906,-1.1475409836065573,-1.7297297297297298,-0.9045936395759717
2009-12-01,1.13,-0.34004424778761067,-2.8833333333333333,-2.2555555555555555,-2.0272727272727273,-0.508695652173913
2010-01-01,2.0,0.7699115044247788,-0.8797197640117993,-2.769911504424779,-0.12929292929292924,0.12994350282485878
2010-02-01,2.4,0.19999999999999996,1.1238938053097347,-2.751824817518248,1.7686868686868689,0.9512195121951219
2010-03-01,2.8,0.16666666666666674,0.3999999999999999,-2.75,3.666666666666667,3.0
2010-04-01,3.2,0.14285714285714302,0.3333333333333335,-0.7208646616541357,0.4805555555555556,1.601626016260163
2010-05-01,3.07,-0.04062500000000013,0.09642857142857153,1.3082706766917291,-2.7055555555555557,0.7344632768361581
2010-06-01,2.93,-0.04560260586319209,-0.08437499999999998,0.046428571428571486,-1.9766666666666666,0.27391304347826106
2010-07-01,2.8,-0.04436860068259396,-0.08794788273615639,0.6766467065868262,-1.8668730650154797,0.4736842105263157
2010-08-01,2.77,-0.010714285714285676,-0.05460750853242324,4.226415094339623,-1.798270893371758,0.8466666666666667
2010-09-01,2.73,-0.014440433212996373,-0.02499999999999991,-5.55,-1.7378378378378379,1.4818181818181815
2010-10-01,2.7,-0.01098901098901095,-0.025270758122743597,-2.2263274336283185,-1.9747292418772564,6.297297297297298
2010-11-01,2.37,-0.12222222222222223,-0.13186813186813184,1.0973451327433632,-2.2950819672131146,-7.405405405405406
2010-12-01,2.03,-0.14345991561181448,-0.24814814814814823,0.014999999999999902,-3.255555555555555,-2.8454545454545452
2011-01-01,1.7,-0.16256157635467972,-0.28270042194092837,-0.29166666666666663,-2.504424778761062,-4.2075471698113205
2011-02-01,1.43,-0.1588235294117647,-0.29556650246305416,-0.4892857142857143,-2.0437956204379564,-1.6287735849056602
2011-03-01,1.17,-0.18181818181818188,-0.31176470588235294,-0.634375,-1.73125,0.95
2011-04-01,0.9,-0.23076923076923073,-0.3706293706293706,-0.7068403908794788,-0.940812969924812,-2.5
2011-05-01,1.13,0.2555555555555553,-0.03418803418803418,-0.6143344709897611,-0.15037593984962416,-1.6277777777777778
2011-06-01,1.37,0.21238938053097356,0.5222222222222224,-0.5107142857142857,-0.5107142857142857,-1.4566666666666668
2011-07-01,1.6,0.16788321167883202,0.4159292035398232,-0.4223826714801444,-0.041916167664670545,-1.4953560371517027
2011-08-01,1.3,-0.1875,-0.051094890510948954,-0.5238095238095237,1.4528301886792452,-1.3746397694524495
2011-09-01,1.0,-0.23076923076923084,-0.375,-0.6296296296296297,-2.666666666666667,-1.2702702702702702
2011-10-01,0.7,-0.30000000000000004,-0.46153846153846156,-0.7046413502109705,1.5925925925925921,-1.2527075812274369
2011-11-01,1.57,1.2428571428571429,0.5700000000000001,-0.22660098522167482,0.3893805309734515,-1.8579234972677594
2011-12-01,2.43,0.5477707006369428,2.471428571428572,0.4294117647058824,0.21500000000000008,-3.7
2012-01-01,3.3,0.3580246913580245,1.1019108280254777,1.3076923076923075,0.375,-3.920353982300885
2012-02-01,2.4,-0.2727272727272727,-0.012345679012345734,1.0512820512820515,-0.1428571428571428,-2.751824817518248
2012-03-01,1.5,-0.375,-0.5454545454545454,0.6666666666666665,-0.53125,-1.9375
2012-04-01,0.6,-0.6000000000000001,-0.75,-0.4690265486725663,-0.8045602605863192,-5.615384615384615
2012-05-01,0.63,0.050000000000000044,-0.5800000000000001,-0.5401459854014599,-0.7849829351535836,-0.5263157894736843
2012-06-01,0.67,0.06349206349206349,0.1166666666666667,-0.58125,-0.7607142857142857,-0.7607142857142857
2012-07-01,0.7,0.04477611940298498,0.11111111111111094,-0.46153846153846156,-0.7472924187725631,-0.5808383233532934
2012-08-01,1.07,0.5285714285714287,0.5970149253731343,0.07000000000000006,-0.608058608058608,1.018867924528302
2012-09-01,1.43,0.33644859813084094,1.0428571428571427,1.0428571428571427,-0.47037037037037044,-3.3833333333333333
2012-10-01,1.8,0.25874125874125875,0.6822429906542056,0.14649681528662417,-0.2405063291139241,5.666666666666666
2012-11-01,1.9,0.05555555555555558,0.32867132867132876,-0.21810699588477378,-0.064039408866995,0.68141592920354
2012-12-01,2.0,0.05263157894736836,0.11111111111111116,-0.3939393939393939,0.17647058823529416,0.0
2013-01-01,2.1,0.050000000000000044,0.10526315789473695,-0.12499999999999989,0.46853146853146876,-0.12499999999999989
2013-02-01,1.5,-0.2857142857142857,-0.25,0.0,0.28205128205128216,-0.4642857142857143
2013-03-01,0.9,-0.4,-0.5714285714285714,0.5,0.0,-0.71875
2013-04-01,0.3,-0.6666666666666667,-0.8,-0.5238095238095238,-0.7345132743362832,-0.9022801302931596
2013-05-01,0.73,1.4333333333333336,-0.18888888888888888,0.08955223880596996,-0.46715328467153294,-0.7508532423208192
2013-06-01,1.17,0.6027397260273972,2.9,0.6714285714285715,-0.26875000000000004,-0.5821428571428571
2013-07-01,1.6,0.36752136752136777,1.1917808219178085,0.49532710280373826,0.23076923076923084,-0.4223826714801444
2013-08-01,2.23,0.3937499999999998,0.9059829059829061,0.5594405594405596,1.23,-0.18315018315018317
2013-09-01,2.87,0.2869955156950674,0.79375,0.5944444444444446,3.1000000000000005,0.06296296296296289
2013-10-01,3.5,0.2195121951219512,0.5695067264573992,0.8421052631578949,1.2292993630573248,0.47679324894514763
2013-11-01,2.87,-0.17999999999999994,0.0,0.43500000000000005,0.1810699588477367,0.413793103448276
2013-12-01,2.23,-0.22299651567944256,-0.3628571428571429,0.06190476190476191,-0.3242424242424242,0.31176470588235294
2014-01-01,1.6,-0.28251121076233177,-0.44250871080139376,0.06666666666666665,-0.33333333333333326,0.11888111888111896
2014-02-01,2.53,0.5812499999999998,0.13452914798206272,1.811111111111111,0.6866666666666665,1.1623931623931623
2014-03-01,3.47,0.37154150197628466,1.1687500000000002,3.4192541856925422,4.783333333333334,2.8555555555555556
2014-04-01,4.4,0.26801152737752165,0.7391304347826089,5.027397260273974,5.984126984126985,2.893805309734514
2014-05-01,4.43,0.006818181818181612,0.27665706051873173,2.786324786324786,5.611940298507462,2.233576642335766
2014-06-01,4.47,0.009029345372460584,0.015909090909090873,1.7937499999999997,5.385714285714286,1.7937499999999997
2014-07-01,4.5,0.006711409395973256,0.015801354401805856,1.0179372197309418,3.205607476635514,2.4615384615384612
2014-08-01,4.57,0.015555555555555545,0.022371364653243964,0.5923344947735192,2.1958041958041963,3.5700000000000003
2014-09-01,4.63,0.013129102844638973,0.028888888888888964,0.32285714285714273,1.572222222222222,5.614285714285715
2014-10-01,4.7,0.015118790496760237,0.02844638949671774,0.637630662020906,1.473684210526316,1.9936305732484074
2014-11-01,4.3,-0.08510638297872353,-0.07127429805615548,0.9282511210762332,1.15,0.7695473251028804
2014-12-01,3.9,-0.09302325581395343,-0.17021276595744683,1.4375,0.857142857142857,0.18181818181818188
2015-01-01,3.5,-0.10256410256410253,-0.18604651162790697,0.383399209486166,1.3333333333333335,0.4583333333333335
2015-02-01,3.47,-0.008571428571428563,-0.1102564102564102,0.0,2.8555555555555556,1.3133333333333335
2015-03-01,3.43,-0.011527377521613813,-0.019999999999999907,-0.22045454545454546,3.256544901065449,4.716666666666667
2015-04-01,3.4,-0.008746355685131268,-0.02017291066282434,-0.23250564334085777,3.6575342465753424,4.396825396825396
2015-05-01,3.23,-0.04999999999999993,-0.058309037900874716,-0.2774049217002237,1.7606837606837606,3.820895522388059
2015-06-01,3.07,-0.049535603715170295,-0.09705882352941175,-0.3177777777777778,0.9187499999999997,3.385714285714286
2015-07-01,2.9,-0.055374592833876246,-0.10216718266253877,-0.3654266958424508,0.3004484304932735,1.7102803738317753
2015-08-01,2.7,-0.06896551724137923,-0.12052117263843642,-0.4168466522678185,-0.059233449477351874,0.8881118881118883
2015-09-01,2.5,-0.07407407407407418,-0.13793103448275856,-0.46808510638297873,-0.2857142857142857,0.38888888888888884
2015-10-01,2.3,-0.08000000000000007,-0.14814814814814825,-0.4651162790697675,-0.19860627177700363,0.21052631578947367
2015-11-01,2.33,0.013043478260869712,-0.06799999999999995,-0.4025641025641026,0.04484304932735439,0.16500000000000004
2015-12-01,2.37,0.017167381974249052,0.0304347826086957,-0.32285714285714284,0.48124999999999996,0.12857142857142856
2016-01-01,2.4,0.012658227848101111,0.030042918454935563,-0.3083573487031701,-0.05138339920948609,0.5999999999999999
2016-02-01,2.73,0.13749999999999996,0.1518987341772151,-0.20408163265306123,-0.21325648414985598,2.033333333333333
2016-03-01,3.07,0.12454212454212454,0.27916666666666656,-0.09705882352941175,-0.30227272727272736,2.845433789954338
2016-04-01,3.4,0.10749185667752448,0.24542124542124544,0.05263157894736836,-0.23250564334085777,3.6575342465753424
2016-05-01,3.17,-0.0676470588235294,0.032573289902280145,0.032573289902280145,-0.29082774049217,1.7094017094017095
2016-06-01,2.93,-0.0757097791798107,-0.138235294117647,0.010344827586207028,-0.3488888888888888,0.83125
2016-07-01,2.7,-0.07849829351535831,-0.1482649842271293,0.0,-0.4091903719912473,0.2107623318385652
2016-08-01,2.67,-0.011111111111111183,-0.08873720136518781,0.06800000000000006,-0.4233261339092873,-0.06968641114982588
2016-09-01,2.63,-0.014981273408239737,-0.02592592592592602,0.14347826086956528,-0.44042553191489364,-0.24857142857142855
2016-10-01,2.6,-0.011406844106463754,-0.02621722846441943,0.11587982832618016,-0.39534883720930225,-0.09407665505226481
2016-11-01,2.33,-0.10384615384615381,-0.11406844106463876,-0.016877637130801704,-0.4025641025641026,0.04484304932735439
2016-12-01,2.07,-0.11158798283261817,-0.2038461538461539,-0.13750000000000007,-0.4085714285714286,0.29374999999999973
2017-01-01,1.8,-0.13043478260869557,-0.22746781115879833,-0.34065934065934067,-0.4812680115273775,-0.2885375494071145
2017-02-01,2.17,0.2055555555555555,0.048309178743961345,-0.2931596091205212,-0.3673469387755103,-0.3746397694524496
2017-03-01,2.53,0.16589861751152069,0.40555555555555545,-0.25588235294117656,-0.25588235294117656,-0.42500000000000004
2017-04-01,2.9,0.1462450592885376,0.33640552995391704,-0.08517350157728709,-0.10216718266253877,-0.34537246049661396
2017-05-01,2.67,-0.07931034482758625,0.055335968379446765,-0.08873720136518781,-0.13029315960912047,-0.40268456375838924
2017-06-01,2.43,-0.08988764044943809,-0.16206896551724126,-0.09999999999999998,-0.16206896551724126,-0.45999999999999996
2017-07-01,2.2,-0.09465020576131689,-0.17602996254681635,-0.17602996254681635,-0.18518518518518512,-0.5185995623632385
2017-08-01,2.77,0.25909090909090904,0.13991769547325106,0.05323193916349811,0.1080000000000001,-0.40172786177105835
2017-09-01,3.33,0.20216606498194944,0.5136363636363634,0.28076923076923066,0.4478260869565218,-0.2914893617021277
2017-10-01,3.9,0.1711711711711712,0.40794223826714804,0.6738197424892702,0.6738197424892702,-0.09302325581395343
2017-11-01,2.77,-0.2897435897435897,-0.16816816816816815,0.33816425120772964,0.16877637130801681,-0.2897435897435897
2017-12-01,1.63,-0.4115523465703972,-0.5820512820512821,-0.09444444444444455,-0.3208333333333333,-0.5342857142857143
2018-01-01,0.5,-0.6932515337423313,-0.8194945848375451,-0.7695852534562212,-0.8168498168498168,-0.8559077809798271
2018-02-01,1.6,2.2,-0.018404907975460016,-0.367588932806324,-0.4788273615635179,-0.5335276967930029
2018-03-01,2.7,0.6875,4.4,-0.06896551724137923,-0.2058823529411764,-0.2058823529411764
2018-04-01,3.8,0.4074074074074072,1.3749999999999996,0.42322097378277146,0.19873817034700303,0.17647058823529416
2018-05-01,3.7,-0.02631578947368407,0.37037037037037024,0.522633744855967,0.2627986348122866,0.2052117263843649
2018-06-01,3.6,-0.027027027027027084,-0.05263157894736836,0.6363636363636362,0.33333333333333326,0.24137931034482762
2018-07-01,3.5,-0.02777777777777779,-0.05405405405405406,0.2635379061371841,0.3108614232209739,0.2962962962962963
2018-08-01,3.27,-0.06571428571428573,-0.09166666666666667,-0.018018018018018056,0.24334600760456282,0.30800000000000005
2018-09-01,3.03,-0.07339449541284415,-0.13428571428571434,-0.22307692307692306,0.16538461538461524,0.31739130434782603
2018-10-01,2.8,-0.07590759075907594,-0.143730886850153,0.010830324909747224,0.20171673819742475,0.20171673819742475
2018-11-01,2.8,0.0,-0.07590759075907594,0.7177914110429449,0.3526570048309179,0.18143459915611793
2018-12-01,2.8,0.0,0.0,4.6,0.5555555555555554,0.16666666666666674
