,SHARE_M,SHARE_M_PCT_CHG,SHARE_Q_PCT_CHG,SHARE_A_PCT_CHG,SHARE_2A_PCT_CHG,SHARE_3A_PCT_CHG
1962-01-01,-3.24005891,-1.2818596927918202,-1.0931029754023824,-1.9480297859769469,-1.7136100892684079,-0.45077730423117524
1962-02-01,0.9132420090000001,-1.2818596927918202,-1.0931029754023824,-1.9480297859769469,-1.7136100892684079,-0.45077730423117524
1962-03-01,0.301659125,-0.6696832580771042,-1.0931029754023824,-1.9480297859769469,-1.7136100892684079,-0.45077730423117524
1962-04-01,-3.308270677,-11.966917301109325,-4.62255639184027,-1.9480297859769469,-1.7136100892684079,-0.45077730423117524
1962-05-01,-6.687402799,1.0214194822366407,-23.168740292540466,-1.9480297859769469,-1.7136100892684079,-0.45077730423117524
1962-06-01,-11.16666667,0.6698062021432005,2.37537878857184,-1.9480297859769469,-1.7136100892684079,-0.45077730423117524
1962-07-01,1.6885553469999999,-1.1512139116265032,-1.252497927484269,-1.9480297859769469,-1.7136100892684079,-0.45077730423117524
1962-08-01,3.505535055,1.07605576046303,-1.3139285122943498,-1.9480297859769469,-1.7136100892684079,-0.45077730423117524
1962-09-01,-0.8912655970000001,-1.2542452387485823,-1.527827292474293,-1.9480297859769469,-1.7136100892684079,-0.45077730423117524
1962-10-01,-2.6978417269999997,2.0269784181964776,-1.7695948506211698,-1.9480297859769469,-1.7136100892684079,-0.45077730423117524
1962-11-01,8.31792976,-4.083179297270911,-10.33271719226923,-1.9480297859769469,-1.7136100892684079,-0.45077730423117524
1962-12-01,3.071672355,-0.6307167235564635,-2.138566552759083,-1.9480297859769469,-1.7136100892684079,-0.45077730423117524
1963-01-01,3.642384106,0.1857983811557924,-0.5621044886053475,2.988410596648319,-1.7136100892684079,-0.45077730423117524
1963-02-01,1.118210863,-0.6930002903433491,-0.6359602412738451,2.7068690131617936,-1.7136100892684079,-0.45077730423117524
1963-03-01,-0.789889415,-1.7063868194598284,-1.2168605484794524,-0.7612379723063392,-1.7136100892684079,-0.45077730423117524
1963-04-01,4.936305732,-7.249363060524112,3.414467695973366,-1.7381499036872956,-1.7136100892684079,-0.45077730423117524
1963-05-01,1.820940819,-0.6311126340502768,-3.3053110782602397,-1.1630693270259496,-1.7136100892684079,-0.45077730423117524
1963-06-01,-0.14903129699999998,-1.0818430206215286,-1.0301908562984445,-1.0882596458948053,-1.7136100892684079,-0.45077730423117524
1963-07-01,-2.537313433,16.025373086567182,-2.3934079606131338,-1.723802042538696,-1.7136100892684079,-0.45077730423117524
1963-08-01,1.837672282,-1.724259075800195,-13.33078097683066,-3.06186830074627,-1.7136100892684079,-0.45077730423117524
1963-09-01,3.458646617,0.8820802005218469,-2.3631136666117984,-2.2820050125201434,-1.7136100892684079,-0.45077730423117524
1963-10-01,1.162790698,-0.6638018199706697,-0.3672480619153181,-0.8602067183120815,-1.7136100892684079,-0.45077730423117524
1963-11-01,-0.574712644,-1.4942528737016092,-1.1661669166127475,-1.187100894099104,-1.7136100892684079,-0.45077730423117524
1963-12-01,2.3121387280000003,-5.023121384467053,0.9884393055232372,-0.3652128219560158,-1.7136100892684079,-0.45077730423117524
1964-01-01,2.259887006,-0.022598869768163943,-4.932203388237966,1.0209846646785796,1.4745762719288136,-0.45077730423117524
1964-02-01,2.071823204,-0.08321823237210113,-0.10393646414455116,-3.6229281778639866,5.86809392555256,-0.45077730423117524
1964-03-01,2.435723951,0.17564276058759676,0.07780784815043984,-0.5065694705232249,-1.7362529214836675,-0.45077730423117524
1964-04-01,1.05680317,-0.5661235873769178,-0.4899163365099565,-0.41963892567339944,-1.158028939150791,-0.45077730423117524
1964-05-01,0.261437908,-0.7526143794591381,-0.8926652144251958,-2.7542483576453076,-1.0234123499631604,-0.45077730423117524
1964-06-01,-0.651890482,-3.493481098387614,-1.6168513688315298,-0.743078457110742,-1.3860640299165747,-0.45077730423117524
1964-07-01,3.578066914,-6.488754649435117,12.686105972053602,0.9470647454647738,0.020690667148384856,-0.45077730423117524
1964-08-01,-1.076716016,-1.3009211515265697,0.6516823695548297,-1.3113113698021956,0.2080753701525404,-0.45077730423117524
1964-09-01,1.836734694,-2.7058673472913215,-0.48666843350152056,0.5795918363977142,-1.680816326479778,-0.45077730423117524
1964-10-01,1.8926742369999998,0.030455973409080572,-2.757821197859845,-4.2932531705357775,-0.7724584972932015,-0.45077730423117524
1964-11-01,0.699300699,-0.630522418845605,-0.6192696194587153,-0.6975524476401573,-0.772338772440461,-0.45077730423117524
1964-12-01,-1.779513889,-3.544704862364223,-1.9402113972981607,-1.7874348957604476,-1.4885574495201248,-0.45077730423117524
1965-01-01,2.3641184269999997,-2.328519233040951,2.380689352063696,0.1410811609965923,1.114197335426887,1.5887096779403622
1965-02-01,0.8633714659999999,-0.6348019387947523,-1.485172648180438,-0.6455380480840047,-2.0930282766227473,1.8620764115787978
1965-03-01,0.106997646,-0.8760699765817834,-0.9547409957225463,-0.898753477433267,-0.9783243478404551,-1.032342470265168
1965-04-01,1.303976058,11.186960243966489,0.5103302684316418,3.987708431326646,-0.2838998146485068,-1.1949899082189261
1965-05-01,1.308292889,0.0033105140033178326,11.227305346512017,-3.006921292954236,-9.77864525999529,-1.1171605571889074
1965-06-01,-5.082274526,-4.884661124990644,-4.897521350043069,-2.4203967248668397,1.0030140777645107,-4.00983591389498
1965-07-01,-0.307219662,-0.939550754208904,-1.234824835159675,-0.7146697388775538,-1.16717869938466,-1.0876384509582375
1965-08-01,2.047105437,-7.6633281987010315,-1.4027931640700197,0.11453518229236437,-0.4081195150328363,-3.296852300695277
1965-09-01,3.4296807589999996,0.675380611575211,-12.163610872666084,0.8120819166621329,1.9495254519141323,-2.271268334489661
1965-10-01,2.294056309,-0.33111666356116376,0.1206341732753653,2.2805005232806153,-4.991657975424672,-0.7242034526389172
1965-11-01,0.7747196740000001,-0.6622926512480823,-0.7741131818269036,-1.4353546655572071,-0.6649337409480907,-0.7477857061353146
1965-12-01,0.38438195399999997,-0.5038438200292821,-0.8324444118952095,-0.8374100258218579,-0.8299109853813638,-0.8944696817211513
1966-01-01,1.8873570640000001,3.910108407430595,1.4361806306728697,1.1860313182970077,-0.08903565692471127,0.6878364595175641
1966-02-01,-0.412596071,-1.2186104997670966,-2.073401252859025,-4.856122881432364,-1.1693936091693011,-0.47765337379536854
1966-03-01,-4.1116536660000005,8.965324332911548,-3.1785245327590013,-4.153166533062221,-4.8906522829601276,-1.8329414524197465
1966-04-01,2.731280603,-1.6642778854613773,-7.619744575803292,1.08766754444998,9.447148326324582,0.49992826482956665
1966-05-01,-5.516553637,-3.0197681742918308,0.3416873319407636,0.08544975458887683,7.462393284336985,36.01607479803387
1966-06-01,-0.55071611,-0.900170260956714,-1.2016329297674875,0.7925809383905902,-1.153914424530519,-0.782953062543456
1966-07-01,-0.294079633,-0.46600502934261356,-0.946691421428846,-1.1436563196427092,-0.7268735408130123,-1.1600283336046966
1966-08-01,-5.9143467670000005,19.111378359207897,9.739374896804819,-2.7244598499378876,-4.220033239596443,-2.710017651971063
1966-09-01,-3.960035641,-0.33043566821350034,12.465861612388506,-2.726215535976192,-3.092296478487967,-4.405630650306423
1966-10-01,-1.176179139,-0.7029877390944421,-0.8011311839943727,-2.518199651400617,-2.6819361694932327,1.0465517007139313
1966-11-01,5.372159803,-5.567467339683874,-2.356593801171801,12.976097855520033,-4.018891752521747,1.323459115122784
1966-12-01,0.9802399629999999,-0.8175333573560861,-1.8334104308578456,-0.4806282384518631,-0.5853676567954774,-0.5662438164397323
1967-01-01,4.231809094,3.317115455126573,-0.21227043699690185,-11.256542394462112,3.9014928807017117,1.0425531897846239
1967-02-01,3.84883716,-0.09049839571992757,2.9264234322999134,-1.9360800963920486,34.971232114770075,0.5801614786518967
1967-03-01,2.554106983,-0.3363951560372068,-0.3964503298078125,-0.06486833312014706,0.9587069619341126,1.4168237336002694
1967-04-01,1.846670939,-0.2769798010453973,-0.5202002936907832,-1.3347508354879791,0.4115118675081324,6.063516355095681
1967-05-01,2.153668616,0.166243844810946,-0.156782143295209,-4.910669357393594,-1.4237607797418694,-4.303727658965881
1967-06-01,-0.892179754,-1.4142604611367937,-1.4831287129493296,2.033803275999056,1.9040450998217686,-1.2493468611526364
1967-07-01,2.234946297,-3.5050403654418725,0.03773917695423212,-1.3778855696237198,0.09175925021003217,-3.075706373629349
1967-08-01,1.5345559,-0.3133813094033373,-2.720007535611484,-1.3875106284681036,-0.5525659652219543,-0.16451956561125425
1967-09-01,1.4577312930000002,-0.050063087959193786,-0.34775556130510454,-2.2393786326115075,-0.36456167737424094,-0.22980338375050202
1967-10-01,-0.182679116,-1.1253174140372932,-1.1190436373155257,-1.0340047807025372,-1.2358002799345458,-1.2612311359923294
1967-11-01,-3.2521531269999997,16.80254469262923,-3.2309688641636365,-4.317711223532314,-9.460733114957836,0.8275514156439381
1967-12-01,3.2109188719999997,-1.9873209368102427,-18.576825103532904,-0.2412420313211795,0.701277905090671,0.3581886741919973
1968-01-01,0.34017061,-0.8940581735133917,-1.1045985833741463,-0.9116173026140706,-1.8244640070748517,-0.6059973911623342
1968-02-01,-4.799323453,-15.108577613451088,-2.4946884814970813,-2.879061247216362,0.16724895695531572,-45.85447701344757
1968-03-01,-2.377152434,-0.5046900969939689,-7.988118209271518,-2.287263682877505,-1.8703435419227779,-2.8230031290957953
1968-04-01,7.588107621,-4.192099720854502,-2.5810786031220223,2.5233403898011764,-2.3755159689023793,4.800006775852773
1968-05-01,3.048673023,-0.5982301286077134,-2.2824894943190674,-4.417106260629178,-6.535834103345914,-1.599863900976529
1968-06-01,3.253894032,0.06731486369701112,-0.5711850444773758,0.4559159816805207,-12.064669793028475,-11.59142507617237
1968-07-01,-0.393583644,-1.1209577325288878,-1.1290999858071693,-1.2564804866346022,-0.933452727831912,-1.1922634940468873
1968-08-01,-2.443679967,5.208794507222968,-1.751001705331503,-2.6763583101594293,-0.3829146531663754,-1.7125094545862367
1968-09-01,3.207109856,-2.3124099306412984,-9.148483568590569,-18.55597424721499,-3.7267188727107667,0.39800834156420883
1968-10-01,2.670747136,-0.16724176722432793,-2.09292017451809,-1.821224287942331,-0.502854115674563,2.4473722891410654
1968-11-01,1.923619718,-0.2797447230886032,-0.40020148845191295,-0.4009130112957895,0.9623967503965152,4.004448564721121
1968-12-01,1.47764766,-0.2318400325318355,-0.4467287299189676,3.3438428146393955,-0.6508236484261405,-0.21708102394343765
1969-01-01,-4.148843506,-3.8077353068051423,-3.156789861934655,-0.1355357590231583,-2.077947269143494,9.055460528125097
1969-02-01,-0.838370376,-0.7979267295120772,-1.5673682561105264,-0.6473215751716492,-1.3282440326815395,-0.796098980093427
1969-03-01,-2.863374735,2.4154054305468446,-0.30983785460718716,-1.3773503062971384,-2.550560348640435,-2.0483634423555417
1969-04-01,1.646028164,-1.574856006054688,-2.9633663248616506,-0.46008373099314825,-0.23570963899861186,-1.2983797987497026
1969-05-01,3.344734152,1.0320029906851582,-2.1681091235164507,0.027917356590793974,-4.748946484163325,-7.073427109295931
1969-06-01,-5.646619013,-2.688211605584132,-4.430451031456348,13.346681065334106,-3.5265121674643978,18.20098632944091
1969-07-01,-5.063298305,-0.1033044210450611,-2.51381188306771,1.0719973046290474,-4.29952027488865,-0.14389559752372916
1969-08-01,-0.586300677,-0.8842057801688222,-0.8961678350088466,-1.1828127826376522,-1.402200789552509,-0.8519456060117818
1969-09-01,0.520253081,-1.8873485933225351,-1.102749838082076,-0.8052031680621075,-3.84790671419715,-1.4423246967654304
1969-10-01,1.7208187380000002,2.3076569862735714,-3.9350447739633094,-0.10542675254486022,-1.5291321382481755,-0.6796784159251861
1969-11-01,1.090609857,-0.36622618471277946,1.0963063878520307,-0.2619283429176884,-0.6603433781804998,0.11259477083776082
1969-12-01,-5.513175985,-6.05513126404835,-4.2038098279936325,0.32884645492820375,-17.207090862435177,-2.3027941153623317
1970-01-01,-0.703773952,-0.872346909673336,-1.6453031278627073,-0.16054530056534333,-0.8533597581217246,-1.1828536575447115
1970-02-01,-3.484846619,3.9516561519457882,-0.36790578996908263,0.21704175719773544,0.4659752438071878,-2.3644090252268026
1970-03-01,1.432514228,-1.411069520302466,-3.0354749190831094,-0.12971463105536507,-0.8112158789056267,-0.22427206832218416
1970-04-01,-3.9379869419999998,-3.74900372019202,0.13003164056902783,-2.177369190805572,-2.291705247591585,-2.828501800483125
1970-05-01,-12.34473771,2.1347838100576415,-9.617532355846171,1.1862175722461834,-4.793835198257003,12.836603727728168
1970-06-01,-0.882673464,-0.9284979977107994,-0.7758566808371098,-0.8256722375751867,1.2426578884970128,-1.394941688390824
1970-07-01,-0.313781827,-0.6445097311773269,-0.9745817339848527,-0.464810737375287,-0.871594549516557,-1.204477286881501
1970-08-01,2.740231315,-9.732919115165965,-4.104467763857009,4.26711213268144,-0.14557609871908306,0.8797917888972695
1970-09-01,6.674613595,1.4357847304580562,-22.271511033046536,2.878742977169975,1.4991559496705569,-37.53736530562147
1970-10-01,2.122969931,-0.6819336579138706,-0.22525886067395728,0.946589715262403,0.10363286003704819,-1.6527890440873452
1970-11-01,-0.477388398,-1.2248681863219475,-1.071523001474964,-0.9134095484528597,-1.323073227077692,-1.1486765679952067
1970-12-01,6.912028309,-15.478835970789554,2.2558295848044208,-10.821375584244413,-2.66601326345617,19.319298921796918
1971-01-01,4.663533189,-0.32530178110993613,-10.7688448410931,-2.33823197944311,-6.562616860641555,-1.971706373756676
1971-02-01,4.150871816,-0.1099298219232635,-0.399471236164464,1.8976129764485665,-2.4496432357464384,-2.7461529839781407
1971-03-01,2.76131282,-0.3347631672565241,-0.40789253381681034,-1.7011990798013166,0.6775611015608358,-0.6360999398113307
1971-04-01,3.492416962,0.2647668662183664,-0.1586304957580026,-1.2829073443310932,0.04415382607065865,0.14555314251553964
1971-05-01,-1.4295601269999998,-1.4093326033387876,-1.5177103139658041,0.6195798166647952,-0.7468290097651751,-1.4393382553153777
1971-06-01,-1.6766317569999998,0.17283052691074396,-1.480077772855577,4.34330420926512,-0.6688656966261837,3.2599121751106095
1971-07-01,-0.42386253799999996,-0.747194017869244,-0.7035014267713973,-1.1546812985019843,-0.27705603178077187,-0.8265474433133904
1971-08-01,-1.990972568,3.6972128685739154,0.18748351251705442,-1.2982903114408677,-4.826930854831401,-1.6207996162885416
1971-09-01,2.258378478,-2.1343091885332295,-6.328091717319921,0.06378260239240285,0.31238603353701966,-0.1544019845389062
1971-10-01,-2.153588679,-1.9535995405460995,0.08167672102250667,3.5111877205696143,-2.97466460180728,-2.1195501162979866
1971-11-01,-4.828924162,1.2422685488123335,-3.1382262579284106,-1.6986262130483991,-0.12411209525356737,-4.267980786434569
1971-12-01,7.011053398,-2.4518872450248264,-4.2555211059409555,0.5033780427546133,-10.962081401387245,-2.6898813820913494
1972-01-01,4.440150812,-0.36669276926822236,-1.9194906904814628,0.06969114172231028,-2.2741309152005464,-6.2961685421002995
1972-02-01,2.202223722,-0.504020512986125,-0.6858926045794752,-0.20247220595600623,0.5373136817458539,-1.7691007729730492
1972-03-01,2.596484264,0.17902837848006792,-0.4152261096666552,-0.25653657846368005,-1.659343035475205,0.5774239595574744
1972-04-01,1.146366068,-0.5584929653168889,-0.4794506768100284,-1.8019012606386162,-1.0928627318724944,-0.6572624262784756
1972-05-01,-1.3633723290000002,-2.1892992710248294,-1.525083994500958,-0.18683853904838066,0.5445942181399941,-0.7585506785810838
1972-06-01,0.08428900800000001,-1.0618239098792799,-0.9264728690486677,-1.1988593009368524,-1.2686229754153353,-1.0166470555204628
1972-07-01,-1.106745093,-14.130360876948508,-0.1882297524611123,-0.4441183616548955,-1.4038874699890072,0.8876749361147336
1972-08-01,3.130041264,-3.8281501167676737,36.13463164734362,0.38596842579368573,-0.5310528138520654,5.016381984674878
1972-09-01,-1.6567446030000001,-1.5293043967359021,0.4969522914342843,-0.23070518564887,-1.7803900464193623,-1.9627653200275645
1972-10-01,-0.09814044300000001,-0.9407630827212057,-1.0313543607647468,-0.9796765408385802,-0.7944222285016654,-1.0899867559146772
1972-11-01,4.9902014260000005,-51.847553500446296,-4.012052320535007,-0.28823799467516187,-0.27804094501430654,-1.9051409640427068
1972-12-01,2.0152062319999997,-0.5961673567923831,-21.533901930725946,-0.5461401386291471,-0.5678799420247892,-3.86342827306004
1973-01-01,0.19673299800000002,-0.9023757495009572,-0.960576140879809,-0.9106662070548707,-0.9526044149950209,-1.0564538470437628
1973-02-01,-4.452059899,-23.629960119857472,-3.209232895524313,-2.714649289705844,-2.6122982759338367,-4.107864349253779
1973-03-01,-2.227037278,-0.499773738780957,-12.320100342292347,-2.9426929496311645,-1.6376779468865723,-0.43447316844861184
1973-04-01,-2.46426101,0.10651987478765501,-0.4464897000704078,0.8074747136810929,0.723789691288725,-0.8003796380376882
1973-05-01,-3.279922426,0.3309963565913012,0.47277392183823164,-39.91281323420012,0.9562568896277923,2.7158955828766143
1973-06-01,-2.8307994510000003,-0.13693097478153582,0.1487417280525818,1.5577700492230693,5.678579013746199,8.021553217611931
1973-07-01,1.793971339,-1.6337331096931882,-1.5469554172315658,-0.4268537735801555,-1.9010527657857714,-0.3453212036590422
1973-08-01,-1.421372066,-1.7923047794020526,-0.4978902283247617,-0.1420692945513704,-1.6293772633091839,-1.2129519628019754
1973-09-01,2.49786402,-2.757361129960465,0.3923656224030678,-26.451933409348886,-2.159861232721497,0.17658944835992596
1973-10-01,4.520815053,0.8098723616668291,-4.180599338583034,-0.09406160852634105,-1.9361950822453193,-10.469888819962483
1973-11-01,-7.898794115,-2.7472057632082034,-4.162219420975526,-4.9195959150844875,-2.1266201619935234,-2.1427606719600893
1973-12-01,-7.692466702999999,-0.026121381187563908,-2.701566335454334,-40.10104955041654,-2.732478699194238,-2.6494932900111925
1974-01-01,1.989724889,-1.258658888731234,-1.2519023613011337,-1.446922308805172,-0.09649284533499347,-0.5206489197449118
1974-02-01,-2.700623471,-2.3572848618068427,-0.6489262059533154,0.21265301559087768,-2.0401077751342,-1.9780215596869608
1974-03-01,4.288980215,-2.5881444640677196,1.1555644394414566,-2.740473187537874,2.7413705226662373,0.22808366288080117
1974-04-01,-5.6403622570000005,-2.315082367895698,1.0885407823666213,0.7196633104151349,3.1370666963272367,2.9455229272773367
1974-05-01,-3.78159305,-0.32954784148716076,-1.8816998121778465,0.3358745878886351,-45.86460500282551,1.2554702511220541
1974-06-01,-0.446695344,-0.881876410789363,-0.9208037846424445,-1.2489980382010997,-0.5963882317389231,0.05386842184198892
1974-07-01,-8.208740193999999,17.376596721366315,1.1707095622042143,4.775222681208932,-3.622566126655383,3.1229800580557265
1974-08-01,-7.882419414,-0.039752845416951565,16.646074712612183,-4.155663939624704,3.757775821165599,-4.490300448213889
1974-09-01,-10.452027000000001,0.32599224312222086,0.2732802784573063,-3.311978454651461,105.50071143453061,3.853306994933363
1974-10-01,2.5924350769999998,-1.2480318006258497,-1.328888243677514,-1.3282064374961873,-0.48049490277228757,-1.536855620430015
1974-11-01,3.73414779,0.4404016606352994,-1.3572654175118377,-1.48542917820414,0.8529854318155963,-0.46739133507880315
1974-12-01,-6.78154459,-2.8160889636347255,-3.6158975590808984,-4.408282535686771,-35.47080387602287,-2.5273230295854194
1975-01-01,8.896498118,-2.3118689997436115,1.3824708121688993,-4.294238613243541,-2.9982880553782056,3.039779441627503
1975-02-01,10.16263959,0.14231908501596324,-2.498572995447929,1.3694769107252691,-5.563300170317131,2.9140000695956463
1975-03-01,4.416282873,-0.565439388665755,-0.5035931200766877,-1.7829785875045792,-2.792132755044483,2.852419394011582
1975-04-01,1.265228966,-0.7135081691131518,-0.8755019348275441,-1.3345756535066617,-1.3857496616293448,-1.9280142621993908
1975-05-01,6.3277481579999995,4.001267223595954,0.43282220364238877,-15.165690874091581,-3.2353219532258555,74.0720444829532
1975-06-01,3.0662129730000003,-0.515433785220502,1.4234451276386602,-1.3735302738952784,0.7091761202323201,-3.7704780372583953
1975-07-01,0.657464998,-0.7855775173514016,-0.8960981092193461,-1.083409035153886,-1.4625565773571352,-0.789950054153663
1975-08-01,-7.745373052000001,-12.780662203404477,-3.526038836898496,-0.258959716426297,-4.100798518247602,3.675055550490301
1975-09-01,-1.6108165730000001,-0.7920285359807095,-3.4500415655587493,-1.6213527147858446,-1.3563110974714763,15.413381922476141
1975-10-01,4.225051332,-3.6229251690223325,-1.5454935874146194,0.13146334039446228,-1.5348982731397602,-0.15333050285573802
1975-11-01,1.6381747469999999,-0.6122710428172379,-2.016984040553449,-1.2415636622688637,-1.2129583149656176,-0.18709325081126482
1975-12-01,-1.7977058369999999,-2.097383438666815,-1.4254873363039178,-1.202068927926007,-1.9034946725240465,-10.137795160321806
1976-01-01,9.690458726000001,-6.390458509147068,4.915399894758603,-0.04646242344996887,-4.588230210563848,-3.176623618243911
1976-02-01,4.7140577089999995,-0.513536165594314,-3.6222631155644405,0.06742657673051622,0.09910922240055142,-3.116739470671761
1976-03-01,0.512622378,-0.8912566604729276,-0.947100298087581,-0.5948382531735367,-1.0908846550350215,-1.2080227605435352
1976-04-01,0.501446011,-0.021802339265025283,-0.8936275196541087,-0.9207544297783035,-1.1326017909304122,-1.1528834971903692
1976-05-01,-0.7506345640000001,-2.496939944747113,-2.464303152212368,-1.2448083582614207,0.6804172554796095,-0.7348330120189783
1976-06-01,0.660422539,-1.8798189833954941,0.3170361803915118,0.0044984006890052,-1.080453580377988,-0.6318656130994075
1976-07-01,2.6691729630000003,3.041613974958538,-4.5558886987250435,-1.3446151586347117,-1.338623565026148,-2.8778847754561125
1976-08-01,-0.887133216,-1.3323625813304028,-2.34328125345825,-0.4492649064643067,-0.9151233329190597,-1.355156729468404
1976-09-01,2.010725516,-3.266542926964421,-0.24668594209793826,-0.524094417321981,-0.22438732069354728,-0.5552294238036373
1976-10-01,-3.2999448680000003,-2.641171229857711,2.719785042971495,-3.0144034536261843,-1.8837210130882367,-0.5822216885317564
1976-11-01,-0.48089112700000003,-0.8542729814478828,-1.2391629902606756,-0.7324973212511185,-0.9290882599652714,-0.9374854457527315
1976-12-01,3.996262017,-9.310118013468774,-2.2110087219190473,-0.5876085818024464,-0.5508050511566467,1.0084495294263767
1977-01-01,-0.093322503,-1.0233524485138883,-0.8059383969461346,-1.0197966399142357,-1.0091828999910446,-0.9654440894844759
1977-02-01,-2.413802531,24.86517135100845,-1.604015082277324,-5.70873421565689,-1.5465688227892644,-1.562791715046417
1977-03-01,-0.46796574,-0.8061292363438988,4.01450052191592,-1.93323255093159,-1.3698664451853848,-0.917032680051848
1977-04-01,-1.3712479419999999,1.9302314780564918,-0.4319137856600417,0.8267849733602193,-1.2167039376032007,-0.6373888136905689
1977-05-01,0.068903504,-1.0502487565447154,-1.1472404881605223,-0.8956675462585931,-0.9775281415196073,-1.1542516727015628
1977-06-01,0.641501046,8.310136767500241,-1.4678227958281231,-0.759662991161506,-0.02428106750711012,-1.0781485381239002
1977-07-01,1.179082586,0.8380057107498466,16.112084546527562,-2.3290930434510977,-1.1522305740580874,-1.1495838427356233
1977-08-01,-2.612862341,-3.216013001993399,-5.073044552759779,-2.2994624677553452,0.6220731676070232,-0.7500138163630844
1977-09-01,-1.583886104,-0.3938118824148187,-2.343320750222665,-0.5200264951820401,-1.3748797303369664,-1.6109646170321434
1977-10-01,-2.451496042,0.5477729338043362,-0.06175843880785603,4.097819245061679,-2.496480181060928,-1.6565075031483958
1977-11-01,0.9779760759999999,-1.398930310000476,-1.6174535362929099,-0.7552772886663303,-1.5440134063490834,-1.144211405384271
1977-12-01,-0.078140116,-1.0798998236435386,-0.9681255385848997,-0.1626873102621348,-1.0080636137265975,-1.0087832442567375
1978-01-01,-3.7375878339999997,46.8318695354893,-4.821757940426346,0.5484231978378018,-1.792860008239666,-1.3677772689762384
1978-02-01,-0.976048737,-0.7388559733309534,11.491007013606175,1.085726910264841,-2.9040306839667465,-1.2210113720222286
1978-03-01,0.185062056,-1.1896032943691008,-1.0495137677612636,-1.1349588577905774,-0.6309432083606703,-0.8537323591436019
1978-04-01,4.556341454,23.620614038784915,-5.66814953114375,65.1264114231404,-7.069986212358854,-0.2799426683504239
1978-05-01,5.283478218,0.15958785603340786,27.54976504746062,7.23611785350074,7.000148247514611,0.7231282577317566
1978-06-01,0.632276179,-0.8803295569865449,-0.8612316075554596,-0.4637558161680797,-0.7631190680541897,-0.03831203041473552
1978-07-01,-0.40737026600000004,-1.644291655340063,-1.0771026678244175,-0.8440904216009748,-0.5408014730450583,-0.9474046939682512
1978-08-01,7.186966107000001,-18.64234335895296,10.36681460681757,-5.537552345998738,2.57431486784793,-5.4616911866103575
1978-09-01,0.073151229,-0.9898216816510722,-1.1795693871285147,-1.029839423660795,-1.0221674094344293,-0.9826863099991325
1978-10-01,-3.711684623,-51.73988056988079,-1.5164466574268207,-4.795271391689955,6.71834707401453,-3.2657440116185605
1978-11-01,-6.499996689,0.7512254809370962,-89.85697175368031,82.18386280614173,-2.6265191474806144,2.615717630336648
1978-12-01,1.8019654109999999,-1.277225589060604,-1.485484515530726,-1.4821198834734863,-20.30901286477496,-0.8140474602956377
1979-01-01,3.876771672,1.1514129229864558,-1.596426714887516,-4.971903784144746,-2.6060848483715504,-0.1776147193534494
1979-02-01,-1.2304252359999999,-1.3173839834021568,-1.682824003440319,-7.648716990369976,1.6293062308364705,-3.4002565802931057
1979-03-01,2.006545357,-2.6307738969359047,-0.48241848456222425,-0.5596147968150063,-2.46329871902918,3.0015182352303125
1979-04-01,2.332774357,0.16258242000955692,-2.8959090635881592,-0.5584775292434072,32.855670924950346,-4.107736399146149
1979-05-01,-2.236830016,-1.9588711438326223,-2.114766734874262,-4.537742034719293,-4.4868688522761975,-4.386968015033175
1979-06-01,2.490770158,-2.113526794697662,0.0677287113200209,-7.114265978361808,1.112464544531913,-0.0668382332179348
1979-07-01,1.343932464,-0.4604349744260907,-1.6008201134582771,-0.8130042017742327,-1.5143525714736459,-2.514916181427255
1979-08-01,4.812348421,2.5807963196876833,0.932072457807245,64.78629623570644,-4.03831721791531,1.3933393109634165
1979-09-01,1.132276568,-0.7647143413267832,-0.15748997934765274,-1.3050573211375993,-1.4618716688101427,-1.3431198439040104
1979-10-01,-4.224167184,-4.730684978725092,-1.877776672521609,-0.35012779450355813,-5.319295009012061,7.784040600524532
1979-11-01,-0.41967306200000004,-0.900649514159949,-1.3706453651525181,-1.232897401602788,4.370776030073977,-1.1050164028821736
1979-12-01,4.610323295,-11.985511609987489,-2.0914159156537777,0.18921713349746128,-2.2335023281756543,-50.40205359686934
1980-01-01,3.464569703,-0.2485191425170975,-9.255401684561779,-3.8157498738102933,-4.549586789742447,-2.4353161281857982
1980-02-01,3.3978534419999997,-0.019256723552777744,-0.2629902016448502,0.6933848169174479,17.360616516656442,-8.260902137835988
1980-03-01,-9.886567233,-3.9096508727523864,-3.853620530260695,-5.238115531119926,-3.169847745787491,6.209904883124339
1980-04-01,-1.77682578,-0.8202787946387295,-1.5229259620315314,-0.2056500640234613,-1.3362984963099929,-26.787161419250896
1980-05-01,4.98269205,-3.804265959040734,-1.5039860583123796,1.000462400754361,6.880562664689602,6.767239166746425
1980-06-01,6.591403037999999,0.3228598058754202,-4.709650722199674,3.9045641909577373,-17.180373454158776,4.590281050932253
1980-07-01,4.787451545,-0.273682474368517,-0.03918373903922079,-0.0051735397818155615,-0.3338703044199567,-2.832263211833707
1980-08-01,3.3744263739999996,-0.29515184805907,-0.48805643433634016,1.9802139065373643,45.129455651387616,-3.130472870162891
1980-09-01,3.167249172,-0.061396272740250835,-0.3384268974360971,-1.749792570709957,-1.853318504587829,-2.2919658517645694
1980-10-01,2.8064789789999995,-0.11390647638000251,-0.16830931602954569,-7.687298359407207,-1.431766216704299,1.8696806065836724
1980-11-01,3.960296857,0.4111264993016719,0.2503900520397704,-0.14099367797155749,1.1977651917315302,-51.68199357420969
1980-12-01,-1.866612933,-1.471331569425327,-1.6651084675735248,-1.5387719379360976,-1.4814864250277158,-0.5005835271562477
1981-01-01,-0.5784738660000001,-0.6900943651610283,-1.1460683092424049,-1.1702468561032187,-0.5298585813465873,-0.4073309619988781
1981-02-01,-3.577439819,5.1842721499885345,0.9165407866591695,-0.6381514701018773,-2.7828850997660255,-20.331028176840313
1981-03-01,3.9988841980000003,-2.1178061407942304,-7.912817385599922,-3.2505775428359667,0.7142181737382671,-0.12234755924857421
1981-04-01,1.503108409,-0.6241180452907928,-1.4201631571876905,-0.6983340744487712,-1.6719815087638739,-0.7155077872983104
1981-05-01,-1.704474285,-2.133966302626147,-1.4262374704054883,-1.2585905117883949,-1.684316166036224,-3.6957749502690027
1981-06-01,0.672532467,-1.3945688549944888,-0.5525722143704672,-0.8595218226903224,-0.4995786730247481,-2.6509120157532555
1981-07-01,-2.367079315,-4.519650620822741,0.3887445154386706,-1.7014760592313936,-1.491876129473627,-1.3293572391686248
1981-08-01,0.354436841,-1.149735937766834,-0.47298181367948744,-0.8880931616832072,-0.6869697289364024,3.845261601824899
1981-09-01,-9.135020807,-26.77333885841737,2.859195063347508,-4.254975674271744,1.1625613781578017,1.4611522084590645
1981-10-01,1.511354065,-1.1654461546318402,3.264099806148537,-0.6183735412842564,-4.6012653702324116,-1.2325161284401387
1981-11-01,3.0116843369999997,0.9927060155821263,-1.3296855475897986,-2.6134487679562217,-0.34675202924136805,0.6713330448050425
1981-12-01,0.43843229899999997,-0.8544228910003459,-0.7099076191653344,-1.7579120246721742,-0.8734525968346494,-0.8869078872592422
1982-01-01,-5.427616275,-13.37959951258062,-2.8021863076150137,0.5171789183352857,-2.5973662100638655,3.411171127020025
1982-02-01,-2.569363779,-0.5266128538167522,-6.860343284152066,-1.6425201760743762,-0.7401156823751911,-2.2804912533058683
1982-03-01,-3.478686169,0.3539095543543116,-0.35907661987397965,-3.314328193609354,0.9578093745353018,-2.4912227402369376
1982-04-01,4.858273615,-2.3965828991111846,-2.890846930554476,-3.8503061957311955,-0.02497012332921522,-3.171945825229842
1982-05-01,0.151339856,-0.9688490463911428,-1.0435048891011358,-0.7749701859375066,-0.9770398115351902,-0.9392397345399703
1982-06-01,-5.916400982000001,-40.09347569354104,-2.2177990477384837,1.4994519383056675,-2.2358142795573714,-5.402305279828407
1982-07-01,-0.44010072100000003,-0.9256134392616461,-3.9080292041509543,-2.2416901125693083,-1.130422380642524,-1.0914523809372363
1982-08-01,0.141708088,-1.3219901291640919,-1.0239517383002152,-1.015512617977992,-0.9552583076656023,-0.8748467538718862
1982-09-01,11.59859149,80.8484791778434,-27.354402382358288,6.674304624310519,3.132791151043217,-3.7457699908119926
1982-10-01,8.397768832999999,-0.2759664964284384,58.26104114113796,1.7883960911272618,1.120489735045132,-21.01026416367891
1982-11-01,4.788083533,-0.4298386121103174,-0.587184052725009,9.920918791614849,-3.5651185890502988,0.038557000588827606
1982-12-01,0.688030735,-0.8563035230571864,-0.9180698172714277,-1.1267648080003592,-2.1893894874759994,-0.8014094695787969
1983-01-01,3.6816076360000003,4.350934847409106,-0.23108951407677947,-2.4328868749885184,-2.0291179788536926,0.08350983903325182
1983-02-01,1.785977876,-0.5148918481871598,1.595782114297554,-1.513405863373242,-0.5533809463916864,-1.1806469155480632
1983-03-01,3.264169243,0.8276649934268279,-0.1133848129056847,-0.32812157122607843,1.1716126551188766,-2.837078952670306
1983-04-01,3.545652857,0.08623438095424762,0.9852725527267392,22.428414369576245,-3.08020319708138,-0.2884061825574792
1983-05-01,4.416922734,0.24572904120602135,0.3531537139111509,-1.7465556758978984,5.567597775171797,-0.3298964259147765
1983-06-01,1.920050738,-0.5652967340315715,-0.4584775172760236,-5.362752993535768,-1.8111476137841205,-0.5989409563830896
1983-07-01,0.329277981,-0.8285055834810966,-0.9254508170438827,1.3236357617075463,-0.07098263241771752,-0.9024195686896324
1983-08-01,-2.874346961,-9.729241330594773,-2.4970161486430467,-1.247818622069601,-0.6853486136783136,-1.907521576265803
1983-09-01,2.91330515,-2.013553753088474,7.847555312239356,-0.6530858126801691,0.9276126074402029,0.03806412654409552
1983-10-01,0.087556285,-0.9699460645239995,-1.030461279096779,-0.9817137097971345,-0.9709278014550434,-0.9778914843605119
1983-11-01,-1.4204284219999999,-17.223032098723696,-1.4875659599201272,-3.0644839681471496,-4.239789644238779,-0.2390342974228178
1983-12-01,-0.511152877,-0.6401417564707108,-6.837991835765988,-1.1388395851860407,-0.9058236892400799,-0.11637688918517197
1984-01-01,1.401090659,-3.7410403463306734,-1.9863859644734707,-0.21550503070173532,-1.5453064569725141,-1.3916461855091797
1984-02-01,-5.867796643999999,-5.188020672543788,10.479533634709444,-2.797638604855882,0.6867852858617554,-2.4673584813820604
1984-03-01,0.06336481299999999,-1.0107987404547825,-0.9547746517379359,-0.9821288728604939,-0.9869573395775075,-0.9578441497495475
1984-04-01,0.005523956,-0.9128229732170124,-1.0009414020858491,-0.9987493654898062,-0.9634996613185624,-1.0032408561681527
1984-05-01,-0.656894524,-119.91740701772426,-11.366865976547585,-1.3421235236128433,-0.8889705876936791,-1.9767476757371178
1984-06-01,-1.982951973,2.0186763636349023,-359.9731657891555,-7.022121391105104,3.505677628735355,-0.1622790328848781
1984-07-01,-1.3471700659999999,-0.32062395643305885,1.0508164047353206,-0.5313126479583687,-10.506656147953953,-4.8008748249734
1984-08-01,8.03102781,-6.961406070909536,-5.050036470550464,1.7566723691817865,-0.30758594119603744,-1.8791471830962847
1984-09-01,1.6969706409999998,-0.7886981988921788,-2.259655839918284,18.38148290553899,-0.7979260116887764,0.12281475287526344
1984-10-01,-0.624542621,-1.3680338397793177,-1.0777662132139971,-0.5603139085877852,-1.1304368682575363,-1.2073732008787215
1984-11-01,0.871705328,-2.3957499435414835,-0.48631678890666197,-2.7053710684680348,0.26695695941548303,0.9882324591236378
1984-12-01,-1.221365172,-2.401121609296852,0.9556154070708331,-1.8717245840977377,-1.3317477832393327,-0.7749720853285635
1985-01-01,4.608301595,-4.7730743438949155,4.286535996714707,-1.7853546867054653,1.580268018392855,-2.79355746845375
1985-02-01,5.668560492999999,0.2300758481498646,-5.641167623699031,88.45912131075018,0.7366012822883521,-2.6295118954721666
1985-03-01,-0.7725323270000001,-1.1362836875347782,-1.1676392725333333,-140.85128176256293,-1.2178815462644148,-1.1590137543128065
1985-04-01,0.710708047,-1.9199719185343553,-0.8746228345136935,-2.0819211015374517,-0.8390942994023404,3.6961062722300992
1985-05-01,2.237978547,2.148942180191749,-3.8969383788647587,-2.128609556596659,0.1655830248169201,-1.3782668811341225
1985-06-01,2.369233312,0.05864880392886085,2.3336238727011347,-2.7586742548657552,6.1952376068535235,-6.383388844754926
1985-07-01,1.9220026609999998,-0.18876598127115995,-0.14118807636631026,-0.7606778725623664,-1.6686745501076619,12.563111944605446
1985-08-01,-2.289708,-2.1913136471979113,-1.966434157582873,-2.3492914636700544,-1.7859485642964659,-1.197412591173172
1985-09-01,-2.263271724,-0.011545697529990795,-2.1775591001640136,2.623886741910605,-26.84933479075774,-1.269508695584262
1985-10-01,0.894256182,-1.3951165794708618,-1.3905546829552065,0.025869813199076885,-1.6295679304564072,-0.8132329614058135
1985-11-01,5.913387583,5.612632601291874,-3.612760774719951,-5.8416212600173925,-12.568726009537846,7.5946561427957135
1985-12-01,4.734104599,-0.19942595803972685,4.293902009614511,0.02729921239019939,2.378871002094091,0.28587972077967505
1986-01-01,0.6937958909999999,-0.8534472831152584,-0.8826736990833228,-0.877606335531436,-1.1182378894656186,-0.6115316430717085
1986-02-01,5.2197952569999995,6.523531523769143,0.10259398537636732,-7.756733763194351,81.37687463861054,0.5991190616705409
1986-03-01,5.964084783,0.14258979315364373,7.596310327528302,7.391750745155134,1078.6763737799504,0.6820836735963629
1986-04-01,2.4670061619999997,-0.5863562890601517,-0.5273749178779332,0.10233682324927118,-4.755559030965525,-0.4414649495654954
1986-05-01,0.068404021,-0.9722724563668925,-0.9885306759563549,-0.9711282039411069,-1.034496055341427,-0.9643738471873653
1986-06-01,2.511580588,35.716855987164855,0.018068226454636793,0.3067518786333254,-2.86433817925999,6.62753883625155
1986-07-01,-1.7732730069999998,-1.7060386656404591,-26.923520007690776,-0.22554622379796907,-1.2208027476622572,-0.3830692567528212
1986-08-01,1.8779256180000001,-2.0590166379270896,-0.25229330606691247,-1.8297393539124163,0.10663412355405644,-0.3553968701150306
1986-09-01,-2.733502764,-2.455596929824725,0.5415013667999742,-4.0567334272003945,3.3768073980654716,-32.219949133291806
1986-10-01,-0.23559585800000002,-0.9138117359518426,-1.1254553725354206,-1.0398410986415467,-1.2702700676850744,-0.8341374656047258
1986-11-01,3.0007279369999997,-13.73676015560511,-2.0977592474093436,-0.3661466758394284,-3.456863848578777,-6.870509728149294
1986-12-01,0.905032823,-0.6983955753400246,-4.841463218763378,0.30446552759996104,-0.8036081614141837,-0.35405120490493547
1987-01-01,6.370865068,6.039374601776183,1.1231065267347495,0.22052010746137207,0.12389469528767716,-2.085733786380345
1987-02-01,5.9950551679999995,-0.05898883369664232,5.62413010406364,0.0051928143423241035,-8.760264468518479,93.61173929448826
1987-03-01,3.868610345,-0.35469979231390447,-0.3927652989495083,0.5681397171151454,4.443318619129129,699.3333018945118
1987-04-01,-1.536315088,-1.3971232434886125,-1.2562637115001776,-23.459426588387256,-1.6864744481395602,1.3387545973819077
1987-05-01,-0.533134722,-0.652978268478738,-1.137810395582758,-1.212270601448047,-1.2250241541429079,-0.7311408802335124
1987-06-01,4.034089234,-8.566735137539961,-3.6258215293918923,-3.274939740285575,1.0988988807648692,-3.994491442329895
1987-07-01,2.774682983,-0.3121909749505556,-6.204468717758735,0.4775254974981653,-2.2118064761969647,-0.654504622740187
1987-08-01,5.680263656,1.0471757281109184,0.4080659416568575,-3.0780164303503152,-3.5097577086152825,2.3472963637442215
1987-09-01,-3.122400545,-1.549692889994964,-2.1253179423128357,12.253206450683864,-4.491617511680786,3.9994995377585285
1987-10-01,-11.93931495,2.8237614866929253,-3.101894502271674,-4.978806209914659,-3.0190313559563613,-14.696503355546772
1987-11-01,-12.67693634,0.06178088048510677,3.059996838105855,-15.007156445418776,-3.67778965903664,9.379317038524494
1987-12-01,-1.696477754,-0.8661760453393583,-0.8579082835904249,-1.2662868756271703,-3.4452115903350027,-1.3681351402522517
1988-01-01,4.198709956,-3.4749572731503084,-1.331208569909092,-0.29963781177334436,-0.19561788360006538,-0.2592987300417964
1988-02-01,3.2646722169999998,-0.22245826665527368,-2.9243825681194284,-0.15611242129375014,-0.45261136690987247,-5.2259360584660675
1988-03-01,3.268586485,0.0011989773367193646,-0.22152601173863984,-3.127549557073672,0.3249202759794325,3.5990565307332174
1988-04-01,-0.947549855,-1.2898959104641834,-1.2902434890908376,0.7773178446253965,-14.852253729353134,-1.423395414701444
1988-05-01,-2.3353741880000003,1.4646451853448919,-1.7144905599767235,-1.5789098982533813,-1.9298424263820597,-1.9857088266366567
1988-06-01,5.334170415,-3.2840752640021895,-6.629435102388359,0.9224431935761794,-4.008093166671657,1.7753189541499812
1988-07-01,-0.397161469,-1.0744560893448696,-0.8299366880730464,-1.0699195482907704,-1.2114894568736854,-0.8265449266893421
1988-08-01,-1.883349301,3.7420242093021363,-1.3530725782033344,-0.3968264885119023,-0.3110124760788425,-0.16786425552498085
1988-09-01,1.488121398,-1.790146255508659,-4.746892672511493,-1.1246404340811866,-7.3164157919958,0.6640884658709578
1988-10-01,3.2270945089999996,1.1685693877778642,-2.713486981563384,-1.2545642277004603,0.07543721948558635,-0.4542731279313812
1988-11-01,-2.358956719,-1.7309847023138425,-2.5851910483717138,0.390502594825066,-3.606487476532108,-1.4982899447338554
1988-12-01,1.7525452209999999,-1.7429323339781038,-0.4569278290076877,-0.5825991222624001,-0.724912519368398,1.5260242150958487
1989-01-01,3.25347564,0.856428924637717,-2.3792010738455605,-0.0034296175100508863,-0.45730680555432046,-0.3767043571992731
1989-02-01,2.9139970710000003,-0.10434335663260097,0.6627228992911678,-0.1084840237904856,-0.24675870373809894,-0.5114091806162708
1989-03-01,-0.28900452,-1.0991780406631713,-1.0888294709961315,-0.6949980853514035,-0.811884604754985,-1.1171478711531488
1989-04-01,2.89526712,-11.018068644739536,-0.0064275805855812385,-2.239744420777164,-6.430648203025877,41.32597846842952
1989-05-01,3.501457643,0.2093729172042682,-13.115580901641263,-0.3435797189467933,-0.13203267456527445,0.3941251416456639
1989-06-01,3.1175702430000003,-0.10963645405434364,0.07678155893263483,-8.849629146678376,0.12357709406833539,-2.758088140231867
1989-07-01,2.402686007,-0.22930814072438543,-0.313804063343913,-2.2757516652509695,-0.5770115345857109,0.279436194900452
1989-08-01,4.23060304,0.7607806545152116,0.35701931640486206,1.84291526597617,-2.354920029966879,-2.5476856638729926
1989-09-01,0.029534618,-0.9930188160598494,-0.9877076663725707,-0.9908479228241902,-1.002473728025744,-1.1253613635261788
1989-10-01,-0.260638099,-9.824833928781473,-1.0616077888981048,-0.8895112839923198,-0.9794399772934412,-1.0868582905455184
1989-11-01,-2.097073127,7.045919361159857,-72.00390216660327,-2.196587170403177,0.2361335844548893,-3.317123836513054
1989-12-01,2.210455059,-2.0540667516741298,-9.480936085249763,-0.3205865653876542,-0.47353947232262694,-0.6530369054427445
1990-01-01,-2.666967496,-2.206524188375277,0.2717570320569942,-1.9152265534312198,-1.8169173867172344,-1.4448612099911204
1990-02-01,-2.633176345,-0.012670252281169914,-2.1912372225252286,8.111194333569593,-1.8056009400650752,-1.680651735423098
1990-03-01,2.036991626,-1.7735872418373861,-1.7637856963218121,-0.2964408665684707,-3.149746121801686,-2.3258944352696482
1990-04-01,-0.34926931899999997,-1.1714633062512159,-0.8673581738408029,-1.0997496913030629,-0.8504439584908181,-0.34487606117689706
1990-05-01,3.089129723,-9.844549334721268,0.5165156712332997,-0.009122655716854777,-0.4208790715959906,-0.2342435816827545
1990-06-01,2.785452877,-0.09830498335469229,-8.975086059591739,0.1593079032736051,-8.013401587050732,0.003881486305277182
1990-07-01,-0.012158883,-1.004365136850958,-1.0039360221454838,-1.0028740306961061,-0.9935440106657092,-1.0021405490548236
1990-08-01,-7.733250562,635.016528985434,-3.7762991884927875,-262.8368235539732,-6.196653023330829,1.4767003626051443
1990-09-01,-4.532033711,-0.4139548855083379,371.73437954785817,16.388224240386286,-2.4043696886969608,-0.6204109088352678
1990-10-01,-2.98598628,-0.3411376723097813,-0.6138769517345428,0.4238827638174205,0.2658079972174343,-0.7644552122125747
1990-11-01,2.4781987219999997,-1.8299431040922263,-1.5468182454126498,0.1211260377856882,0.41405693405499866,-2.4607905798686938
1990-12-01,4.269830527,0.722957279049069,-2.4299565123922804,-2.601005836555572,0.31239050156220016,0.0169386720552982
1991-01-01,-0.903027679,-1.2114902859234722,-1.3643887275800153,-0.6570576517920224,-1.3098931320099463,-1.276605925182228
1991-02-01,11.12778638,-13.32275226859353,1.6061424006489613,4.462853277335958,-39.503848936341896,2.4044644163668196
1991-03-01,2.941952477,-0.7356210501769176,-4.257876303700764,-9.423163206614207,0.01612471494512735,-4.104799669881222
1991-04-01,2.037318125,-0.30749454964768286,-0.8169161362890937,-0.3404879989884452,-0.4181514292846181,-1.8723733162199359
1991-05-01,-0.37532232299999996,-1.1842237196019645,-1.1275759299085375,-1.1347437345284517,-1.12038937176884,-1.0703618920656475
1991-06-01,0.184689076,-1.4920812450582643,-0.9093469626890007,-16.189641680078672,-0.9231322463851183,-1.4650226429694266
1991-07-01,0.471417669,1.5524935161839242,-2.2560341874469323,-1.0609598338008694,-0.8885696283620125,-1.2503081445113193
1991-08-01,2.419666595,4.132744812329043,12.101297853696554,-1.5339030442617994,80.92645643833957,0.6259873678666099
1991-09-01,-0.366902054,-1.1516333096295857,-1.7782950833775388,-0.8771253382986073,0.4077069139458387,-1.1136942388816788
1991-10-01,0.258761943,-1.7052616363930195,-0.8930588439189491,-0.895584667725448,-1.123391950270316,-1.1096933830603273
1991-11-01,0.070852031,-0.7261883637966036,-1.1931088426122576,-0.98340635991242,-0.9679468574981782,-0.9595719242214065
1991-12-01,0.475243752,5.707552984613808,0.8366060576380818,-1.52627816738273,-1.1781963044966934,-0.8539273673492143
1992-01-01,7.0355812879999995,13.80415314960311,98.29964164330025,-0.3677465537400081,-3.6718990170785544,1.414409183186169
1992-02-01,-0.532563315,-1.0756957091673929,-2.120610871281902,-1.1810237653951063,-1.261446001153075,0.8427508158003896
1992-03-01,-1.274229983,1.3926356681176961,-1.1811122536773682,-1.625444778291559,2.648273448833907,-1.4401079175727316
1992-04-01,-0.294344245,-0.7690022610306133,-0.4473065704873044,-0.21575609293028908,-1.095283873256753,-1.0840633459006546
1992-05-01,1.8074042080000001,-7.140443506887658,-2.4184285663603005,8.786199850823879,-0.35112734344778507,-0.42025229036675793
1992-06-01,-1.719422957,-1.951321762663507,4.841537540508053,-4.647345167709444,140.41290421167798,-1.7156253259854275
1992-07-01,1.5546127980000002,-1.9041479827118537,-0.13986434737790532,-0.3575095010145395,-1.2010296686414283,-0.6325316312352482
1992-08-01,0.8337209720000001,-0.46371149583190296,-1.4848841691951424,-3.2723257144807376,-1.1839617763602288,27.228601839373717
1992-09-01,0.025446871,-0.9694779526308953,-0.9836313768722751,-0.9016591439027801,-1.0085220991035497,-1.0976329673122731
1992-10-01,-1.3727447590000001,-54.94552277173882,-2.6465278013901274,-20.374811697352758,-1.5539284427893432,-0.345399670938609
1992-11-01,2.5853556269999998,-2.883347658076908,100.59817397588881,4.440062317747209,-0.39450626654812904,0.1696033432001114
1992-12-01,2.849880583,0.1023166612892441,-3.0760455024982543,-0.5949331737718955,-4.155917198635503,-2.0685846705197344
1993-01-01,0.082278941,-0.9711289864246218,-0.9681750007075526,-1.154496073391762,-0.9926059920463715,-1.0312470302857746
1993-02-01,1.560647815,17.967767402353903,-0.4523813298320226,-2.2247771876515325,-0.46951970597722203,-0.2338467202908373
1993-03-01,1.933676299,0.23902156554135812,22.501472861688875,-7.569438104692687,-0.05087169486601417,-6.536347436804205
1993-04-01,-1.368853685,-1.707902189062307,-1.877106078542134,-1.7573589122682844,2.64714167294547,-1.443119521594788
1993-05-01,0.52920972,-1.3866079521859196,-0.7263193843386917,-1.307783328031952,1.8654088886123397,-0.8100094514720452
1993-06-01,0.466678763,-0.11815912413702456,-1.3409266951712229,-0.6998102912825757,-0.010052457325268382,-39.381713435354214
1993-07-01,0.27785229,-0.40461766844959257,-0.4749675232722482,-0.6667322769469688,-0.8851691838147644,-1.0359295599919294
1993-08-01,1.6457976000000003,4.923282475015773,2.5266177304065587,63.67583381862549,-5.485659270798196,-1.3631476959241002
1993-09-01,1.163025878,-0.29333602260691116,3.185770353017425,-1.8472266023053159,3.4945785478199163,-1.3894947159636648
1993-10-01,1.047032611,-0.09973403790418511,-0.3638144745137557,-0.5950140862381251,13.777736025661705,-0.5775025619595974
1993-11-01,-0.621433773,-1.5935190236400385,-1.5343249748394678,-1.2180560745972844,-2.3076106111543364,-1.1455406178466343
1993-12-01,0.702615245,-2.1306357580279114,-0.3289461688027594,7.539429852409016,-0.9001340164744608,-1.778066122821469
1994-01-01,1.6990235880000002,1.4181422195016564,-3.7340380613655513,0.08866559877892777,-4.19027529712594,-0.847317019757527
1994-02-01,-0.053611762,-1.0315544542045523,-1.0763031579253592,-1.027725303365266,-0.9579261493488181,-1.018223191033551
1994-03-01,-1.7721654059999998,32.055533709188666,-2.0430493246336257,0.29463464606883827,5.020723816088199,-1.8698520786978223
1994-04-01,-3.634582131,1.0509271418426507,66.7944912722697,-7.867942884722526,-3.0109403944687507,8.683895436723066
1994-05-01,0.642287431,-1.1767156189763373,-1.3624308593460943,0.376294534748306,-1.3735482467447362,2.477668765855973
1994-06-01,0.6601125179999999,0.027752507895487666,-1.181619920587234,1.3757677793477963,-0.5753846109788684,0.40027105772312477
1994-07-01,-0.7631547870000001,-2.1560980381226464,-2.188182658053603,-1.4636990520584061,-1.9153599497074905,-1.315396670176372
1994-08-01,2.7242266610000003,-4.569690850933495,3.1269125894685743,1.3423611740133614,106.0554670945595,-8.424942518855456
1994-09-01,0.5938892920000001,-0.7819971074719616,-1.7782029309343768,-0.43278816174332113,-1.4326290725980473,1.2951183822267098
1994-10-01,-0.926630235,-2.5602743600233153,-1.3401443236224169,0.4911166326327101,-1.3584149992066061,-14.078386348586113
1994-11-01,-1.072881129,0.15783091083791367,-2.806533883422838,-2.5269824226486857,-1.3764652931073358,-3.2575386304079172
1994-12-01,-1.5158012319999998,0.4128324108122139,0.6358210370720312,-1.8921602046645627,-19.422711979241445,-1.2154479025898506
1995-01-01,1.97500733,-2.3029461174102015,-2.840844504219069,-37.839067703090976,0.26550481858714536,-4.708493008009761
1995-02-01,3.273285301,0.6573534949867756,-3.159442301469247,-2.8470540559688593,0.6927783118057445,-3.5688339975280585
1995-03-01,1.88873839,-0.4229838781779932,-0.04368031383458204,-1.5196576447923995,-2.379795671880008,-7.416766837075412
1995-04-01,2.8354212619999997,0.5012249854253237,-0.13376898092758105,3.414567567647139,4.357840483353177,0.5687809342535288
1995-05-01,2.708231697,-0.04485737858588423,0.4338839679115114,3.1026819264166727,4.803203213256139,-2.5750817365642513
1995-06-01,2.738040933,0.01100690019728412,-0.034344219077806826,-4.587792384508754,8.854304000877589,0.7612365834904182
1995-07-01,2.989285512,0.09176070962705363,0.10377761079723458,0.09729691541257535,0.8163141761781638,2.585474772008014
1995-08-01,0.627208165,-0.7901812448218228,-0.7709281269536082,0.05610283507182667,-0.46071005223152917,23.64775197705054
1995-09-01,3.4529220130000002,4.505224908862595,0.15509943735344356,-4.726321333557609,2.2978170657952894,-3.515341610566659
1995-10-01,0.441005918,-0.8722803711350431,-0.29687471782195307,-1.4110482569593223,-1.70965875554369,-0.8294215645250571
1995-11-01,1.860673597,3.21915788667489,-0.46113072059122706,-2.227518198111611,1.648211251095185,-0.34710471445743385
1995-12-01,3.2492545039999996,0.7462786107347552,6.367825172813213,0.6451860479930471,0.9124245990162199,38.49071857888885
1996-01-01,0.40465429299999994,-0.8754624199175997,-0.7825226876694376,-0.8763767115330959,-8.547864086242864,-0.740713895146164
1996-02-01,5.234965662,11.936884033008393,0.611128231277509,1.7716732448054913,-3.953993822628541,1.707260602360002
1996-03-01,0.079782701,-0.9847596515142146,-0.8028373790167599,-0.9718621348900641,-1.0219509968751344,-1.0582843161941007
1996-04-01,0.22203726199999999,1.783025132227599,-0.9575857271401526,-0.918013934241314,-0.6543023399129851,-0.5804361605451993
1996-05-01,2.111935344,8.511625773875739,25.471093577039966,-0.22866918512938106,2.199356604232735,3.525458434027777
1996-06-01,0.9790419990000001,-0.5364242557039189,3.4093589975902336,-0.6724829411343294,-2.2828878435640343,2.5236060102293925
1996-07-01,-3.571757373,-4.6482167022949135,-2.691224773119759,-6.694692085202686,-2.3111087356031126,-3.170228813676724
1996-08-01,2.625176723,-1.7349818167506306,1.68137293975271,-0.23972313503855558,3.4203132778490977,1.257195452533172
1996-09-01,1.79781694,-0.3151634614733707,-1.5033424032635152,3.076627697318112,-2.9401665001790063,0.7170591642632229
1996-10-01,3.48353764,0.9376486907504611,0.3269726222542009,0.8721916867184956,-4.246899908890093,-6.605645832834386
1996-11-01,4.073403478,0.16932954340059903,1.265749858826005,0.2536424810630964,-3.6872939485775538,4.797488037709742
1996-12-01,0.7352522459999999,-0.8194992835914695,-0.788935179698532,0.8169886214453186,-0.6277217634427716,-0.5672501246050976
1997-01-01,3.057284927,3.158144288076068,-0.24945197707223055,-0.4159875872362503,-0.06598886260663295,-58.02638400506217
1997-02-01,3.71219064,0.21421154018596322,4.048866780340308,45.52876617952556,0.9654339953348436,-3.0947201809896976
1997-03-01,-0.441950836,-1.1190539169076725,-1.1445566398136369,-2.9904354432185354,-1.1558677865342184,-0.8784039484950629
1997-04-01,-3.7709324580000003,7.532470471444023,-2.015824030524467,-2.785534045212702,-2.3923965450139253,-6.871098010012282
1997-05-01,8.07026787,-3.140125276675003,-19.260555728420435,7.243025200392859,1.9474606360824627,11.225594349356061
1997-06-01,5.4697164560000004,-0.32223854968521626,-2.450494411374578,-2.5313796220726665,0.829773848648018,-8.167243852982606
1997-07-01,5.221715398,-0.04534075212033273,-0.3529687636006561,0.9890910018555727,7.325330710578362,0.9167698021438602
1997-08-01,0.12433356599999999,-0.9761891339295088,-0.9772687365057813,-0.9308419209800081,-0.9639917827475126,-0.7906452133843155
1997-09-01,1.704946483,12.712680636860364,-0.673489197888299,-0.5105703858563733,2.8660399178588802,-2.8399426422773697
1997-10-01,1.940719521,0.13828764735485244,14.608974981060223,-0.5235631502055688,0.04301986341347552,-2.808885876116477
1997-11-01,-1.434868593,-1.7393487711509448,-1.84159157328811,-2.9515324173521806,-1.441599324163005,-0.05339264627276663
1997-12-01,2.554980909,-2.7806375590520713,0.3165121911503668,-0.16429741747783122,5.313984438563711,0.2936564184802293
1998-01-01,-0.104109042,-1.040747483330804,-0.9274435007443221,-1.0280451765806942,-1.0198872444867624,-1.0318056730246503
1998-02-01,5.5586840639999995,-54.392903797923715,1.1756264574891189,-13.577607306528547,68.67279866847325,1.943067231243179
1998-03-01,5.363514704,-0.03511071285090395,-52.51824088439888,-2.422331151177569,23.155921648862705,0.8916112310651074
1998-04-01,3.0952685989999997,-0.4229029340235403,-0.4431652233941389,-0.6164602403711787,0.4656076511971097,0.14291129611573994
1998-05-01,-0.620935216,-1.2006078620125593,-1.1157702085792585,-1.1135223774385719,-1.6342273535090706,-1.2267808375383407
1998-06-01,-0.8192038909999999,0.31930653937978604,-1.2646632642041673,-1.1568840560161069,-0.7706440260493025,-1.2740467204325046
1998-07-01,2.9193403069999997,-4.563630909316567,-5.70152156259728,22.47990491159885,0.11205477384541007,3.654499845358359
1998-08-01,-8.053915175,-3.758813405784967,8.831392725892218,-5.723852188502975,-5.479830507660029,-3.3324926380258795
1998-09-01,-6.046600914,-0.2492345917959088,-3.0712216727530697,-4.115649040766257,-2.735764483945694,-14.710929189843661
1998-10-01,0.972792585,-1.1608825518396038,-1.120785054704776,-1.6779663237078046,-0.7611843289637413,-0.47718257164047884
1998-11-01,10.31700096,9.60555057581982,-2.7062480403018707,3.0379953226491994,13.031920359478915,2.1751901697140807
1998-12-01,2.074795024,-0.798895528647891,1.132823641948299,-20.92905692091567,-0.3213602678387194,4.127327350509538
1999-01-01,3.37988995,0.6290235473400672,-0.6723960806920386,-0.391962214242511,-0.08951606267721213,-0.3543625367909815
1999-02-01,-1.130292204,-1.3344168658509132,-1.5447729490988023,-1.2107372248195853,1.5575066544279599,-15.16713385023152
1999-03-01,2.5460695380000002,-3.2525763948381616,-0.2467004619484725,-0.17743179418336463,-1.6751830127846856,10.466857026907494
1999-04-01,3.9856460769999997,0.5654113202779301,-4.5262085882705065,-7.418779245079892,-0.5061321208660203,0.8872008029617027
1999-05-01,1.252581575,-0.685726843076137,-0.5080332424919025,-2.5290229804340614,-0.7709969821879923,0.2793951396154557
1999-06-01,-0.9577169170000001,-1.7645944472718273,-1.2402915107105734,-1.3280593614603904,-1.1834104013724724,-0.7318639490353759
1999-07-01,3.066252959,-4.201627646512586,1.4479467207554926,-1.380715824834845,23.661505799648666,0.16801773082002147
1999-08-01,-4.285629844,-2.39767654570733,3.4748398696188003,-0.2912332226065615,-3.513644789869923,-3.3837965638481524
1999-09-01,-2.1181149880000003,-0.5057634314906081,-1.690782859836451,-3.1773551943757883,-2.0914070606702575,-1.6080356255315214
1999-10-01,-1.452213186,-0.3143841603371914,-0.661143580089368,-1.1407592372657878,0.012087931316230316,-1.356511009489544
1999-11-01,5.872462982999999,-5.043802273394314,-3.7724948911036167,1.830382237797385,1.298437128165641,6.987004480364416
1999-12-01,0.62293262,-0.8939231082761514,-1.4289539759075014,-0.8156944074466093,-6.983463184686687,-0.7962464621800034
2000-01-01,-0.526489615,-1.8451790741027496,-1.08965396913086,-0.5342004367217594,-1.094714793814193,-1.141827202872318
2000-02-01,-4.680037066000001,7.889134624241354,-8.512910571291002,-2.8381418873878377,-1.8725690753695006,9.589497031746763
2000-03-01,2.838298271,-1.6064691862421245,-6.390986241960348,-0.28786996733628933,-0.08302036472150431,-1.7526780982190693
2000-04-01,3.884008632,0.3684286361600646,-1.8299098014024147,2.100802941317415,-7.255094785926911,-0.5187261817617957
2000-05-01,-1.061977716,-1.2734231091173331,-1.3741600123040767,0.10886390033350524,0.2963533592395986,-1.1941558990384344
2000-06-01,1.568144414,-2.476626477537124,-0.5962561975068237,-0.4885795676455146,-0.4628428860315118,-0.6996878813807768
2000-07-01,0.539976299,-0.6556590743944072,-1.5084629280488593,-1.1259969522930176,-1.0670451932094007,3.342964787159728
2000-08-01,1.9932203000000002,2.691310718065424,0.27106934935649374,-1.9410349821857735,-1.3296431050021833,0.16908085964830843
2000-09-01,0.212534571,-0.8933712590625331,-0.6064001857237071,-1.146352183721323,-0.7815211852175045,-0.8904867144890227
2000-10-01,-3.1496643069999997,-15.819538732830432,-2.5801887563557324,-1.536344684694967,-1.3052887480782012,1.195089029312944
2000-11-01,-0.12463046,-0.960430557719115,-1.5864008825180727,-1.2000705309026842,-1.0600688061029397,-1.048779409490296
2000-12-01,-0.08773099,-0.296071040739158,-0.9721459236766847,-0.8333661529107275,-1.0259567593317647,-0.1573163260881798
2001-01-01,0.837621121,-10.547608216891204,-7.720837915546488,-1.1789774544918101,-1.74106599871762,-0.849313054788501
2001-02-01,-0.387129225,-1.4621770097413769,3.4126850158649757,-1.136394835227661,-1.1520497453907326,-1.0721782723390851
2001-03-01,-6.882013248,16.777043952184183,-9.216141015861513,-2.7718841279856354,-2.726699540060541,-3.223397753016781
2001-04-01,0.558094486,-1.0810946544112203,-2.4416232357554506,-1.525523725772792,-0.5544445989475775,-1.898796640324552
2001-05-01,6.220923437000001,10.146720838592913,-1.9039394742240403,2.9670602920631266,-7.4955764345133735,-8.593864610928712
2001-06-01,-2.125187076,-1.341619230251266,-4.807934192705856,-4.93570436320206,-1.6930892866363803,-1.7279682573848012
2001-07-01,-2.682683313,0.26232807610015785,-1.4312355456818975,-2.3459040694096887,-0.3740282267364199,-0.6669094155191422
2001-08-01,-1.5345961940000001,-0.42796222477565316,-0.2779006557444357,-8.220454473733593,-0.2754896676081686,-0.7462051463580353
2001-09-01,-8.803518152999999,4.736700108745349,2.281609167335958,1.7950655355348637,5.062138973719523,-10.049738134054547
2001-10-01,0.859455815,-1.0976264034517973,-1.5600533992983432,-7.89603340146542,-0.85364644826404,-0.9166951890057786
2001-11-01,3.4998647810000003,3.0721869814796703,-1.3975529691850914,-40.89314130616787,4.618368132656145,0.6868484551561176
2001-12-01,1.299394919,-0.6287299652106189,0.5118810022828224,0.5512919701078074,-3.468035231806044,-0.6155511160947711
2002-01-01,-0.193212107,-1.1486939068137145,-1.0552055919556969,-0.5009105628747094,-0.9587156887274106,-0.8290600374697444
2002-02-01,-2.099540009,9.866503355299573,-2.6157828373038297,-0.6949235734746437,-1.7397178902766557,-1.8246200575689069
2002-03-01,5.4587896989999996,-3.5999931773626894,-29.252834585567662,8.781121003585762,0.40545251471006494,0.3696122519510907
2002-04-01,-2.188944445,-1.4009944631867746,0.04258286844582826,-1.351868089547748,1.0611962115785114,-2.7475464182841747
2002-05-01,-2.0021310569999997,-0.08534405175367543,-1.3667719709676254,-0.05790361723430704,-2.276751706746825,1.0905248946333477
2002-06-01,-5.4629308739999995,1.7285580806012142,1.4956918785574747,1.0363681570341208,-11.116982697420205,-2.7816308527205242
2002-07-01,-10.48423525,0.9191594204309166,4.23653794457872,5.831917927980993,-6.259948059930956,1.4463697593197926
2002-08-01,0.9354827440000001,-1.089227561352174,-1.1712419149311022,-1.1062623746259004,3.401555660325962,-1.4416581485424058
2002-09-01,-3.992408597,-5.2677522622480355,-0.6191988731843842,-5.645274983682552,0.26756638417847745,1.7491890553595342
2002-10-01,-2.609458461,-0.34639493989647874,-3.789424473873566,-1.745588365346621,19.937565832622298,-1.444355029321434
2002-11-01,5.1204063589999995,-2.9622486563889394,-2.2825356509971466,2.9406082663002926,-59.36485327476642,7.219839826336273
2002-12-01,-0.730873742,-1.142737449092368,-0.7199136323021162,2.7827533343963795,-1.8725588737870424,0.3882016305297873
2003-01-01,-0.368127418,-0.4963187253209598,-1.0718941803032784,-0.8246628230841206,-0.04908388665309382,-0.9213409182857955
2003-02-01,-6.280695855,16.061200953524196,7.593407443826324,-2.150565638414421,-0.08737521584614061,-3.2128385586435075
2003-03-01,-0.29399846399999996,-0.9531901447248157,-0.2013676525446959,-0.8656893898465294,-1.5267897665629326,-1.0756945959331226
2003-04-01,5.388648636,-19.328832615941835,-1.857970002115315,-3.6914564943987087,-0.13378637583769393,-6.074163567477343
2003-05-01,5.865717567999999,0.088532202454775,-20.951524535856077,-2.0737308787700393,-3.7600946920119513,2.740546798899606
2003-06-01,5.93097822,0.011125774680326606,0.10064296647156645,-1.565704419881269,-3.2108380035985262,9.983775086024655
2003-07-01,-0.284593107,-1.0479841767147815,-1.0485180378531311,-1.3042205843189771,-0.8145485384932474,-1.14278055817513
2003-08-01,0.23978360199999998,-1.842548874523514,-0.9595709859140235,-1.0600598851981682,-1.0272372474086724,0.12820987603000344
2003-09-01,2.930367488,11.220883594867342,-11.296691718538355,-2.122979166672391,2.4095615351674593,-1.9303745422924528
2003-10-01,2.610886061,-0.10902435558280399,9.88850963628447,-0.4901017852985601,-0.25400373318022773,-21.949020496273544
2003-11-01,1.679393457,-0.3567725983581327,-0.4269000513153386,-3.297788743106877,0.2924426842398635,-20.142533978016207
2003-12-01,4.253192689,1.5325766700304584,0.6290227109225046,-12.553588461590763,-23.01307544873469,4.077704683380351
2004-01-01,5.049221467,0.1871602902118128,2.006574454577025,-1.8039270780769243,-3.4049179560073815,-14.04272873483008
2004-02-01,1.509800755,-0.7009834555945811,-0.6450194323655294,-6.135403547550508,-0.7234184062308571,-1.2193835874173546
2004-03-01,-1.322701294,-1.8760767204676618,-1.2619614335882725,-1.2454606680352873,-0.3957355578295638,-3.370031109750115
2004-04-01,0.43378075200000005,-1.3279506521749878,-0.712690068167306,-0.9260481352926947,-1.2166595191075946,-0.9302706814522077
2004-05-01,-3.429210073,-8.905399345612274,1.5925808710972653,-1.5781862528910113,-0.372276502834621,0.6136038618559716
2004-06-01,2.6916195039999997,-1.7849094825635081,5.205022909822424,-10.457781786682554,-1.2567301705672809,-2.0033310644445788
2004-07-01,-1.535015049,-1.5702942212741524,-0.5523706578707464,-7.401668154939136,-2.640880132578907,0.00027294150841616904
2004-08-01,-1.4751975430000002,-0.0389686772380301,-1.5480706098346062,-1.5034172502394347,-0.6304993571778945,-0.8324309080345006
2004-09-01,3.1038135760000003,-3.1039986073241446,-3.022008564686065,0.18879702272844612,-2.189447397760282,2.611370732304604
2004-10-01,0.903357399,-0.70895243000896,-1.6123636819262246,-0.46209305792239963,-0.8235770101698681,-0.7418879140976733
2004-11-01,4.965063745,4.49623410457061,0.5996655802371553,0.1673733376437676,-7.793326206265596,2.8210583036764976
2004-12-01,2.8875662539999998,-0.41842312560279127,2.1964826514915163,-0.42811653779257774,-8.843931510692311,-15.945058561987524
2005-01-01,-1.1258607520000001,-1.3898995392540006,-1.2267565553682533,-1.7457015425853326,-0.8207426727878069,-0.46375837222733296
2005-02-01,2.648041954,-3.3520155128384825,-0.08295023522601386,-3.00199543616686,-10.006992478709005,-0.5149031012341257
2005-03-01,0.34455293,-0.8698838855330311,-1.3060351196965785,-0.20569797435364323,-0.9360594922262807,-1.1574059729048993
2005-04-01,-2.62975074,-8.632356340722456,-1.993092551282139,-0.23313221295323083,-1.4483254963291134,0.31347582407538677
2005-05-01,0.28510999600000003,-1.10841711789004,-0.17252192282909895,-0.8940749256808773,-0.9519286725689577,-1.0521899329455071
2005-06-01,1.983756331,5.957863136443661,-1.7543514679265761,-2.292336731351485,-7.9705002763823085,-1.189213260070638
2005-07-01,1.981361964,-0.0012069864441430767,5.949465089957771,-2.343116366619382,7.263125365845493,1.1180101682345942
2005-08-01,1.3618895780000002,-0.3126497819456474,-0.3134794043412178,-0.561220561527694,-0.5352495604810641,-1.3411197889472937
2005-09-01,1.324748461,-0.027271753598807735,-0.3313950277285125,0.4664721432142718,-0.49260579357009326,-1.5076717950483598
2005-10-01,-2.7542646719999997,-3.0790850135586605,-3.022384719357915,-1.5547289649148301,-2.640035371413264,-1.5378996272744845
2005-11-01,2.979426927,-2.081750405939201,1.2490510573991904,0.031812490145550765,-0.2994846119467689,-5.076527525598259
2005-12-01,2.591891646,-0.1300704096778138,-1.9410466874695478,-3.302142286597801,-0.48667499278062465,-8.040746000614385
2006-01-01,2.656966691,0.025107162600885857,-0.10822894600227262,0.003370315559585002,0.7598127979476337,-1.4230369934065212
2006-02-01,0.6321373370000001,-0.7620830779921884,-0.756109659145836,0.8346595891667503,-1.4779139023054437,-3.1501382299738823
2006-03-01,1.5795497330000001,1.4987445615793455,-0.4055063850252837,-1.6006461787325137,2.6413550525635126,-0.7068746100000869
2006-04-01,2.089220659,0.3226684892231879,2.3050106942188098,6.32777064400085,-1.609242541146589,-0.643825220907738
2006-05-01,0.041221696,-0.980269343105323,-0.9739028818537365,-0.979220383392944,-0.9846851696761966,-0.993049764394515
2006-06-01,-4.34769589,-106.47105800789952,-3.0810132578724416,-3.194296634837389,1.8323474045628068,14.276884025163685
2006-07-01,1.5644429530000001,-1.3598326544867885,36.95193077451253,0.14872966081248618,-2.0604972604675766,5.524395079359931
2006-08-01,2.273097163,0.4529754240262156,-1.5228280037314201,0.7158707708813863,-0.2676437848662855,-0.22429621120612153
2006-09-01,1.0958567209999999,-0.5179015051192513,-0.2995227349782439,-1.3978763305286297,0.21309320343542115,-0.5802740160249376
2006-10-01,3.16285426,1.886193239855122,0.3914294168691459,0.061564635580673155,-0.3629781162054345,0.8833312984617636
2006-11-01,2.421682555,-0.23433634434992912,1.2098532669399944,-0.06566983278899008,-0.1613413019890486,-0.43062007012680636
2006-12-01,2.570168083,0.061315025659917755,-0.18738965765687854,-0.03266830867470594,-3.282847215727438,-0.4909773516971384
2007-01-01,0.492394567,-0.8084193130181362,-0.7966725382798985,-0.22106393946478764,-0.8140533361806397,-0.6738678495362125
2007-02-01,2.37994348,3.8334072703121436,-0.07401251469046422,0.5067227262796163,5.907337807285517,-2.7993053237309375
2007-03-01,-2.4574481169999998,-2.032565746897485,-5.990810788129593,-2.1762511089547862,-0.06552051507360734,-6.665184786714556
2007-04-01,4.706394447,-2.915155162154742,0.9775236204348852,113.17275133463698,15.507293721823768,-2.372442733694256
2007-05-01,2.8846617,-0.3870760871225377,-2.1738443957553555,-1.6634920594687683,0.45414114370884406,0.07171971956404732
2007-06-01,0.7295451540000001,-0.7470950739214931,-0.8449885231219763,-0.5336709768796536,-0.631796124456137,-1.4752690564664295
2007-07-01,0.915329727,0.2546580865918546,-0.682690789356686,-0.597320456908247,-0.3278972526214604,-1.6204794275474197
2007-08-01,-5.47810929,-6.984848004395688,-8.508937945738174,-5.998928404619422,-5.135207136504082,-2.764960799308006
2007-09-01,3.475579528,-1.6344487384259543,2.797079266059934,0.09887438443022023,-2.261890174656388,2.847402514051916
2007-10-01,4.000286634,0.15096967333730937,-1.7302312572153886,0.6518625142427061,0.3426362626144044,-0.1943131368598371
2007-11-01,-4.266427281,-2.0665303942817417,-2.227544139510768,-2.659979870273722,-2.6460669903328204,-2.4775166717265567
2007-12-01,0.870049805,-1.2039293647109979,-0.7825031342491544,0.7669768582154155,-0.6725401910580444,-1.7727863356586746
2008-01-01,-6.487844656,-8.456865823905334,0.5206739102041664,-3.7260498875376653,-11.263346706888157,-3.4500535749442283
2008-02-01,-1.480922737,-0.7717388723803007,-2.70211260147343,-0.3973737525706631,-1.9375600565531543,-5.29809938635553
2008-03-01,-2.92913926,0.9779149761274817,-0.5485188972132504,-1.6223743659792738,-2.402024839923814,0.11384672906299853
2008-04-01,4.5670953480000005,-2.559193654725723,-4.08395248036495,0.5832343002300757,109.79348477073822,15.018713521359665
2008-05-01,2.722773896,-0.4038281033058915,-1.9295474384512534,2.7321526722114307,-1.6262567495262417,0.37253444561281657
2008-06-01,-4.530188701,-2.6638137700876503,-1.99191901105893,-5.949242406720174,-3.895719970046105,-3.2864013659848372
2008-07-01,-6.3047892789999995,0.3917277392017404,-3.31557577669681,0.15090607821736235,-3.773655865497202,-5.629442343085468
2008-08-01,-0.801093273,-0.8729389298277925,-0.82316558406868,-1.230491998973473,-1.731020084695908,-1.6047134958702172
2008-09-01,-5.421778957999999,5.767974642573236,-0.1400538990162815,-2.3553476173227637,-2.7142044850337173,0.9685032499302231
2008-10-01,-22.48666678,3.1474702222635322,27.06997329510717,4.270608239390732,-10.285555092087618,-8.54731273192927
2008-11-01,-9.81617809,-0.563466734041229,0.8105087215914495,-12.282317441586002,-4.81927476063829,-4.787264064510202
2008-12-01,-0.083022526,-0.9915422759001716,-0.9963079220761237,-0.9872033733231852,-1.168609752349278,-1.0312471083213892
2009-01-01,-0.6922482320000001,7.338077210515133,-0.9294788434303967,-0.5325561457700814,-1.290867509172949,-2.095091511735843
2009-02-01,-7.776455169,10.233622289699108,92.66681000527495,1.6548601752038241,2.16444327560955,-5.923210081033896
2009-03-01,-6.314647206,-0.1879787038221914,8.121940532453392,-2.3826396702589707,-2.3417165256994448,-4.022489356879369
2009-04-01,12.66741495,-3.0060368436678107,-2.6289446379755756,3.6523932701902178,3.3913000092870504,306.2997032921692
2009-05-01,9.014404171,-0.28837855185283867,-2.427538843727448,-2.98985180661683,11.356197723437965,-3.0733750471678003
2009-06-01,2.819548226,-0.6872174607978314,-0.7774172364978065,-1.44720736906963,2.0803634393488895,0.8022697603598716
2009-07-01,0.500865405,-0.8223596956486319,-0.944437214540333,-1.6252273260569496,-1.0914303418360607,-0.7796550833141839
2009-08-01,9.335031136,17.637803774848454,2.3108251350051563,-2.721765348295116,1.6858919673093435,7.518477787389507
2009-09-01,3.85393132,-0.5871538869176836,6.694544844837107,-1.1713873984839651,-0.03658620678730096,0.21849791460198364
2009-10-01,2.279281943,-0.4085826254423237,-0.7558356357045148,-1.2321964742389877,-1.5342366792821003,-0.05880234455419775
2009-11-01,1.43579981,-0.37006485116527765,-0.6274454081345695,-18.29409931468479,0.6502501371171505,-0.4413595672995524
2009-12-01,1.194638941,-0.16796273917879956,-0.4758704842685625,-2.7257378000786283,-1.1841349484062,1.4261822145572132
2010-01-01,1.21776744,0.019360241999678784,-0.15185429645655124,-1.1565967286553003,-1.822303155711492,-0.4883208570986737
2010-02-01,-4.194719404,-4.444598095018865,-4.511286347730063,-0.33571595258492104,0.43206554269461384,0.7069411862582164
2010-03-01,5.689967315,-2.356459578577333,3.672458080337572,-0.5508185894707744,0.24586129288755076,0.2089864925424938
2010-04-01,3.4627870460000003,-0.3914223308679936,-1.8255110086023767,-0.6158606847094742,0.27178648623271506,0.20041356877307326
2010-05-01,-7.952006544,-3.296418011955333,-2.3975487210685325,-3.8203123006274122,0.7553367130699573,-11.899951155045297
2010-06-01,-3.3132990560000004,-0.5833379867500269,-1.9568301521248097,-7.615148546743812,-0.474479017556393,-4.619787447370864
2010-07-01,0.43722064200000005,-1.131959305396307,-1.0549824298534933,-0.9531634511304538,-1.5457799444035527,-1.0798123255405152
2010-08-01,1.8382190680000001,3.20432818448677,-1.554800226882991,-0.5230275489185416,-1.3390435283769089,-0.4711042998179381
2010-09-01,3.2177213030000003,0.7504558401197043,6.35949082431474,0.4117258783548394,-1.1430946317869526,-0.19562731439009173
2010-10-01,4.71824471,0.4663310665224505,1.5667477789431783,2.2861438461953827,-1.4806600559546288,-2.1059006515854874
2010-11-01,1.669573585,-0.6461451900827755,-0.4811316991799771,0.3975549663586597,-21.109886622818486,0.9189402438863832
2010-12-01,3.0784520189999998,0.8438552494228637,-0.347542951200596,1.5279473878854897,-5.447034859310409,-1.4744953343099896
2011-01-01,3.264658058,0.060486906357724246,0.955384349231903,-1.7782780547578196,-1.419813139412699,-3.2044756126936287
2011-02-01,3.356328823,0.028079744760821645,0.09026510801044263,-0.4101321436149584,-1.531514859580898,-2.1458413291691705
2011-03-01,-1.125939627,-1.3354676154744567,-1.344887460492501,-1.3251541639849371,-1.088884719687816,-1.246532980200001
2011-04-01,2.379761154,-3.113577936981163,-0.29096304936150763,-1.299265492405259,-0.7360046089728408,-0.12597915034513762
2011-05-01,-0.6921869279999999,-1.290864033491993,-0.3852361961499735,-0.7910883031380673,-1.245495686726374,-0.8472057184180417
2011-06-01,-3.617589795,4.226319146841791,-2.520148267366835,-9.27405993104964,-8.22267850581535,-0.42621559025779443
2011-07-01,2.278044227,-1.6297132500065556,-4.291082415529234,0.23926699850770983,-0.7559682240142879,-3.8436691503712077
2011-08-01,-11.46763161,-6.033981111552844,2.169964606227556,-4.563898339892987,-3.9755671956292153,1.115104968098923
2011-09-01,-3.2128590630000002,-0.7198323793207375,-2.410358510568109,-1.6809437111624506,-2.4095926451166556,-0.8571215959024407
2011-10-01,2.090770805,-1.6507508620834888,-1.1823193206849099,0.25227832051499544,0.45617152923289495,-1.2129923464948058
2011-11-01,1.023287228,-0.5105693911772409,-1.3184973906214572,-0.6675968240906989,-0.14343389213193236,-13.325416694741378
2011-12-01,1.0546724170000001,0.03067094764911893,-0.4955580905961616,-0.6769424551476257,-0.13392953173390798,-2.523546566457681
2012-01-01,4.245273466,3.0252057393096683,3.1486626138169687,0.2648562431989103,-2.012051834015833,-1.5459137066620439
2012-02-01,4.565070418,0.07533011820350888,3.3284249634453085,-5.054453994272643,-0.19769830558332468,-1.7229335652611595
2012-03-01,1.155014746,-0.7469886244370305,-0.7279292476090398,-0.5146509791293115,-0.666449385810715,-0.908820011773594
2012-04-01,-1.491292731,-2.2911460534721173,-1.3266746390416797,1.1544653195184296,-0.812463342082481,-1.165434420590725
2012-05-01,-4.21394788,1.8257013478328288,-4.648393143545199,0.16484955973290494,0.2718284129435975,-2.494547190624999
2012-06-01,-1.953428135,-0.5364375187763357,0.3098891279984386,-1.8575022872020823,-5.467831450190313,-4.900105927659348
2012-07-01,2.879393706,-2.4740208018965593,-1.6833007403024642,-1.2510887865886025,0.5664040027246633,-0.6915496409116637
2012-08-01,3.071030856,0.06655468809307741,-2.5721237966094925,-1.955856075782058,-0.0455883009082344,-0.2031433357250383
2012-09-01,3.1812343739999998,0.035884861848486604,0.1048278557291531,0.5215605490531037,-0.3257589274126479,0.39571779777838567
2012-10-01,0.241455313,-0.9241001181889027,-0.921376461415795,-0.764039551757212,-0.8553790529693843,-0.8318321876641006
2012-11-01,-1.8995957280000002,-8.867276575521037,-1.5971253622572608,-2.80112392945989,-1.617061989686967,-2.5901002912310056
2012-12-01,2.9666297210000003,-2.5617163574711936,11.28645451674116,-0.30119231546342984,-0.0912892963689369,1.436121728628251
2013-01-01,4.507631194,0.519445167724051,-3.3729423727152117,-0.012582330334602987,0.3430243077229027,-2.0745965963066837
2013-02-01,1.728826929,-0.6164666418802851,-0.4172420923440213,0.4968007421439449,-2.5354526011366683,-0.696162239026851
2013-03-01,1.6046019790000001,-0.07185505264651038,-0.6440254515196702,-2.075980554082108,-0.32572982111968707,-0.5366154609901472
2013-04-01,0.560079721,-0.6509541130261811,-0.6760348236107329,-1.132910927460261,-1.8091451865730699,-1.0704325025263712
2013-05-01,3.829871945,5.838083582390586,1.3868049492166303,-2.960590142211707,-2.0586805475550056,-2.155908923483543
2013-06-01,-2.503381732,-1.6536463275928146,-5.469688221402324,-1.8694127957505509,-2.098917089637347,-6.725671415120423
2013-07-01,2.66403016,-2.0641725654327816,-0.3044075106798382,-0.13252901552741692,-1.2323086623812465,0.44924519953897013
2013-08-01,0.500989491,-0.811943010810358,-1.2001250886335062,-0.8425172646521893,-1.1559326074304057,-0.8443030194899387
2013-09-01,1.317729218,1.6302532122375397,-0.505362500100224,4.457445527404899,-0.3697399950062915,-0.7207162199096706
2013-10-01,2.2782686780000003,0.7289353889093171,3.547537860429891,-2.1993439679919096,1.226421493066852,0.36458117118569544
2013-11-01,2.691903965,0.18155685103967323,1.0428354537707456,-0.092605340685185,1.5523602605035225,-0.12556572316679004
2013-12-01,0.466855995,-0.8265703379206546,-0.795082994596654,-0.8964298597406503,-0.8900292292736838,-0.856996969757376
2014-01-01,0.937252538,1.0075838117918994,-0.6518254179249667,-0.457867920566154,-0.7946904533379314,-0.7207506810485118
2014-02-01,-0.6437202879999999,-1.6868162655218117,-2.378841216336956,-1.4011713162669606,-1.557326467241484,-0.4282817012887673
2014-03-01,2.278175692,-4.539077040865303,1.4306956766010912,3.067591820557988,-2.5276515768117163,-0.042687251125706926
2014-04-01,0.941403309,-0.5867731745598838,-2.4624415705847698,-0.7541945729467464,-1.2234017448265164,-2.3600420217701656
2014-05-01,1.291632262,0.3720285977877309,-0.4330409781231218,-1.515954976218545,-1.6612130944863246,-1.357042211857522
2014-06-01,2.413491284,0.8685591518617548,1.5637165930123156,-0.09404505991028267,-0.16180573744714577,0.05945760639527742
2014-07-01,0.7280113340000001,-0.6983575872735573,-0.4363633091103448,0.4531469164090711,-0.762942357750117,-1.0634840182139405
2014-08-01,-1.311309452,-2.801221204613828,-1.5433247100137444,-1.9951281599342967,-1.412201459508057,-0.5918559058187982
2014-09-01,0.846647725,-1.6456505927786145,0.16295953848432787,-0.6283810890367691,2.5064365098480974,-0.5950547410671349
2014-10-01,-4.215170259,-5.9786589327928565,2.2144740912002514,-2.565869478928458,1.2189828061142065,-5.119244473751997
2014-11-01,4.270405878,-2.013104006625133,4.043899312432453,8.147158703616947,0.4394805822145269,3.049035329990999
2014-12-01,-0.8641265220000001,-1.2023523165448398,-0.7949960573585457,-1.9219783217060757,-1.191703022010811,-1.2035502609951299
2015-01-01,-1.279818628,0.4810546782407401,-1.299694845071586,0.988159534285177,-1.7402815206842488,-1.280350248914824
2015-02-01,2.694358608,-3.105265972109292,-4.118014016933506,0.18268253737473383,0.6791445126343072,1.332748233155458
2015-03-01,-0.5077654770000001,-1.1884550465897004,-0.6032520031424327,-1.539370822415497,-1.9065950041779858,-0.6595132086109523
2015-04-01,1.559922512,-4.072131885011945,-0.4210412424803699,0.20771411329148104,-0.5926959087923238,-1.370180779739497
2015-05-01,0.537329909,-0.6555406407263902,-2.058224580715242,-0.7773640565589878,-1.214641619426821,-1.2750702211013256
2015-06-01,-1.191093441,-3.216689264918622,-1.7635593639025577,-2.636091892217711,-1.4471020857361465,-1.4136611948960063
2015-07-01,-1.424335631,0.19582190781285647,-3.650765585803265,0.0861933686420191,-3.8430449272637537,-1.4637972387080438
2015-08-01,-3.002835679,1.1082360180035402,1.5210748171687731,-4.546735661517309,-3.2787957024718564,-1.943921549302359
2015-09-01,-5.490684598,0.8284998531216665,2.8549092492652806,0.3026009059246402,-3.410025055877101,-23.73996181645421
2015-10-01,3.7288496589999998,-1.679122902152902,-2.241776126838141,-0.1268161000316046,0.3852090221205198,-2.9629701225565186
2015-11-01,0.993133105,-0.7336623366933122,-1.1808760068574604,-2.1492913129218825,1.1272793230383598,-0.665231862955505
2015-12-01,-2.157480647,-3.17239827787233,-1.5785914810999893,0.6857706238981232,-3.301920303789031,-1.47862847561082
2016-01-01,-6.641136901,2.0781907176013714,-7.687056213879811,-3.4648303612152285,9.316805334244803,-4.841412225595891
2016-02-01,-1.083789768,-0.8368065913779301,-0.49765956440581693,1.1344298048841153,-1.475727035366858,-1.6754259200623856
2016-03-01,6.747522735,-7.225859418706009,-2.0160192201404525,3.3255499443680065,6.167515421384609,11.04743268146286
2016-04-01,2.8052948030000002,-0.5842481880870609,-3.588412334042261,4.220805237178785,1.1718989882276571,-0.2675225586426231
2016-05-01,-0.00096716,-1.0003447623397603,-1.0001433355674347,-0.9991880066108096,-1.0004007306785865,-0.9996136586012284
2016-06-01,0.710482666,-735.607165308739,-0.7467351148833965,-1.4988168873520233,-0.02407746580494874,-0.7333053218886981
2016-07-01,2.537427098,2.5714130962344974,-2624.5856507713306,-1.8450103066728616,-2.935033026819058,4.064830986644389
2016-08-01,1.048783709,-0.5866743482692955,0.4761566456006965,-1.1910114650151318,0.23874862948459485,-0.2040977048442436
2016-09-01,-0.809334598,-1.771688758182265,-1.3189587589089427,-1.2170467227195871,-0.8079948025178928,-1.3552410678403752
2016-10-01,-1.175597727,0.4525484637689985,-2.120915320205455,-2.183726250873492,-1.275289459734113,-1.4367160724472576
2016-11-01,0.810043135,-1.6890478914646625,-2.000875456210263,-1.375457891650789,-1.937412652403232,0.7351027804623136
2016-12-01,3.9952540180000002,3.9321497157061893,-4.398487361995384,-1.6015918776495042,-4.121734541591623,3.26272947366508
2017-01-01,1.136223226,-0.7156067622031236,0.4026700269486265,-2.048379731520034,-0.5782954716471802,-2.765088419894574
2017-02-01,1.8575674690000001,0.6348613780229133,-0.5350564793550006,-0.7247037850847642,-4.658317772950916,-0.18462501574264
2017-03-01,0.769837566,-0.5855668346655354,-0.3224592242228994,-0.7255769464311805,-0.506489867235149,-0.18224467808833678
2017-04-01,-0.485759117,-1.6309891053043262,-1.2615028122028336,501.2531091029406,-1.9040239690063485,-1.3760815917123632
2017-05-01,1.038073461,-3.1370128211098507,0.3484318080159783,0.4610820371513469,-1.871529827356341,-0.5698872136469667
2017-06-01,1.419188598,0.36713696218845926,-3.9215892164099104,-0.44069778433492557,-1.9963863622534064,0.9494045377046285
2017-07-01,1.144921424,-0.1932563257529779,0.10292909607482992,0.0916659118319696,-1.3812800786959079,-1.8731130720165052
2017-08-01,-0.208736437,-1.182315076497337,-1.1470815346840886,-0.7420888251709215,-0.9619835316936557,-1.2465446145266617
2017-09-01,1.72082403,-9.244004040367901,0.5030062272640292,-2.4637864555857547,-0.5385107506690174,-1.4082454383250098
2017-10-01,2.454667894,0.42644910299166394,-12.759652168442447,2.0302928176781596,1.471640389029223,-0.42519096214114005
2017-11-01,0.27352302,-0.8885702539766872,-0.8410511387384566,-0.9315380151630699,-1.1267788985177396,-1.3165312174042958
2017-12-01,2.670338156,8.762754725360958,0.08786127953486811,1.3501879691376772,-1.4020905148933023,-3.0864973345269986
2018-01-01,4.366724963999999,0.6352704073034259,14.96474389614446,1.3507759674273232,-5.029125475190868,0.6206918229201062
2018-02-01,-3.8264065780000003,-1.8762646169716497,-2.4329295971008102,-5.970407715853139,-1.5670831693759384,6.5357753752920065
2018-03-01,-1.177839037,-0.6921814206122243,-1.2697305295639865,1.424738920546086,-1.4198628378523397,-1.755062529029006
2018-04-01,-0.576228759,-0.5107746127453237,-0.8494073362948311,-1.5550943942299669,594.7946554861658,-2.072392862091732
2018-05-01,0.768476585,-2.333631084872666,-1.652446183951704,-0.4585098935525692,0.0816260857235327,-1.645185808726152
2018-06-01,0.250563669,-0.6739475556044431,-1.4348336751446311,-0.7811520828000508,-0.9012528599550725,-1.1759161699999625
2018-07-01,0.7838479620000001,2.1283384583580633,0.02000240124427477,-4.7552042818475435,-0.2526123782496702,-1.2610359159782716
2018-08-01,1.465708333,0.8698885549950564,4.849644279434622,-0.14825205398834418,-2.8110041713550964,-1.2669445506911632
2018-09-01,0.8077538190000001,-0.44889866502519227,0.030498078911889825,-0.6709315256151714,-1.6871005280533349,-0.7833772093625724
2018-10-01,-3.960980811,-5.903698030055367,-3.702434530676848,-15.481343511781933,-5.889839367628244,-4.988368518840181
2018-11-01,-1.6088352730000002,-0.5938290666462913,-2.9917396057523313,-1.6024837226645239,-1.4026866040936674,-0.2542990940673776
2018-12-01,-5.863569002999999,2.6446049520447072,0.48033259507754766,-2.3427841348700067,-6.16057836948318,-0.11708355204707754
