,STOCK_MKT_M,STOCK_MKT_M_PCT_CHG,STOCK_MKT_Q_PCT_CHG,STOCK_MKT_A_PCT_CHG,STOCK_MKT_2A_PCT_CHG,STOCK_MKT_3A_PCT_CHG
1962-01-01,-1.194624191,0.7225721666913261,1.4451443333826521,-3.092889290454909,-5.5533430987307595,-2.8484263770725313
1962-02-01,-4.306071877333334,0.7225721666913261,1.4451443333826521,-3.092889290454909,-5.5533430987307595,-2.8484263770725313
1962-03-01,-7.4175195636666675,0.7225721666913261,1.4451443333826521,-3.092889290454909,-5.5533430987307595,-2.8484263770725313
1962-04-01,-10.52896725,0.419472798100079,1.4451443333826521,-3.092889290454909,-5.5533430987307595,-2.8484263770725313
1962-05-01,-9.215257446,-0.12477100296802612,0.24236375339530158,-3.092889290454909,-5.5533430987307595,-2.8484263770725313
1962-06-01,-7.901547642000001,-0.14255812294969927,-0.24954200593605225,-3.092889290454909,-5.5533430987307595,-2.8484263770725313
1962-07-01,-6.587837838,-0.16625980928306872,-0.28511624589939877,-3.092889290454909,-5.5533430987307595,-2.8484263770725313
1962-08-01,-2.9452372806666665,-0.5529280845867314,-0.6272581759791576,-3.092889290454909,-5.5533430987307595,-2.8484263770725313
1962-09-01,0.6973632766666666,-1.236776602430082,-1.1058561691734627,-3.092889290454909,-5.5533430987307595,-2.8484263770725313
1962-10-01,4.339963834,-0.4389640763172258,-2.4735532048601634,-3.092889290454909,-5.5533430987307595,-2.8484263770725313
1962-11-01,5.897353128,0.35884844979563035,-0.8779281526344513,-3.092889290454909,-5.5533430987307595,-2.8484263770725313
1962-12-01,7.454742422000001,0.2640827605533207,0.7176968995912607,-3.092889290454909,-5.5533430987307595,-2.8484263770725313
1963-01-01,9.012131716,0.20891255604002135,0.5281655211066414,-3.092889290454909,-5.5533430987307595,-2.8484263770725313
1963-02-01,8.004201571333335,-0.11184147951113521,0.07370598717291732,-2.079094096433587,-5.5533430987307595,-2.8484263770725313
1963-03-01,6.996271426666667,-0.1259251326548948,-0.22368295902227064,-1.6644784108970105,-5.5533430987307595,-2.8484263770725313
1963-04-01,5.988341282,-0.1440667583057007,-0.2518502653097895,-1.64982897299297,-5.5533430987307595,-2.8484263770725313
1963-05-01,4.092227521333333,-0.3166342182878058,-0.41508451119612266,-1.5179020246086283,-5.5533430987307595,-2.8484263770725313
1963-06-01,2.1961137606666665,-0.4633451465691901,-0.6332684365756116,-1.3333588067391446,-5.5533430987307595,-2.8484263770725313
1963-07-01,0.3,-0.8633950547675955,-0.9266902931383801,-1.1018593652773856,-5.5533430987307595,-2.8484263770725313
1963-08-01,1.6955134596666668,-0.020166303107636452,-0.22794825567143406,1.4313202550198336,-5.5533430987307595,-2.8484263770725313
1963-09-01,3.0910269193333333,0.8230624485523226,0.7090883207166058,-0.2877758807302233,-5.5533430987307595,-2.8484263770725313
1963-10-01,4.486540379,0.4514724381525763,1.6461248971046456,-0.23922812800570004,-5.5533430987307595,-2.8484263770725313
1963-11-01,4.963037097333333,0.10620582410528523,0.6056272646126781,-0.33424432175058016,-5.5533430987307595,-2.8484263770725313
1963-12-01,5.439533815666667,0.09600909866044671,0.21241164821057024,-0.3964209593153858,-5.5533430987307595,-2.8484263770725313
1964-01-01,5.916030534,0.08759881535453484,0.19201819732089342,-0.2608843641334595,-2.373881045771972,-2.8484263770725313
1964-02-01,5.055131467,-0.14551971326928248,-0.07066825240786823,-0.2774534950527944,-1.681512387478102,-2.8484263770725313
1964-03-01,4.1942324,-0.170302013433274,-0.29103942653856496,-0.29960030624720835,-1.3983517376787358,-2.8484263770725313
1964-04-01,3.333333333,-0.20525783621336757,-0.3406040268665479,-0.18544770161901203,-1.3617189592947156,-2.8484263770725313
1964-05-01,3.2559179576666666,-0.02322461260232256,-0.22371541508604365,0.4825816476275251,-1.4120607892509707,-2.8484263770725313
1964-06-01,3.1785025823333335,-0.02377682003658732,-0.046449225204644895,0.6557887858675893,-1.482480391973081,-2.8484263770725313
1964-07-01,3.101087207,-0.024355926518235815,-0.04755364007317464,0.8289959241076534,-2.0529159152494687,-2.8484263770725313
1964-08-01,2.9432055293333335,-0.05091171809366868,-0.07402764254709804,-0.047822744303980924,3.2204767985512364,-2.8484263770725313
1964-09-01,2.7853238516666665,-0.053642763338525246,-0.10182343618733758,-0.37918226152519674,-0.3582149625658224,-2.8484263770725313
1964-10-01,2.627442174,-0.05668341854473913,-0.10728552667705038,-0.470597917671875,-0.5544709436636605,-2.8484263770725313
1964-11-01,2.4178085196666665,-0.07978621048553414,-0.13194707386722304,-0.5555118137692208,-0.675668402367415,-2.8484263770725313
1964-12-01,2.2081748653333335,-0.08670399356613834,-0.15957242097106816,-0.6267472162892435,-0.7549775197567327,-2.8484263770725313
1965-01-01,1.998541211,-0.094935259713541,-0.1734079871322768,-0.6046509919580693,-0.7503134830889717,-1.4641216561014903
1965-02-01,1.6017162613333333,-0.19855730143693628,-0.27464247217054194,-0.6181145657705249,-0.7710614463543674,-1.2159369109289635
1965-03-01,1.2048913116666666,-0.24774984137098888,-0.39711460287387257,-0.6385326064638532,-0.7987938136912174,-1.1144358495052462
1965-04-01,0.808066362,-0.32934501711839737,-0.49549968274197764,-0.7518161168351134,-0.8025363062568146,-1.0876878770598808
1965-05-01,0.24786888500000004,-0.6932567711561293,-0.7942811251106664,-0.9220170886826715,-0.8871329484658593,-1.0313696627838418
1965-06-01,-0.31232859199999996,0.5501794817592944,-1.3865135423122588,-1.1007158364637373,-2.0410953066666666,-0.9525901214206542
1965-07-01,-0.8725260690000001,1.793615734674718,-4.520111324178506,-1.2964543455440016,-1.51460875407709,-0.703750161412292
1965-08-01,1.4124956210000001,1.7056676103439534,-1.934927892110212,-0.49287921397190526,-0.5430335426180486,1.0254803604680784
1965-09-01,3.6975173110000004,1.617719486013189,0.6502555399580823,0.4072687679253184,-0.17586447492886803,-0.14803038632879062
1965-10-01,5.982539001,0.6179880979061627,3.235438972026377,1.4743642651341093,0.2054189569154039,0.014444763803535432
1965-11-01,4.2319334096666665,-0.29261916905860774,0.14453376515014416,0.9164847295858691,-0.22200439356070023,-0.4323166153698843
1965-12-01,2.4813278183333334,-0.4136656752052301,-0.5852383381172155,0.24156950313362002,-0.5805755558439223,-0.7246680478573098
1966-01-01,0.730722227,-0.705511612935201,-0.8273313504104602,-0.5437879700417618,-0.8554494117966724,-0.9087076680306194
1966-02-01,-0.881009366,0.5619516048268214,-1.3550556115522694,-1.7311940566500916,-1.210052586976344,-1.1259255555240446
1966-03-01,-2.492740959,1.829414822588844,-4.411338627584952,-4.08482208420402,-1.747822287774782,-1.416265680530397
1966-04-01,-4.104472552,0.6465700285386133,3.658829645177688,-4.6610111771289535,-2.2606191572902667,-2.002992265362283
1966-05-01,-5.273900357333333,0.2849154892663375,1.1157033338309796,-5.237200270053888,-2.659240545106549,-3.401469564915596
1966-06-01,-6.443328162666666,0.22173869927353662,0.5698309785326752,-5.813389362978823,-3.0777642589741805,-4.445705450368817
1966-07-01,-7.612755967999999,0.1814943730647034,0.44347739854707324,-6.389578455903757,-3.586552618268683,-5.489941335822038
1966-08-01,-5.782707524999999,-0.24039236916204276,-0.1025278584279431,-2.56394332699853,-3.0761347092690046,-2.870804647100001
1966-09-01,-3.952659082,-0.31646913406709076,-0.4807847383240854,-1.6606992585153728,-2.5043752898213167,-1.8810037909167339
1966-10-01,-2.122610639,-0.462991724060861,-0.6329382681341816,-1.5015699524362767,-1.8779068407338708,-1.4276838148440378
1966-11-01,2.051675184,-0.08517298327356565,-1.519062014061146,-0.17315432131088748,-0.07087286599909248,-0.622821503914385
1966-12-01,6.225961007,0.2926457575137297,-3.933162065904448,-1.6450422794638773,2.115252751723217,0.052388247697303214
1967-01-01,10.40024683,0.6704644983010251,4.069148816102267,-3.116930237616867,5.493189262711496,1.0573642639945215
1967-02-01,8.945994111000001,-0.1398286735662022,0.43688566326416134,-4.588818195769857,6.424731197227615,1.1329276153128762
1967-03-01,7.491741392,-0.16255909639062371,-0.27965734713240464,-2.8252628802084385,8.271195713997558,1.2475224178247522
1967-04-01,6.0374886729999995,-0.1941141108465,-0.3251181927812473,-2.1447862613871536,3.4190738774977927,0.8543122865806878
1967-05-01,5.324468549333333,-0.11809879277377922,-0.28928826146895203,-1.8263537747749485,-1.4330479590019731,0.675149983809247
1967-06-01,4.611448425666667,-0.1339138577043416,-0.23619758554755854,-1.6057528239511103,-6.285169795501739,0.48704248473160283
1967-07-01,3.8984283019999997,-0.15461955937707084,-0.26782771540868344,-1.674152771023985,1.7599577967116398,0.32455184089132705
1967-08-01,2.6467112669999997,-0.32108248197301337,-0.4260564094637206,-1.6696027185984363,-0.2841923257191751,-0.04976533862793897
1967-09-01,1.3949942320000002,-0.47293297557870706,-0.6421649639460266,-1.6572068406559985,-0.7668223756223198,-0.46906757994362613
1967-10-01,0.143277197,-0.8972919072256064,-0.9458659511574142,-0.9301657503500808,-0.9661437969055177,-0.9407408833931344
1967-11-01,-0.7928618990000001,0.14170849347357384,-1.5683621342744019,-1.1273477135672012,-1.3195312981791145,-1.3590575689667195
1967-12-01,-1.7290009950000003,1.1807088941727542,0.396527827035553,-1.1662461500444985,-3.366153554817213,-1.8651315196722256
1968-01-01,-2.665140091,0.5414335206903682,2.361417788345508,-1.297914357860234,2.025098476648885,-2.663927722617631
1968-02-01,0.685095156,-1.2570578403414967,-1.3962375718586557,-0.9085532828546947,-1.2748360809519639,-0.43140501606543935
1968-03-01,4.035330403,-0.21341604062694164,-2.514115680682993,-0.331621039548077,-1.9831544374766719,3.993810648190302
1968-04-01,7.38556565,0.8302257590876136,-1.0584305202826187,0.38709912201936714,-2.4003991637290616,0.8426411579578272
1968-05-01,5.63838413,-0.23656705563236036,0.39725464011775524,0.2226926573910175,-1.8750732521539726,-2.3085283322746477
1968-06-01,3.89120261,-0.3098727365352456,-0.4731341112647208,-0.001853488493373745,-1.5111424333521997,-5.459697822507123
1968-07-01,2.14402109,-0.449008107547502,-0.6197454730704912,-0.18993011563735485,-1.3707642277827288,0.5178957429135984
1968-08-01,3.375742218666667,0.5744911439591609,-0.1324681449402434,1.4198969008114624,-1.8540433537613823,-0.08702463444216002
1968-09-01,4.607463347333334,0.3648741665923667,1.1489822879183218,0.12405236970076716,-3.1706587457339763,-0.22984817206153074
1968-10-01,5.839184476000001,0.2673317259006631,0.7297483331847334,-1.171792161409928,1.8460569789686554,0.37979119961151064
1968-11-01,2.537545301666667,-0.5654281326276998,-0.4492532852951886,-2.4676366925206232,-0.5924251213887073,0.022656209678531658
1968-12-01,-0.7640938726666668,-1.3011153622222262,-1.1308562652553995,-0.713300672168431,-1.0734688209959211,-2.0456693999903015
1969-01-01,-4.065733047,-0.8043983628781699,-2.6022307244444525,-1.2054176584874479,-1.4544752653034694,3.614857916277816
1969-02-01,-2.814782759333333,-0.3076813635341137,2.6838179967466798,-1.6975346448064648,-1.3757180890332223,0.12919184368941616
1969-03-01,-1.5638324716666667,-0.4444216106975686,-0.6153627270682274,-1.2117417332370022,-1.2590203570335818,-0.6189930735668696
1969-04-01,-0.312882184,-0.7999260217006855,-0.8888432213951373,-1.055491462941529,-1.0587630823810905,-0.940673474506408
1969-05-01,-2.8393772019999997,0.04494001510555845,0.8156530532800046,-1.7296914313079164,-1.6157235080840175,-0.559330654854481
1969-06-01,-5.36587222,0.8898060519118025,1.2976325785518046,-3.502714289997959,-2.376419368094358,-0.2951472183588585
1969-07-01,-7.892367237999999,0.47084517007003934,1.7796121038236046,-3.337965024212449,-3.981952484354615,0.36482213632272553
1969-08-01,-5.0211726059999995,-0.363793846056204,-0.06423925130293184,-2.089791112262696,-4.599421768791943,0.27032777222450055
1969-09-01,-2.1499779739999996,-0.571817552849925,-0.727587692112408,-1.3681983302354566,-3.2545294719139477,0.012893243111649078
1969-10-01,0.721216658,-1.3354530449715203,-1.1436351056998497,-0.7157817606147552,-1.9096371750359515,-0.6484742499083618
1969-11-01,-1.4714590850000002,0.07734201708562716,-0.3155934140746688,0.9257569490312074,-0.1489541710761132,-1.2363424832480645
1969-12-01,-3.6641348280000003,1.4901370791427748,1.3323403721054403,-0.09877633734372426,0.3748376081143121,-1.3523122948804092
1970-01-01,-5.8568105710000005,0.5984156822626616,2.980274158285549,1.0807327143026684,-1.3046508731512145,-1.6546852701141912
1970-02-01,-8.006657860666667,0.36706792265258437,1.1851428062861302,4.119894877316052,-2.984139354416741,-2.0687312123742707
1970-03-01,-10.156505150333334,0.2685074505591103,0.7341358453051687,3.7270340151318484,-2.375183111442972,-2.6822400339654164
1970-04-01,-12.30635244,0.21167195387048143,0.5370149011182204,3.3341731529476446,-3.1826027025228587,-3.311282774229337
1970-05-01,-8.692842556,-0.293629643845955,-0.14411085040264038,0.6200241451146595,-3.233973253836813,-2.8850568744555125
1970-06-01,-5.0793326720000005,-0.41568794795505326,-0.58725928769191,-0.3564246925125152,-3.369068427400591,-2.302918068133808
1970-07-01,-1.465822788,-0.7114142973780002,-0.8313758959101065,-0.7080716193168843,-1.4342223703855455,-1.5538279926021112
1970-08-01,2.2315023236666667,0.4727314042208286,-1.4393298229840115,-2.037918690634301,-0.515676597848967,0.599649856951284
1970-09-01,5.928827435333334,1.6568771058196576,0.9372121943276515,-2.6783358076167327,0.015351965621531738,-2.0239449713161433
1970-10-01,9.626152547,0.6236182705592261,3.3137542116393144,-3.3187529245991643,2.7934899292940765,-4.647539799583571
1970-11-01,10.842798011333333,0.12638958902770558,0.8288267165130812,-3.9591700415815954,-0.5863139740805083,-7.271134627850999
1970-12-01,12.059443475666667,0.11220770349697995,0.2527791780554116,-3.059046187250618,-3.9661178774550927,-5.524881643704434
1971-01-01,13.27608894,0.10088736406354548,0.22441540699395968,-2.658131166715618,-5.716558994110215,-1.9518462167855417
1971-02-01,10.577364511666666,-0.20327706755581088,-0.1228977910125384,-2.0414374191814906,-7.763745288134193,1.621189210133351
1971-03-01,7.878640083333333,-0.25514147927460407,-0.40655413511162175,-1.6402092026655246,-5.294029657117594,0.06676190514037783
1971-04-01,5.179915655,-0.34253683374143207,-0.5102829585492081,-1.5958828336796118,-2.8243140261009962,-0.08131203274367904
1971-05-01,2.5875870413333337,-0.5004576881796092,-0.671569329990441,-1.509434449056172,-1.4822304623074558,-0.33501611180988244
1971-06-01,-0.004741572333332833,-1.0018324300816137,-1.0009153763592185,-0.9967652485879263,-0.9993992205139032,-1.0022115325056493
1971-07-01,-2.597070186,-0.5176670877105223,-2.0036648601632274,-2.163821412353564,-0.4827761581235712,-1.7693330881840192
1971-08-01,-2.510063802,-0.03350174533943073,-1.0353341754210446,-1.4233659740273548,0.16748349627511128,-1.5447821529503325
1971-09-01,-2.423057418,-0.034663016904460275,-0.06700349067886147,-1.251716083468379,-4.359680327849555,-1.414965039717303
1971-10-01,-2.336051034,-0.035907685618038476,-0.06932603380892066,-1.2154472518586315,0.5875745766998337,-1.9205948096633683
1971-11-01,1.763399512,-1.7548634367719895,-1.727758037799829,-0.8537743872212548,-1.481259449986593,-3.307830981350215
1971-12-01,5.862850057999999,-0.5278192854016135,-3.509726873543979,-0.5583902695668443,-2.0010311904280984,-2.442015496400101
1972-01-01,9.962300604,0.6992248659687623,4.649485857405636,-0.05814906983571011,-2.2442520683868086,-4.539278678244966
1972-02-01,7.5438491149999995,-0.24276034072179653,0.28672045854323636,-0.042493496947723086,-1.7427603297924201,-5.8239496568069615
1972-03-01,5.125397626,-0.32058587759810997,-0.48552068144359317,-0.010524887397997729,-1.4164838973196188,-3.8886543860003515
1972-04-01,2.706946137,-0.4718563642226965,-0.6411717551962198,0.0461275674054864,-1.3113994207949393,-1.953359115193741
1972-05-01,1.8011178006666668,-0.33463108997699764,-0.64858964472727,-0.6493014972125669,-1.354597329408131,-1.3356617017366594
1972-06-01,0.8952894643333333,-0.5029256476161912,-0.6692621799539954,-1.3447305618306202,-1.6107760581037804,-1.113437380361967
1972-07-01,-0.010538872,-1.0117714688040562,-1.0058512952323824,-0.9958013529410676,-1.0047227698973145,-0.9979011133798893
1972-08-01,1.2702955036666668,-0.0017375374000001553,0.4188656901179746,-1.5242531581093002,-0.7857425405745095,-1.5908411709461854
1972-09-01,2.5511298793333332,1.0082963940040561,1.2177292390630436,-2.0920694120988683,-0.7349792799483117,2.537258673985499
1972-10-01,3.831964255,0.5020655302745218,2.0165927880081127,1.1730550728427334,-0.6465889845965336,-3.6041935477940927
1972-11-01,2.3426027283333335,-0.38866790699399845,-0.08173913554510703,-0.6004327749885405,-0.8057453701690135,-1.6393331136267166
1972-12-01,0.8532412016666666,-0.6357721301410277,-0.777335813987997,-0.9143529958005806,-0.9357309818032398,-1.1456835920033832
1973-01-01,-0.636120325,-1.7455339987771845,-1.2715442602820555,-1.0843230445496523,-1.0601397753002053,-0.9205510793554711
1973-02-01,-3.202489249666666,-0.4720835427721821,-4.753322323642047,-1.624827473564422,-1.4064774143498813,-0.6846859030479042
1973-03-01,-5.7688581743333325,0.8013669132328203,-1.5752942485882033,-3.131131497402725,-2.1136973183655696,-0.5312292409583117
1973-04-01,-8.335227098999999,0.44486601110855784,1.6027338264656406,-5.62780785127702,-4.221235446713714,-0.041139069837767495
1973-05-01,-6.022551767333333,-0.27745798695084434,0.043976396252680905,-4.451839375602176,-1.8963751018702562,0.1856974441805832
1973-06-01,-3.7098764356666667,-0.38400256585767356,-0.5549159739016887,-3.275870899927331,0.42848524297320134,1.5309174246966792
1973-07-01,-1.397201104,-0.623383385342072,-0.7680051317153471,-2.0999024242524866,-0.4433603229978773,-1.626125767014307
1973-08-01,-1.7056614056666668,0.2207701531179629,-0.5402376776572726,-1.6685905799952427,-0.29607057884970567,-1.2876895008786455
1973-09-01,-2.0141217073333335,0.18084497933873545,0.44154030623592555,-1.5256107764328124,-0.13780920107529915,-1.209234343368165
1973-10-01,-2.322582009,0.15314878964045486,0.36168995867747067,-1.991453642953973,-2.3171048268952905,-1.2142050425150726
1973-11-01,-3.7205811246666665,0.6019159324619854,0.8472474186242991,-5.360526797579772,-1.6346028105545432,-1.308520134629263
1973-12-01,-5.118580240333333,0.37574751599910794,1.2038318649239712,-2.1628393189622512,-1.5137950001506835,-1.385548806087867
1974-01-01,-6.516579356,0.2731224382594861,0.7514950319982157,1.0348481596552697,-1.8638268417965302,-1.6160872444938734
1974-02-01,-6.484010885666667,-0.004997786193357223,0.2667596445150997,0.12396780952514574,-2.265074704209235,-1.8229860505219806
1974-03-01,-6.451442415333333,-0.00502288952125729,-0.009995572386714446,-0.22600280247825144,-3.3832917571397294,-2.2454724835347406
1974-04-01,-6.418873945,-0.005048246304722004,-0.010045779042514691,0.06580635467781959,-4.563827942083584,-3.480640783272928
1974-05-01,-10.050485763333333,0.5657708578561802,0.5578664609089663,1.7091160413614301,-5.046129745232765,0.39382050594547424
1974-06-01,-13.682097581666664,0.36133694468603217,1.13154171571236,3.1252761892457084,-5.528431548381946,4.268281795163877
1974-07-01,-17.313709399999997,0.2654280015660402,0.7226738893720648,4.541436337129986,-6.010733351531128,5.897716857318353
1974-08-01,-14.013446111333332,-0.19061561057890142,0.024217670403890335,5.957596485014265,-6.4930351546803085,4.783373521086462
1974-09-01,-10.713182822666667,-0.23550690261673657,-0.38123122115780295,3.6126176734139452,-3.795741846675098,3.586022594002399
1974-10-01,-7.412919533999999,-0.3080562838602977,-0.47101380523347336,0.9924090580511495,-4.1643946471768984,-5.203766352182137
1974-11-01,-0.2821034693333324,-0.9619443502604553,-0.9736676322991086,-0.9448863833157451,-1.3306256997227626,-1.0481171216289926
1974-12-01,6.8487125953333345,0.03962318972166823,-1.9238887005209109,-2.050967420357972,-3.347916376392356,-0.31253704665531945
1975-01-01,13.97952866,1.041190729703792,-0.4612701252968987,-3.1560001836059017,-5.365207053061949,0.8531028983869067
1975-02-01,13.706660336666667,-0.019519136157580053,1.0013484499271135,-3.124588495758661,-3.375974572862619,1.6742628254119905
1975-03-01,13.433792013333333,-0.019907717608160458,-0.039038272315160216,-3.092858050873179,-2.611688782294249,3.9627112374764373
1975-04-01,13.16092369,-0.020312084857537216,-0.039815435216320916,-2.3094813524351547,-3.1852736511765007,6.307086568756696
1975-05-01,8.381742912333333,-0.36313414546260214,-0.37607021874283375,-1.6126065731006374,-3.259305143360423,8.362047970233514
1975-06-01,3.602562134666668,-0.57018937799134,-0.7262682909252043,-1.208075696053133,-3.5784134612784184,3.217896059526322
1975-07-01,-1.176618643,-1.3266060650773115,-1.1403787559826801,-0.9160364528716164,-0.31016868934774755,-1.9262558511808696
1975-08-01,-0.5301850326666667,-0.5493994287606518,-1.1471688794940724,-0.9505109693876487,-0.7367661394362193,-1.207823614533187
1975-09-01,0.11624857766666663,-1.2192603911920565,-1.0987988575213037,-1.0156818885101184,-1.0500514415491913,-0.9696634493615164
1975-10-01,0.762682188,-0.5335927036265565,-2.438520782384113,-3.703554797827805,-1.204990070756307,-0.6744295655530901
1975-11-01,4.700448325333333,0.15207498393894348,-1.0671854072531135,-0.3136741745395789,-1.9183109582408793,4.508932663063831
1975-12-01,8.638214462666667,0.8377426715044434,0.30414996787788606,-0.3820811364417871,-2.325574966675303,-0.20900327282491116
1976-01-01,12.5759806,0.45585417615548773,1.6754853430088863,-0.08249126402016316,-2.93953724349847,-4.926939208713653
1976-02-01,9.080440307,-0.27795369635032674,0.05119412654601008,-0.3240597816322105,-2.407505441793645,-2.574044643253752
1976-03-01,5.584900014,-0.38495273079492975,-0.5559073927006535,-0.5756452855779761,-1.8700747299065397,-1.6700357347995998
1976-04-01,2.089359721,-0.6258912933512725,-0.7699054615898594,-0.7507249097409553,-1.2078864415312645,-1.3469226669553604
1976-05-01,2.371714637,0.13513944638736541,-0.5753344498460702,-0.34165892263800013,-1.1733443737587415,-1.639297474761798
1976-06-01,2.654069553,0.11905096489902878,0.2702788927747304,-3.255675251101728,-1.1532929478994258,-2.899561591671917
1976-07-01,2.936424469,0.10638565054967875,0.23810192979805755,-2.4605769877106245,-1.2095433518401426,-2.721575254762995
1976-08-01,1.5176414913333331,-0.4831668556929829,-0.4281832254102448,-1.6654787243195208,-1.141661121298364,-1.7535003896773782
1976-09-01,0.09885851366666643,-0.9348604303248104,-0.9663337113859657,-0.8703804609284169,-1.0133359755509612,-1.042564057279179
1976-10-01,-1.319924464,-0.7057513888958742,-1.8697208606496205,-1.280808206503663,3.6788664709414904,-0.6452370154626706
1976-11-01,-0.6907925690000001,-0.476642347466938,-1.4115027777917484,-1.0799693700573796,-1.1008645872321612,-0.8650421529867403
1976-12-01,-0.06166067400000008,-0.9107392337916129,-0.9532846949338761,-1.0049030509795793,-1.0044107834748701,-0.9905378772157164
1977-01-01,0.567471221,-1.277353430767488,-1.821478467583226,-0.9375061999402668,-0.9585988703986514,-1.0875185484735124
1977-02-01,-0.36543309599999985,-1.6439676277433632,-2.554706861534976,-1.0654323434768656,-1.0272025274499783,-0.943356373276856
1977-03-01,-1.2983374129999996,-0.46271498757929774,-3.2879352554867265,-1.6214044426866787,-1.0986509338996098,-0.7977312805758799
1977-04-01,-2.23124173,0.718537652584768,-1.486552509027994,-1.940771581534916,-1.266202596922513,-0.7779966279699511
1977-05-01,-1.707093289,-0.23491333724741692,0.3148302374307381,-1.6431983996313906,-1.473855335504977,-0.8752316098602146
1977-06-01,-1.182944848,-0.3070414747556306,-0.46982667449483384,-1.4028521286647813,0.005376597623738322,-0.9316758286355435
1977-07-01,-0.6587964070000001,-0.4430878091114523,-0.6140829495112612,-1.4340922482431675,0.24257828193764341,-0.952988265572506
1977-08-01,-1.6886985506666667,1.5633086834164631,0.4275378548051014,-0.1872142024922665,-2.160973993733711,-0.8423719095791249
1977-09-01,-2.7186006943333334,0.6098792133504707,3.1266173668329262,1.0596638432586345,-4.564526269405066,-0.6332618097546809
1977-10-01,-3.7485028380000003,0.3788353860916025,1.2197584267009414,4.426379793613559,-1.7974777252197904,-1.0975152643666641
1977-11-01,-3.8473925013333337,0.026381109367412225,0.41521059321174314,3.059572296491654,-1.4453921024954064,-1.561768718978647
1977-12-01,-3.9462821646666666,0.02570303479540037,0.05276221873482445,1.6927647993697494,-1.3137951854558894,-1.2822900729091296
1978-01-01,-4.045171828,0.025058943888693452,0.05140606959080074,0.32595730224784436,-1.445481902995566,-1.295124540087914
1978-02-01,0.05303733633333341,-1.0131112690853372,-1.0134398236416562,-1.0408501948740603,-0.9905034403122023,-0.9960519459970281
1978-03-01,4.151246500666667,-0.012943756318238409,-2.0262225381706744,-2.8605095292237417,0.9868510237575632,-0.6845778762610037
1978-04-01,8.249455665,0.9872237564488602,-0.5853559651347053,-5.832457439881599,2.4782665402928905,-0.015782785122015586
1978-05-01,7.702681918,-0.06627997884997416,0.8555106079012635,-5.526219745716877,1.9022155464212886,1.1381121629738944
1978-06-01,7.155908170999999,-0.07098485343426597,-0.13255995769994844,-5.219982051552154,1.4369461045381309,-7.08175657726681
1978-07-01,6.609134424,-0.07640871485968093,-0.14196970686853183,-4.913744357387431,3.3548719916674816,-5.600798915005451
1978-08-01,2.679593550666666,-0.5945621046931415,-0.6255410932289525,-1.985651756895386,1.6509279860036674,-4.119841252744092
1978-09-01,-1.2499473226666673,-1.4664689995076634,-1.189124209386283,-0.6665475853464814,-0.053016019660146796,-2.6388835904827337
1978-10-01,-5.179488196,-0.98312494880751,-2.932937999015327,0.34623337603455373,6.497892172606738,-2.1019136553602458
1978-11-01,-2.590878933666667,-0.4997808981073567,1.0727904981941356,-0.34346333446090194,2.7469462744632773,-1.2999322307710854
1978-12-01,-0.002269671333333889,-0.9991239763063255,-0.9995617962147135,-0.9994389184366351,-1.003999623680183,-1.0001804766885005
1979-01-01,2.5863395909999998,-0.5009447091922371,-1.9982479526126513,-0.689067319162016,-8.07746402641101,-0.7151746497351872
1979-02-01,2.5791872186666667,-0.002765442078148661,-1.0018894183844744,-0.3786957198873968,-2.986530768382523,-0.53818560543586
1979-03-01,2.572034846333333,-0.0027731109558735145,-0.005530884156297433,-0.6882176290436087,-2.15273697679244,0.2310158085666154
1979-04-01,2.564882474,-0.0027808224851733065,-0.005546221911746918,-0.6670143592446343,-2.502485242328195,0.08144649191200304
1979-05-01,3.684623943666667,0.4365663850166208,0.43257154891172234,-0.4850934562577316,-4.114789290385131,0.3882921566625075
1979-06-01,4.804365413333333,0.30389572634443174,0.8731327700332412,-0.27307191757409877,-8.292640582560633,0.6361277002195329
1979-07-01,5.924106882999999,0.23306750701333012,0.6077914526888635,1.2108229367570011,-4.508090227626045,2.903495599474774
1979-08-01,3.6879225519999994,-0.37747197597278737,-0.23238092136683053,-3.950462379592204,-2.3565517582950397,0.4018154889896417
1979-09-01,1.4517382209999994,-0.606353387162996,-0.7549439519455747,-1.280286037165051,-1.387284813094758,-2.0998646214954912
1979-10-01,-0.78444611,-1.5403495607215265,-1.2127067743259918,-0.6972278018063024,-0.7961096743500575,0.13557404234323767
1979-11-01,1.2214578403333334,0.05093581555875115,-0.15862390156542283,-0.22468930068875753,-1.3095211617835512,2.4114217917414784
1979-12-01,3.2273617906666665,1.6422211918390288,1.562909241056318,0.24784920042878733,-1.7978305812196678,4.687269541139719
1980-01-01,5.233265741,0.6215305504744728,3.2844423836780585,1.0290367845826185,-1.067511877615914,0.7840201860057774
1980-02-01,2.751474517,-0.47423374749659974,-0.14745395915726067,0.06976564525261941,-0.3371931740121602,-3.1192291691281646
1980-03-01,0.26968329299999994,-0.9019859019831875,-0.9484674949931995,-0.8948554969930369,-0.9673089590451178,-1.1208669098350001
1980-04-01,-2.212107931,-0.05314553472808636,-1.8039718039663748,-1.600361926975558,-1.2871867168538582,0.29583306621504724
1980-05-01,3.432097939333333,0.7956948325270148,-0.10629106945617206,-0.2856292883533815,-0.5203826184854863,-3.9013169507741354
1980-06-01,9.076303809666666,1.644535199782116,1.5913896650540307,0.5320965655957877,0.37329689901714525,-6.809195312582972
1980-07-01,14.72050968,0.6218617169163074,3.289070399564233,2.9915452324281895,4.49356064703829,-9.717073674391807
1980-08-01,12.550945183333333,-0.14738378927289064,0.38282559140054584,3.9020179098682823,0.7446175331218265,-5.616693142723974
1980-09-01,10.381380686666667,-0.17286064634778875,-0.2947675785457812,4.812490587308376,-3.004325580794637,-3.7694738767239704
1980-10-01,8.21181619,-0.20898612257357518,-0.3457212926955776,5.7229632647484685,-4.169509807383575,-3.1343848300255703
1980-11-01,4.925764869,-0.40016133398134435,-0.5255192909622889,0.5262512195704279,-2.267759882290516,-2.248203920414816
1980-12-01,1.6397135479999996,-0.6671149371502817,-0.8003226679626886,-0.6866748930493496,-0.36600995719745766,-1.4053507780930783
1981-01-01,-1.6463377730000002,-0.7001389897334158,-1.3342298743005632,-1.5983474543660474,-1.6383165057134117,-1.2555876604084202
1981-02-01,-0.4393037626666667,-0.7331630423165498,-1.2679149435598045,-2.628961726845522,-1.1708000820023623,-1.1058245427237618
1981-03-01,0.7677302476666668,0.419524024377951,-1.4663260846330997,-1.3470582230224222,-0.700676247177372,-0.9069356477756564
1981-04-01,1.9747642580000002,1.5722110910724516,-1.5137210399395888,-0.4246189086365094,-0.4640526989479258,-0.74362640454031
1981-05-01,-0.43078572199999976,-1.218145391408031,-1.561115995246078,-1.0474626820602009,-1.089665478151279,-1.0602000070020183
1981-06-01,-2.8363357019999995,-0.18501323435327288,-2.4362907828160614,-1.1926791778041208,-1.4787786172695898,-1.4291538831015913
1981-07-01,-5.2418856819999995,0.8481189227014851,-0.943840098684257,-1.4176486794764118,-2.4213654457459444,-2.9562241746312052
1981-08-01,-4.392379492,-0.16206118208893816,0.5486105854475476,-1.4231016687059126,-4.025600227687331,2.5140516822974535
1981-09-01,-3.5428733019999994,-0.19340455248624056,-0.32412236417787643,-1.4314360209760126,3.5164011355732256,-0.31598004128360035
1981-10-01,-2.693367112,-0.2397788793408,-0.3868091049724809,-1.54679165238896,-3.2050430420627416,0.03955730119287715
1981-11-01,-4.109666297666666,0.5258470630893581,0.1599811642563409,-3.506331854536014,-2.273382584360877,-1.5485198633656698
1981-12-01,-5.525965483333334,0.34462632318122655,1.0516941261787167,2.3565198915795835,-2.055930609454853,-3.136597027924217
1982-01-01,-6.942264669,0.2562989562526794,0.6892526463624529,0.8012753250167883,-3.5231070199295615,-3.6916482133425212
1982-02-01,-4.763826651666667,-0.31379357042679945,-0.1379195787533104,-0.7539692415460069,-1.6771813375896767,-2.8521625624388136
1982-03-01,-2.5853886343333334,-0.45728742387617904,-0.6275871408535989,-2.3092138081088023,0.16874434475020816,-2.007994970740844
1982-04-01,-0.406950617,-0.8425959596186838,-0.9145748477523579,-0.05532937556365847,-1.1185719709033268,-1.1104456311476478
1982-05-01,-0.4730090253333334,0.16232536719150215,-0.8170452909663606,-0.8332323550418245,-1.0521147193012157,-1.0984540068539776
1982-06-01,-0.5390674336666668,0.13965570379292758,0.3246507343830043,-0.89716154331298,-1.0366201609444998,-1.0909955617467997
1982-07-01,-0.6051258420000001,0.12254201275712862,0.27931140758585493,-0.8622327958906698,-1.0482135674374198,-1.164083120908229
1982-08-01,6.436536045333334,0.6082781106453642,0.9155504107463032,-2.8167559200324277,-0.3799922920079307,3.433675405266702
1982-09-01,13.478197932666667,1.0940142085335998,1.5517894139067514,-6.004218649814221,0.6413175381445875,3.6507902703386677
1982-10-01,20.51985982,0.5224483215420579,2.1880284170671995,-5.99307202427859,3.1658220328665063,3.8679051354106333
1982-11-01,16.411199254333333,-0.20022849092088324,0.2176107916146599,-3.969833833351034,-2.653423923585968,4.085020000482599
1982-12-01,12.302538688666667,-0.25035711906195923,-0.4004569818417665,-2.772121818345884,-8.472669880038442,1.3508339338250064
1983-01-01,8.193878123,-0.33396851411259076,-0.5007142381239185,-2.7200202110908673,-4.3691046569805225,1.9779952793944044
1983-02-01,8.873919265333333,0.082993807343128,-0.27869202528839376,-4.4323347552046295,-0.26553943392260315,-1.6704721297881702
1983-03-01,9.553960407666667,0.07663368597345355,0.16598761468625622,-3.6822799147590066,3.8380257891353153,-5.318939538970745
1983-04-01,10.23400155,0.0711789784880863,0.15326737194690687,-2.932225074313384,0.09603645733303079,1.9818500902068958
1983-05-01,7.504810603666666,-0.266678770078292,-0.21448171402883776,-2.1821702338677618,-3.6459528744692533,-0.17314241997125412
1983-06-01,4.7756196573333325,-0.3636588703517605,-0.533357540156584,-1.432115393422139,-1.9110499440558637,-0.6755805497807102
1983-07-01,2.046428711,-0.5714841512017084,-0.7273177407035208,-0.6820605529765165,-1.4659043497328121,-0.8369502311493244
1983-08-01,1.33075498,-0.3497183787312491,-0.721344019104092,-0.9012661049609093,-1.3756146118035808,-0.8718132953443123
1983-09-01,0.6150812489999999,-0.5377952679162621,-0.6994367574624982,-0.9700250754929377,-1.2283688867587241,-0.9250980252396517
1983-10-01,-0.100592482,-1.1635434053038414,-1.0755905358325242,-1.006129502204017,-0.9755229561930338,-1.0204216978835252
1983-11-01,-1.1814339776666665,-0.12434390046473043,-2.92077709991557,-1.0960317221969011,-0.7862031564927527,-1.7205124206649947
1983-12-01,-2.2622754733333332,0.9148556043743807,-0.5455329455834046,-1.2760933759782422,-0.6741300452811455,0.37412596031916046
1984-01-01,-3.3431169689999995,0.4777674109130965,1.829711208748761,-1.376735112078397,-0.29822866920852786,6.610034907751695
1984-02-01,-3.2491308716666665,-0.028113314073317186,0.4362224715627838,-1.3400820950712093,0.2567282258918435,-5.232125647701944
1984-03-01,-3.155144774333333,-0.028926534832105055,-0.05622662814663448,-1.3083002048532357,6.753139183306197,-2.5977323680796194
1984-04-01,-3.061158677,-0.029788204363202953,-0.05785306966420989,-1.4078928621469,5.471670756901046,6.105989174358015
1984-05-01,-1.068082149,-0.6510856634041777,-0.6614791949679454,-1.223653101720502,0.9813516497092838,-0.6234288669543391
1984-06-01,0.9249943789999997,-1.866032991812505,-1.3021713268083555,-0.5479957967614735,-2.528598375410316,-1.176462142655327
1984-07-01,2.9180709069999997,-0.9164688827608122,-3.73206598362501,1.1927935276259491,-0.546639545487253,-1.6643485409935066
1984-08-01,3.014645124,0.033095226290880575,2.259095614461027,3.9012144800401813,-0.7763317367009797,-1.850904016888832
1984-09-01,3.111219341,0.032035020052993746,0.06619045258176115,0.09302246649961177,-0.8483800879590999,-2.155141208615159
1984-10-01,3.207793558,0.03104063276006741,0.06407004010598771,-3.715169547040958,-0.8045363103398436,-1.7805484255062947
1984-11-01,4.706235031666667,0.4671252830250452,0.5126657801484358,-3.080310327871919,-0.6174582213667703,-1.8516584198473505
1984-12-01,6.2046765053333335,0.31839495128997153,0.9342505660500904,-2.8559555537146792,-0.2427668056329798,-1.89375395510916
1985-01-01,7.703117979,0.24150194975977501,0.6367899025799433,-3.370824162908719,-0.13193733809447206,-2.6170021586123404
1985-02-01,6.590583307666667,-0.1444265392749131,0.062196119652913495,-3.0888370515610415,-0.3101726376866718,-3.549165421455529
1985-03-01,5.478048636333334,-0.16880670790385854,-0.28885307854982634,-2.7895343607937164,-0.46472075369840704,-4.89351658988169
1985-04-01,4.365513965,-0.20308959361083656,-0.3376134158077173,-5.087245507367804,-0.4183045788168036,-6.237867758307852
1985-05-01,3.5482598646666665,-0.18720684594885573,-0.35227667729477263,2.835979920767354,-0.257005348150362,-7.582218926734014
1985-06-01,2.731005764333333,-0.230325323258168,-0.37441369189771145,-0.06410575638101401,0.33452279556750875,-5.51312037064405
1985-07-01,1.913751664,-0.2992502289839851,-0.4606506465163359,-0.36518177586994804,0.4380946851688656,-0.7026736663134944
1985-08-01,2.648690842666667,0.3840305889691793,-0.030140881700687405,-0.14866470269006116,3.306245470777905,-0.803483310165143
1985-09-01,3.3836300213333335,0.2774726165952761,0.7680611779383584,0.05481539262238688,-0.5899155036729455,-0.8351046229840505
1985-10-01,4.1185692000000005,0.21720435568693208,0.5549452331905522,-0.12486963097092718,-4.486076478123796,-0.7490391082228496
1985-11-01,6.629941543333334,0.6097681552451113,0.959416810210467,0.06853943757332992,-3.930651736043664,-0.46109159165327696
1985-12-01,9.141313886666667,0.3787925318675873,1.2195363104902222,0.18670308718981476,-3.7343685463093554,0.1156272706823942
1986-01-01,11.65268623,0.27472772234594944,0.7575850637351746,0.7680811676327208,-4.586401006993808,0.3131386348670244
1986-02-01,10.825886295666667,-0.07095359113032029,0.1842812127321305,0.9762304087378173,-4.431185276737143,0.13313074722178375
1986-03-01,9.999086361333335,-0.07637249383122369,-0.14190718226064047,1.2904717386085225,-4.266438436027972,-0.022954382752332636
1986-04-01,9.172286427000001,-0.08268754808745182,-0.1527449876624476,1.585009772913482,0.708818114517741,0.22218759558284495
1986-05-01,6.182731494,-0.3259334471064703,-0.38167035761299695,1.2639027623983319,5.684074665063454,0.2946448707459228
1986-06-01,3.1931765610000005,-0.4835330364744447,-0.6518668942129406,0.6685428005459335,0.09427654870896562,0.5603654033174872
1986-07-01,0.203621628,-0.9362322677402366,-0.9670660729488894,-0.9231236712416778,-0.9324558547940053,-0.846987889536209
1986-08-01,0.40847093833333337,1.0060292334630256,-0.8720800649352715,-0.8792802594379472,-0.8687103371496644,-0.33590734720424975
1986-09-01,0.6133202486666668,0.5015027780658554,2.0120584669260517,-0.8510841462450924,-0.8088030798811565,-7.097078394652463
1986-10-01,0.8181695590000001,0.3340005662272969,1.0030055561317108,-0.8765947552248479,-0.8261519976170307,-1.6925224553096787
1986-11-01,5.162980206000001,0.5877660495551709,1.2296913926765038,-0.43520370594312285,-0.16788889774316595,-3.2822066838715473
1986-12-01,9.507790853000001,0.8415315328830448,1.456377229221297,-0.18406874901324788,0.23427823368665046,-3.8439898876299243
1987-01-01,13.852601500000002,0.4569737296681362,1.68306306576609,0.2795812852334183,1.101877914794826,-5.263479080143732
1987-02-01,10.533830863666669,-0.2395774278451115,0.10791571107634534,0.05347933631228563,0.9229166374684403,-4.338620449165417
1987-03-01,7.215060227333335,-0.3150582802483046,-0.479154855690223,-0.21338476673659879,0.6527401550376979,-3.356970346406298
1987-04-01,3.8962895910000004,-0.4599782305018876,-0.6301165604966092,-0.3698109654638675,0.0980846216476392,-4.647930634032158
1987-05-01,5.3129017450000005,0.36357979069939206,-0.26363722857464855,0.663829620287633,0.9454011464882188,4.743712465305697
1987-06-01,6.7295138990000005,0.2666362417361061,0.7271595813987841,-0.5725783335592491,2.516398718595706,1.3061516027101807
1987-07-01,8.146126053,0.2105073524271206,0.533272483472212,-1.8089862874061313,2.075529209289895,1.7021840773720203
1987-08-01,-1.2544817046666665,-1.1539973352369959,-1.1864149065585674,-3.0453942412530135,-1.3707502583785247,-1.4032122351950456
1987-09-01,-10.655089462333333,-0.1358663903673949,-2.3079946704739918,-3.964956864010074,-3.587085209672653,-4.321625681228871
1987-10-01,-20.05569722,0.8822645545022059,-1.0496653115973535,-4.884519486767134,-4.025018710785887,-5.261516283197074
1987-11-01,-12.878423553666664,-0.35786707326115763,0.20866404727928467,-2.3545127099217926,-2.4088153752657884,-3.075599516364278
1987-12-01,-5.701149887333331,-0.5573099561778169,-0.7157341465223152,-1.4115580663555023,-1.489256277462929,-1.7401093820548548
1988-01-01,1.4761237790000001,-1.2589168515424607,-1.1146199123556335,-0.8598682855169574,-0.8636486899376676,-0.7760253212666531
1988-02-01,1.7964878686666668,0.21703064080689582,-1.3151097417484248,-0.7510086108691232,-0.8203347982257938,-0.6720569699306057
1988-03-01,2.1168519583333336,0.1783280005694876,0.43406128161379165,-0.45670055859733105,-0.7692121833328207,-0.5150967388250391
1988-04-01,2.4372160480000002,0.15133986503189378,0.356656001138975,-0.5412646111338917,-0.6058027021931676,-0.313123575792846
1988-05-01,2.1233168783333336,-0.1287941501633616,0.0030540255659115,-0.6844769309936551,-0.3350455767881564,-0.22251468449329426
1988-06-01,1.809417708666667,-0.14783434958283626,-0.2575883003267231,-0.7778799767037355,7.886176416714765,-0.05451802200671174
1988-07-01,1.495518539,-0.17348076575307447,-0.2956686991656726,-2.1921405736222996,2.6612605663014874,-0.43537444426910477
1988-08-01,1.8464931726666667,0.2346842412942276,0.020490273651251112,-1.173296824882999,2.0106509228757203,-0.4542863253296682
1988-09-01,2.1974678063333335,0.19007632352076165,0.4693684825884552,-1.1095682579482686,1.6858342285664691,-0.46644873507689677
1988-10-01,2.54844244,0.15971775907484087,0.3801526470415231,-1.1978846579614493,-0.5064008889597514,-0.6156161523682575
1988-11-01,3.543466524333333,0.39044400953130154,0.6125226108526778,-1.621535408533306,-0.6273091637038629,-0.6123679190688593
1988-12-01,4.538490608666667,0.28080527288755386,0.7808880190626031,2.0746002965559343,-0.6723726869161243,-0.610519796115143
1989-01-01,5.533514693,0.21924119054763325,0.5616105457751075,2.080184837043688,-0.47469113899614424,-0.488862662892097
1989-02-01,6.092855845666667,0.10108243741979095,0.34248506189079597,1.8782626114599767,-0.15553638449410856,-0.3906587436600347
1989-03-01,6.652196998333333,0.09180278786088114,0.20216487483958212,1.7294244200435909,0.7073158560131607,-0.27475040697032815
1989-04-01,7.211538151,0.08408367232762437,0.18360557572176228,2.396355119948272,0.35736335756384285,0.16640002206118765
1989-05-01,7.701146468666667,0.06789235630664647,0.15768466727550923,3.256146290477906,0.14438376742353554,1.4117509074584071
1989-06-01,8.190754786333333,0.06357602983642963,0.13578471261329295,4.476866098771466,0.005478522311460843,3.833173150333917
1989-07-01,8.680363104,0.059775726467065304,0.12715205967285925,3.70099929558039,-7.9194816247292295,6.254595393209426
1989-08-01,5.934497542666666,-0.316330725850398,-0.2754638983248944,1.7006072742284637,-1.5569636523133503,8.676017636084936
1989-09-01,3.188631981333333,-0.4626955427298869,-0.6326614517007959,0.25120816200711715,-1.1589888372543617,2.8972752606814263
1989-10-01,0.44276642,-0.8611422006076548,-0.9253910854597738,-0.8750470995113176,-1.0343804828405367,-0.9142420845453848
1989-11-01,-0.7085837636666666,0.38185944263497995,-1.2222218706375676,-1.1561276258484616,-0.8757121321716204,-1.0745266460550178
1989-12-01,-1.8599339473333334,1.6248610858776145,1.0137501505588302,-1.3361216244146212,-2.260012184475035,-1.1342660400166231
1990-01-01,-3.011284131,0.6190274581080724,3.249722171755228,-1.4942319672870108,-2.6762062152053057,-1.2858679021880381
1990-02-01,-0.9681394106666668,-0.6784961602593234,-0.47947645557266727,-1.1455367919665078,-1.4573486619389833,-1.1341831364066781
1990-03-01,1.0750053096666665,0.6110470960713117,-1.3569923205186467,-0.8509325906405142,-0.5589207979535402,-0.7240951206117199
1990-04-01,3.11815003,1.9005903524019465,-4.220765517491765,-0.5951057361801017,0.46852787815992203,-0.4130984950108466
1990-05-01,0.7819743406666668,-0.7492185003469294,-0.27258560154541156,-0.9045296360267764,-0.5678309453250061,-0.8837992829195482
1990-06-01,-1.5542013486666661,0.37695865038765475,-1.498437000693859,-1.1790479649348395,-2.0392391054583014,-1.1907902404842232
1990-07-01,-3.890377038,1.503135801122239,0.19764010569049195,-1.6555528939105195,-3.106900310051837,2.1011827621939916
1990-08-01,-4.4974191936666665,0.1560368441766098,1.8937172120748431,-2.410454144597164,-3.0466371251058293,-0.5779088284931408
1990-09-01,-5.104461349333333,0.134975667049563,0.31207368835321936,-1.9408386936858526,-3.002972980364168,-0.7454857194272435
1990-10-01,-5.711503505,0.1189238421299732,0.2699513340991262,-1.471223242774541,-2.611840683629588,-0.5565060054750368
1990-11-01,0.0029903866666671775,-1.0005235725871566,-1.0005858378508552,-1.0016077918632296,-0.9993411054633545,-1.0005245234252325
1990-12-01,5.717484278333334,-0.0005232987456542659,-2.0010471451743133,-2.8986864173573177,0.03324642574204395,2.8733095148745877
1991-01-01,11.43197817,0.9994769750958479,-0.6191419686306867,-1.333062286203645,0.8762922444867296,5.363515373184617
1991-02-01,10.078570927666668,-0.11838784348670017,0.7627632079129398,0.23256184495002774,0.5150740319614393,3.761112787311709
1991-03-01,8.725163685333333,-0.1342856295844581,-0.23677568697340046,1.7981859761037007,0.20988941646567372,2.5799713745087454
1991-04-01,7.371756443,-0.1551153985349707,-0.2685712591689161,-1.392534525368791,-0.04277155706709934,2.4718117291971757
1991-05-01,5.569099795333333,-0.24453556782636465,-0.36171973430197335,-4.583255026841282,-0.32007489656195753,2.077840881438659
1991-06-01,3.7664431476666667,-0.3236890545896153,-0.4890711356527292,-1.9681434757806802,-0.5660961295580997,1.5184864309239208
1991-07-01,1.9637865,-0.478609812226536,-0.6473781091792306,-1.4366474227631336,-0.6690896767786725,0.06352221013844361
1991-08-01,1.647686927,-0.16096432733395405,-0.5625350330800156,-1.322793496558691,-0.4832621209829877,-0.2501883657857499
1991-09-01,1.331587354,-0.19184443829722753,-0.3219286546679081,-1.2331413003308662,2.00742624971424,-0.47748972741169704
1991-10-01,1.015487781,-0.23738553242523508,-0.38368887659445516,-0.8660119919174158,-2.433123129642733,-0.7134196770234612
1991-11-01,2.8651303786666666,1.8214326477126428,1.1516653564334365,-0.4988826835039655,-2.540447381357024,-0.36870412969557864
1991-12-01,4.714772976333333,0.6455701323188743,3.6428652954252856,-0.587580302706847,-2.5657017973815814,-0.1479605209510676
1992-01-01,6.564415574,0.39230788140834916,1.2911402646377486,-0.3486759560345968,-7.78044453275557,0.07739551702486347
1992-02-01,4.140082015,-0.36931445483161907,-0.12189154477174191,-0.5255009345028885,2.851220061679268,-0.3776368895814012
1992-03-01,1.715748456,-0.5855762156924323,-0.7386289096632381,-0.7672537787613394,-0.449754360921498,-0.7620828705229712
1992-04-01,-0.708585103,-1.4129889206789412,-1.1711524313848647,-1.127235123995042,-1.9061487905036638,-1.0920103397439578
1992-05-01,0.04586677666666661,-1.0647300888382727,-0.9732671904752298,-0.9878222570025831,-1.029511476557407,-0.9944001770455639
1992-06-01,0.8003186563333332,-0.06102036583623649,-2.1294601776765454,-0.5924614736208171,-1.2057175046315738,-0.9078012467053898
1992-07-01,1.554770536,0.9426893571657999,-0.5869975353013861,-0.056392018093616936,-1.3457028284553618,-0.7380114281248209
1992-08-01,1.564995207,0.006576321562090648,0.9554651070737734,0.1752854232948804,-1.3065936050636167,-0.5091954116493576
1992-09-01,1.575219878,0.0065333561114222505,0.013152643124181296,0.551195304830556,-1.2757977608909827,2.5576769304230433
1992-10-01,1.585444549,0.0064909484338033785,0.013066712222844501,-0.4466413951682675,-0.9124129067072053,-3.2374835979812655
1992-11-01,2.5784250196666667,0.6263104384779508,0.6368667356714672,-0.4531178844433139,-0.5490280525234279,-2.3862992410905046
1992-12-01,3.5714054903333334,0.3851112454668304,1.2526208769559015,-0.45594463816721587,-0.6875951443202124,-2.186007475537463
1993-01-01,4.564385961,0.2780363286539014,0.7702224909336608,0.10248684554139209,-0.5471197262232573,-5.714595760394607
1993-02-01,3.348501964333334,-0.2663850092993191,-0.06241339063943563,0.9516275550903563,-0.6162247397189766,2.114870163173077
1993-03-01,2.132617967666667,-0.36311282167897485,-0.5327700185986382,-4.0096850168562845,-0.7107042284757336,-0.31606306715566634
1993-04-01,0.916733971,-0.5701368060764236,-0.7262256433579497,-1.65059137555366,-0.8353892002854422,0.1723325476619153
1993-05-01,1.3673462376666665,0.49154092781696046,-0.3588414529008668,0.7085022657489644,-0.6369661816045875,-1.8797741932470329
1993-06-01,1.8179585043333333,0.3295524237047833,0.9830818556339211,0.16927769226347977,-0.07425857936525526,-1.4672962251668866
1993-07-01,2.268570771,0.24786719036357296,0.6591048474095667,0.44957042734252917,0.37682149067630477,-1.5044161269633562
1993-08-01,2.2430591966666666,-0.011245659451958656,0.23383410089947176,0.423965776456934,0.6845002244341429,-1.439431125668063
1993-09-01,2.2175476223333335,-0.011373562664438341,-0.0224913189039172,0.3986913788514552,1.183726543858171,-1.3882598724472521
1993-10-01,2.1920360480000003,-0.011504408778599151,-0.022747125328876794,-0.14985464720498953,-0.2349262482707336,-1.0277430933939837
1993-11-01,1.9026283160000002,-0.13202690360135905,-0.1420124209111554,-0.4672606285817127,-0.5964538853619057,-0.6672263143407151
1993-12-01,1.613220584,-0.15210944227322232,-0.2640538072027181,-0.6465635032216768,-0.7542476453822391,-0.8588852637740823
1994-01-01,1.323812852,-0.17939749521569448,-0.3042188845464444,-0.6046551962338289,-0.6802447760204576,-0.8686507381353041
1994-02-01,-0.5102897466666667,-1.385469702832789,-1.3163174036630485,-1.2392785554671957,-1.2974152445728133,-1.0584848336455217
1994-03-01,-2.3443923453333335,-0.301566836745649,-2.770939405665578,-3.557331155488874,2.308554378870894,-1.3180235759904275
1994-04-01,-4.178494944,0.7823360293414912,-1.4265595735300236,-4.055915779700737,-0.690019092825946,-1.750299886437912
1994-05-01,-2.1517307886666663,-0.4850464539256203,-0.08217974139446949,-2.183597306284904,-3.6885925645227857,-1.5712898626917218
1994-06-01,-0.12496663333333302,-0.9419227377367364,-0.9700929078512407,-1.0550860634064534,-1.0803762551706428,-1.0636355496553893
1994-07-01,1.9017975219999999,-0.7137986595495508,-1.8838454754734726,-0.15214118074717065,0.21520980607067108,0.15422262010821908
1994-08-01,0.9781428066666665,-0.4856745813623652,-1.4275973190991014,-0.5589078688477267,-0.37904363681051356,-0.2654309882649528
1994-09-01,0.05448809133333321,-0.9442943392703375,-0.9713491627247303,-0.9751427028843582,-0.9656322945083756,-0.9463429374997736
1994-10-01,-0.8691666240000001,-1.2950912899944582,-1.888588678540675,-1.4568241819439,-1.3370920687514753,-1.3033602346586686
1994-11-01,0.5613845016666666,-1.645888240718579,-2.5901825799889164,-0.652010080187108,-0.8428113236690269,-0.8809307458737379
1994-12-01,1.9919356273333335,-0.46385843856399234,-3.291776481437158,0.5046957916475443,-0.563591763634089,-0.6965555265539722
1995-01-01,3.4224867530000003,0.7181713635905946,-0.8943258215031715,-1.3110542167233064,0.022094891821691443,-0.17332875517926172
1995-02-01,4.986063545333334,0.4568540085546777,1.5031248384308147,-3.126804225094157,1.3380012833656605,1.9060574281136544
1995-03-01,6.549640337666667,0.3135894234233638,0.9137080171093555,-2.5674639853451184,6.14453761380974,4.223182468195795
1995-04-01,8.11321713,0.2387271226698171,0.6271788468467276,-4.770553999009982,4.933549898703748,6.540307508277936
1995-05-01,7.889087172000001,-0.027625287775331575,0.20450692943095494,-0.8700894925985643,3.339530937144807,8.857432548360077
1995-06-01,7.664957214,-0.028410125672775455,-0.05525057555066326,3.0303750138128533,2.378760456576473,3.9299604260059127
1995-07-01,7.440827256,-0.029240862243904986,-0.0568202513455508,2.8103003108839344,2.3172674475366315,3.7545367696452
1995-08-01,6.74414607,-0.09362953365678839,-0.12013258760507417,2.5902256079550154,2.041263241464785,3.281399799603088
1995-09-01,6.047464884,-0.10330161576704999,-0.18725906731357667,2.3701509050260965,1.7588345955887306,2.814365433224622
1995-10-01,5.350783698,-0.11520218791897996,-0.20660323153409998,2.150076202097178,1.8123116075814774,1.0752139997042605
1995-11-01,5.836374374333333,0.09075131863671415,-0.034905619745747796,1.930001499168259,2.6178402583123335,0.6341953861387499
1995-12-01,6.321965050666667,0.08320074162288482,0.1815026372734283,0.8471846662737592,3.775573103944051,0.38506364375934665
1996-01-01,6.8075557270000004,0.07681008554169821,0.16640148324576964,0.365316680203861,0.1539066596302967,1.0330153004271398
1996-02-01,5.785397149333334,-0.15015060010637893,-0.08487359500298897,-0.11668475655651,-3.467759784683458,1.712814595510153
1996-03-01,4.763238571666667,-0.17667906822688095,-0.30030120021275786,-0.41290384623705156,-2.1399412074211828,4.195878763465903
1996-04-01,3.7410799939999997,-0.2145931937457023,-0.353358136453762,-0.525790511318234,-2.738637571997649,1.7360151298503848
1996-05-01,2.506886860333333,-0.329902898533601,-0.47370117565701353,-0.6729418325056638,-1.5347159400217576,0.3789571403075771
1996-06-01,1.2726937266666667,-0.4923210349838283,-0.659805797067202,-0.8289580334444111,-0.3307943080458663,-0.43898874880343475
1996-07-01,0.038500593,-0.9697487367201554,-0.9846420699676568,-0.9942912575438925,-0.9606390879352239,-0.9828356768037088
1996-08-01,2.941992536666667,0.00858234634600008,1.3116264934943058,-0.5135163918933362,-4.343014520353022,0.32668742129247397
1996-09-01,5.845484480333334,0.9869134294121555,1.6427266761593082,0.09245389278550764,-7.72538995277082,1.666691766162658
1996-10-01,8.748976424,0.49670680906522513,1.9738268588243106,0.4990430467372755,-2.282544630422473,3.5983634062555385
1996-11-01,8.287051168666666,-0.0527976340256433,0.41768423071651095,0.3108347012757966,3.1603006919258734,4.136960965448893
1996-12-01,7.825125913333333,-0.05574060614949161,-0.1055952680512866,0.14947658559701016,1.2863860339193933,4.911051476431302
1997-01-01,7.363200657999999,-0.05903103163442436,-0.11148121229898333,0.2727217281614762,0.4767562809927539,0.6069462791815416
1997-02-01,6.3231987216666665,-0.14124318820557846,-0.19193648872889235,0.3274998987619815,-0.03457313750462687,-3.6971589180682183
1997-03-01,5.283196785333333,-0.1644740236883161,-0.2824863764111569,0.4122116591483216,-0.34881604908639585,-2.264377929407238
1997-04-01,4.243194849,-0.19685087998623851,-0.3289480473766322,0.692615217758888,-0.46214374914502476,-2.971991510903333
1997-05-01,6.978593312666666,0.6446553978805196,0.32090353553362205,4.483324987343511,-0.08954569245079336,0.5679017189013722
1997-06-01,9.713991776333334,0.39196989151118977,1.2893107957610392,3.8574717768090596,0.30549889711528233,4.107794948706077
1997-07-01,12.44939024,0.28159365651626844,0.7839397830223793,3.2316185662746086,0.8459550120627799,0.04298632283968562
1997-08-01,9.304426659999999,-0.25261988895610366,-0.042162390679718054,0.5917289133696275,0.5385664635469092,-4.021822303026706
1997-09-01,6.159463079999999,-0.3380072405235123,-0.5052397779122073,-0.29597900582935677,0.15113288588029916,-8.086630928893099
1997-10-01,3.0144995,-0.5105905399793386,-0.6760144810470246,-0.6362397867895615,-0.48349792068567665,4.369759035118357
1997-11-01,4.259993397666666,0.4131677240837712,-0.30838234723753444,-0.4556006580791232,-0.3261599259841781,1.1386200132228432
1997-12-01,5.505487295333333,0.29236991267377643,0.8263354481675427,-0.25229698998468697,-0.19126812675251814,0.6086219444114624
1998-01-01,6.750981192999999,0.22622773078096015,0.5847398253475524,0.06765285896638384,0.1669002176934271,0.3539701473156165
1998-02-01,7.115752022,0.054032268580191944,0.29248359687099623,0.34686484549544283,0.4938894861002485,0.08643401089944613
1998-03-01,7.480522851,0.05126244251798351,0.10806453716038389,0.7629458738532702,0.9995623892024161,-0.07798315623287166
1998-04-01,7.84529368,0.04876274510026235,0.10252488503596702,0.12419413605320839,2.129496509849206,-0.005551148193092992
1998-05-01,3.4852590213333334,-0.5557516182959089,-0.5340888476976683,-0.6412124797321079,1.7384899825519162,-0.5452996117228772
1998-06-01,-0.8747756373333333,-1.2509930056787217,-1.1115032365918178,-1.0702665448242334,-0.5204259087615957,-1.117564298597034
1998-07-01,-5.234810296,-0.8304013351411068,-2.5019860113574435,-1.5626150312414844,-2.779341800075108,-1.7762006103761627
1998-08-01,-3.0895344443333332,-0.409809664603492,2.531802112998337,-1.5015915192941351,-1.5285335124450037,-1.5108809234275058
1998-09-01,-0.9442585926666665,-0.6943686469012904,-0.819619329206984,-1.3132389282753791,-1.1079278931506087,-1.1764710827349663
1998-10-01,1.2010172590000001,-0.2424266732362172,-1.3887372938025808,-0.7180706290160366,-0.8550730248244339,-0.7942186052557351
1998-11-01,3.5476091113333332,0.20951530042885602,-4.757031324771516,-0.3556230500540024,-0.5466387185810626,-0.43884392227710445
1998-12-01,5.894200963666667,0.6614572740939293,3.907673823583801,-0.12691195617930562,-0.1995055903762839,-0.13416779824670444
1999-01-01,8.240792816,0.39811873853611623,1.3229145481878586,0.15810567744936543,0.3032632973818503,0.4244126381106972
1999-02-01,7.452837251000001,-0.09561647557382291,0.2644355523235735,-0.0037010247213264957,0.41066811512488055,0.5646575620486374
1999-03-01,6.664881686,-0.10572558321923309,-0.19123295114764605,-0.15046116081150962,0.5707225152695317,0.7815394743467763
1999-04-01,5.876926121,-0.11822498914799184,-0.21145116643846595,0.6862236307336784,-0.15786379035257114,1.3443124673837747
1999-05-01,3.6508130333333333,-0.3787886799720188,-0.45223138154093656,-5.173427879704645,-0.6241696392797053,1.8685715634783855
1999-06-01,1.4246999456666662,-0.6097581736838875,-0.7575773599440376,-1.2721588491478482,-0.8855606645625829,0.29808333866501413
1999-07-01,-0.801413142,-1.5625136327389915,-1.219516347367775,-0.7406039141366716,-1.0861324583754632,-1.2724048861483572
1999-08-01,-0.6459233816666667,-0.19401947907329586,-1.453375030743345,-0.3159465143520439,-1.104866832267248,-1.1104995460752354
1999-09-01,-0.49043362133333335,-0.24072477440300333,-0.38803895814659184,-1.4083485209377273,-1.1626915583609596,-1.056056114174452
1999-10-01,-0.334943861,-0.3170454747996396,-0.48144954880600666,-1.0944139702229243,-1.0786254413406977,-1.0404177377673764
1999-11-01,-0.38794472533333335,0.15823805271455127,-0.2089760806393437,-1.0658180350016435,-1.0704651022739022,-1.0495768029332677
1999-12-01,-0.44094558966666664,0.13661962870559297,0.3164761054291023,-1.0535076660112779,-1.0653157781159095,-1.0598850432233686
2000-01-01,-0.493946454,0.12019819582139246,0.2732392574111864,-1.0662762968470463,-1.069415917315956,-1.0781165476118084
2000-02-01,0.9854079506666664,0.8107295366370258,-3.234760872450469,-0.8521492207826319,-0.8682701770592229,-0.8134826335823313
2000-03-01,2.464762355333333,1.5012608774526592,-0.11611955877257474,-0.5806034813801715,-0.6858291791400047,-0.4191258136745224
2000-04-01,3.94411676,0.6002016386957518,3.0025217549053194,0.08033928990301353,0.13165671069438178,-0.4348263921840617
2000-05-01,3.5105878996666666,-0.1099178565731237,0.4243109044855147,1.464089305502108,-5.013129481255725,-0.6386050163003348
2000-06-01,3.0770590393333332,-0.12349181183427915,-0.2198357131462474,-4.839541527425231,-1.5878071726275471,-0.7528345581579798
2000-07-01,2.643530179,-0.14089065396264233,-0.24698362366855842,-5.0926373839865295,-1.8556403000615929,-0.715884677734673
2000-08-01,0.9334628713333333,-0.6468877568530557,-0.6966379717122442,-2.903341921778413,-1.9885669863984556,-0.8484506101896574
2000-09-01,-0.7766044363333333,-1.8319607133640488,-1.2937755137061113,1.318610748722853,-1.6466222117240474,-1.2576230104975414
2000-10-01,-2.486671744,-0.9603125992063248,-3.663921426728098,5.409860945688537,-1.700942991733779,-1.5837266661873302
2000-11-01,-2.2661922743333336,-0.08866448504860103,1.918077940724821,4.139392087006618,-1.3844782843854002,-1.4116242855113383
2000-12-01,-2.0457128046666666,-0.09729071631025987,-0.17732897009720217,3.1415679535714753,-1.2482422323122588,-1.3030245154271558
2001-01-01,-1.825233335,-0.1077763550991665,-0.19458143262051952,-2.8522616280548165,-1.2449044938899068,-1.25650603468992
2001-02-01,-1.5640166493333334,-0.1431141326742571,-0.2354661681906136,-1.6345506884057457,-1.2346653283611393,-1.2090785203769887
2001-03-01,-1.3027999636666667,-0.16701656326869097,-0.2862282653485141,-1.3303147556074548,-1.2216805072657586,-1.166061337765837
2001-04-01,-1.041583278,-0.2005040627507274,-0.3340331265373818,-1.296697677929927,-1.2853017310089403,-1.2988539077366847
2001-05-01,-2.6863619376666668,1.579113926276634,1.061991105761189,-1.8730290525230502,-2.8855633046364897,2.070915355914317
2001-06-01,-4.3311405973333335,0.6122699389849517,3.158227852553268,-2.6383927188498095,4.404379302446395,-0.17262701942746128
2001-07-01,-5.975919257,0.3797564689263033,1.2245398779699035,1.4157166739008913,8.251746300900924,0.9342458757696412
2001-08-01,-5.024495625666667,-0.15920958607646285,0.16008601262222455,5.469826066651592,7.850041466829535,4.3211013007327415
2001-09-01,-4.073071994333334,-0.1893570424209684,-0.3184191721529257,0.6379612645541579,7.448336632758147,-4.391351759361631
2001-10-01,-3.1216483630000003,-0.23358870961696787,-0.3787140848419368,0.37748610228508706,7.046631798686757,-1.8799301910200472
2001-11-01,-1.348136699,-0.5681330687405166,-0.669012307939659,-0.34099415327281546,2.0573765348670925,-1.228722554135879
2001-12-01,0.42537496500000005,-1.315528065748472,-1.1362661374810332,-1.2330523757391272,-1.8611762703331403,-0.9483817911094539
2002-01-01,2.198886629,-1.0167499937340367,-2.631056131496944,-2.4059227757820105,1.23144802871985,-0.7049597951833767
2002-02-01,0.6201477703333331,-0.7179719217196017,0.45788497527900596,-1.4760115041667314,-0.7483944977529224,-0.9069529213645319
2002-03-01,-0.9585910883333337,0.4644823969629075,-1.4359438434392033,-0.07967888062299167,-1.2430432836205725,-1.1631109645751718
2002-04-01,-2.537329947,1.6469367156454169,0.13547563486948233,-0.05547725664848935,-1.722764966870911,-1.6950040782240003
2002-05-01,-6.696412841333333,1.639157295743427,1.706895113178168,0.5461083958937487,-3.1762380102996524,-5.700226782278602
2002-06-01,-10.855495735666667,0.6210911711807201,3.278314591486854,0.8165398943352333,-5.106439117624564,-3.7613927301728234
2002-07-01,-15.01457863,0.38313154881248845,1.2421823423614402,1.988275788976892,-2.893600693098414,-1.8225586780670455
2002-08-01,-10.655510430333333,-0.2903223798073824,-0.01842249402542384,1.6160869351579903,-0.6807622685722636,0.11627537403873234
2002-09-01,-6.296442230666667,-0.40909051032014265,-0.5806447596147647,1.0170248210197488,1.5320761559538862,2.0551094261445106
2002-10-01,-1.9373740309999998,-0.6923065502667416,-0.8181810206402854,0.4370753592251253,-0.14509723956678178,3.993943478250289
2002-11-01,-2.4672308486666665,0.27349226798150816,-0.6081547708561386,-0.9629635007589636,0.20604947235918725,4.595318121974579
2002-12-01,-2.997087666333333,0.21475769806988687,0.5469845359630163,-2.3630023607430526,0.6420298757765854,5.067636769254615
2003-01-01,-3.526944484,0.17679056359232193,0.42951539613977374,-2.0299163947051913,1.2550555874858302,-4.579171937484253
2003-02-01,0.6679754389999997,-1.1893921047043052,-1.2228748416349153,-1.6968304286673304,-1.51272294874803,-0.7289899216633957
2003-03-01,4.862895362,-0.16337688848732257,-2.3787842094086105,-2.9165404041163905,-5.6687532957878375,0.232949138655824
2003-04-01,9.057815285,0.8626383277296603,-0.8390945800763563,-2.35263692660808,-4.371777703516557,1.5801420001077449
2003-05-01,8.269815777666667,-0.08699664130248752,0.7005950492558979,-1.7618091314333508,-2.909385205079318,1.68757136992028
2003-06-01,7.481816270333333,-0.09528622263405107,-0.17399328260497504,-1.4983034459178382,-2.2519942034975413,1.8302367530237804
2003-07-01,6.693816762999999,-0.10532195376915165,-0.19057244526810202,-1.6282023565895565,-2.3322365589903047,6.170951270336796
2003-08-01,6.915779022666666,0.03315929723286737,-0.07565505850646181,-2.0983629753614723,-2.697927027140265,-9.905150034062236
2003-09-01,7.137741282333333,0.03209504799664331,0.06631859446573474,-4.684235035734993,-3.286529567819017,-3.870399480573071
2003-10-01,7.359703542,0.031096988653265933,0.06419009599328707,-3.982981323363928,-6.4591671211526,-4.247607727444517
2003-11-01,7.967313923,0.08255908373652798,0.11622341127997271,-3.65835197698681,-1.7797503606946705,-4.8946395138286345
2003-12-01,8.574924304,0.07626288945964,0.16511816747305597,-3.4312614907606807,2.8996663997632592,-5.697987999435699
2004-01-01,9.182534685,0.07085897897857407,0.1525257789192802,-1.633426577237271,-2.003665933854839,-6.8711233597890935
2004-02-01,5.662395898,-0.38335153721229864,-0.33965645675045486,0.1644083362861386,-6.906998267472937,-5.3463279520391325
2004-03-01,2.142257111,-0.6216694929867653,-0.7667030744245972,-0.7634907487517836,-1.844295836863033,-3.0567314743315226
2004-04-01,-1.3778816759999999,-1.6431915519966733,-1.2433389859735307,-1.1666157642496808,-0.7942358530383489,-0.4870826389102255
2004-05-01,-1.2220406226666665,-0.11310191292023064,-1.5704453570917176,-1.1633347543580113,-0.8874265485037641,-0.7178478520371581
2004-06-01,-1.0661995693333333,-0.12752526425289024,-0.22620382584046106,-1.1592812601663582,-0.9289890448738265,-0.8215840068313471
2004-07-01,-0.910358516,-0.1461649936988595,-0.2550505285057806,-1.1316349919533684,-0.9145645324124072,-0.8188159401812176
2004-08-01,1.6899342276666665,0.6962648248084536,-2.5850074191301147,-0.7632396355063424,-1.2683950977007115,-1.414904089595713
2004-09-01,4.290226971333333,1.5386946433157669,0.2461909337507091,-0.41706524633090536,-3.214454670438046,-2.3743466503736164
2004-10-01,6.890519715,0.6060967778724624,3.077389286631533,-0.13515147242931103,-3.7928151590370045,-6.111143194982484
2004-11-01,6.022196446333333,-0.12601709371448577,0.40370112970077465,-0.2976968387319616,-3.009349447459089,-2.3836436977771664
2004-12-01,5.153873177666666,-0.14418713776687786,-0.25203418742897155,-0.43873087829597823,-2.4612855975043653,1.3438557994281508
2005-01-01,4.285549908999999,-0.16847975080748623,-0.28837427553375583,-0.24315607982944332,5.415729769070149,5.910530222009007
2005-02-01,2.6167215023333332,-0.389408230472825,-0.49228057964786553,0.22147873329352818,-0.461900512443448,-3.7297578020289426
2005-03-01,0.9478930956666667,-0.6377554528361427,-0.7788164609456502,-1.6879350470922923,-0.8953508030533142,-1.3735789650799668
2005-04-01,-0.720935311,-1.7605660535937926,-1.2755109056722853,-0.41005618174392877,-1.0871767074844576,-0.8923400739945339
2005-05-01,1.126188108,-0.060205365756632157,0.1880961188011776,-2.0562638931698087,-0.8494766421269222,-1.1037435908430981
2005-06-01,2.9733115270000003,1.640155322080528,1.7342033814811169,-4.266088551644856,-0.5558122320534753,-1.1980283030426941
2005-07-01,4.820434946000001,0.6212344055530916,3.280310644161056,1.8524393831916721,-0.30298019497140016,-1.4523889284813176
2005-08-01,3.671687148666667,-0.23830791416168062,0.23488141599858214,-0.1441741490134808,-0.4855953720605589,-1.5831367960121678
2005-09-01,2.5229393513333336,-0.31286647005055657,-0.47661582832336113,-0.6338535472380789,-0.6571955192304221,-2.3022469130708263
2005-10-01,1.374191554,-0.45532120965422274,-0.6257329401011134,-0.7718122339172964,-0.8275213494433813,-1.5569772908532804
2005-11-01,3.0582874843333334,1.2255175964597242,0.21219223233292417,-0.4066040473044926,-0.6433452499508696,-2.0204197623871556
2005-12-01,4.742383414666667,0.5506663251772239,2.4510351929194485,0.10659857319763799,-0.4835430981367792,-2.344615271428431
2006-01-01,6.426479345,0.3551159370887149,1.1013326503544478,1.455927900339987,0.13493995488197497,8.620831799775205
2006-02-01,4.9188548139999995,-0.2345957171982478,0.03721154194061227,4.1892505984976065,1.2961085243889752,0.011507434940361216
2006-03-01,3.4112302829999996,-0.30649909135537257,-0.46919143439649535,-5.731673190300981,-3.4757062543300705,-0.6233937019394629
2006-04-01,1.9036057519999998,-0.4419591777527615,-0.6129981827107451,0.690308873337881,-2.5577270646257744,-0.7698127983526735
2006-05-01,1.4202230003333332,-0.2539300751528023,-0.5836625256843344,-0.5223430214302824,-2.3320423691611145,-0.8101767072302005
2006-06-01,0.9368402486666666,-0.3403569379972119,-0.5078601503056045,-0.8056523406784989,-2.0290893446935874,-0.8600439357938447
2006-07-01,0.45345749700000004,-0.5159713754342092,-0.6807138759944238,-0.8764988740490409,-0.7316715114847399,-0.9344314652747319
2006-08-01,2.7340569356666666,0.15908672378162847,1.918381164299721,0.08367921496874686,-0.36272440737163014,-0.6169576862594126
2006-09-01,5.014656374333333,0.8341448229974662,1.7933354051473267,2.6491683853947867,-0.2722382952599487,-0.318633373516211
2006-10-01,7.295255813,0.45478678266760775,1.6682896459949323,1.385405508923328,0.21139452656709334,-0.08435190535920845
2006-11-01,6.121848562,-0.1608452508147845,0.22079123772740306,0.29088013910201593,0.1878151345531498,-0.28607549816570366
2006-12-01,4.948441311,-0.1916753149177296,-0.32169050162956914,-0.22999187496805062,0.1546805931737898,-0.4611029001520184
2007-01-01,3.77503406,-0.23712663791558097,-0.3833506298354592,-0.23253801896011805,0.44265794301525707,-0.3333150616802739
2007-02-01,4.531126217,0.2002875060152438,-0.08433263481822872,0.3282967847644427,3.7802080611349895,1.1151178323711486
2007-03-01,5.287218374,0.16686627579767555,0.4005750120304876,1.7774755189960154,-8.333831889391252,-4.837207843092036
2007-04-01,6.043310531,0.14300376937674786,0.3337325515953511,3.2551842418983545,4.366164398354667,-5.945261572248422
2007-05-01,3.942853210333334,-0.34756733248971394,-0.2542670017712164,3.208671879698696,0.32608143295081415,-4.698044272141938
2007-06-01,1.8423958896666672,-0.5327252141068399,-0.6951346649794278,3.062995764444638,-0.6177946782176806,-3.02381353860666
2007-07-01,-0.258061431,-1.1400683927093918,-1.06545042821368,-1.094387731152744,-1.0702841556350224,-1.1527050146539204
2007-08-01,0.397820701,0.25430969820799576,-0.7840742572043107,-0.920668402517832,-0.8423185635478087,-0.9072728077889166
2007-09-01,1.053702833,1.648687789125383,1.2566506605232273,-0.8555632783812293,-0.23321983028284576,-0.8470793384849926
2007-10-01,1.709584965,0.6224545587797616,3.297375578250765,-0.7207404025620848,-0.4409992606131117,-0.7161193627217366
2007-11-01,-1.9023894090000004,1.260552994964236,-2.8054325654451384,-1.3844421484339193,-1.4011462681647633,-1.3691183976438621
2007-12-01,-5.514363783,1.8986514311487102,-4.225557018746946,-2.4607454384133423,-1.8580691677302825,-2.2867342348339923
2008-01-01,-9.126338157000001,0.6550119861760308,3.797302862297421,-3.0141434424756395,-2.8553786403747274,-4.487699454780357
2008-02-01,-5.331489809333334,-0.41581281368102463,-0.03316320447164567,-2.0083732942734196,-2.562922865660235,-6.624568670988812
2008-03-01,-1.536641461666667,-0.7117800996305734,-0.8316256273620493,-1.2542714715360481,-1.8072267380218903,1.131455399979246
2008-04-01,2.258206886,-1.296635729866617,-1.4235601992611466,-0.42726579825955824,0.5900368360954498,1.005177349999153
2008-05-01,-1.9905898593333333,-1.8814913601026604,0.2954159502987159,-2.0804354647651095,-3.1247911393285976,-1.669485804382493
2008-06-01,-6.239386604666667,-0.6002637533379331,-3.7629827202053208,-1.175810162113355,-3.980457921105891,-2.294361748382086
2008-07-01,-10.48818335,0.6809638534267939,4.268882136028055,-0.2711848594616004,-4.836124702883184,-3.8565024538674733
2008-08-01,-17.13717181,0.6339504409979639,1.7466116296083465,0.6334404431901541,-4.4174169735166116,-7.792542119945641
2008-09-01,-23.786160270000003,0.38798633366797075,1.2679008819959279,1.5380657458419087,-4.260497079158423,-7.2133568922834765
2008-10-01,-30.43514873,0.27953181112573056,0.7759726673359411,2.4426910484936633,-5.971561844721111,-6.634171664621311
2008-11-01,-23.972683840000002,-0.2123355777667001,0.00784168473947644,3.347316351145418,-5.8444918982287595,-6.054986436959147
2008-12-01,-17.510218950000002,-0.2695761948529497,-0.4246711555334003,0.9186467396640867,-5.638426745744383,-3.7246985495446268
2009-01-01,-11.04775406,-0.3690681943186096,-0.5391523897058995,1.0721701541396076,-3.438191639542228,-3.246001249834816
2009-02-01,-3.303242523333334,-0.7010032532048116,-0.8113534426516503,1.1496507843479518,-1.6247599947029034,-1.968343456551489
2009-03-01,4.441269013333333,0.5213788554643777,-1.4020065064096234,0.9667237049304316,-0.2650933638853693,1.3330823668016176
2009-04-01,12.18578055,1.7437609641335667,-4.689035989311257,-1.0222387379262388,2.0905995988041868,7.580188144495576
2009-05-01,12.548661706666667,0.02977906545893494,1.825467601488171,-3.0112011807829093,5.8110560694623645,6.338529183054366
2009-06-01,12.911542863333333,0.028917916918094866,0.05955813091786988,-2.2310561736445362,5.669275534716486,5.096870221613155
2009-07-01,13.27442402,0.02810517383613309,0.057835833836189954,-1.7745982923654893,5.5274949999706084,3.855211260171944
2009-08-01,11.974479795,-0.09792848435769641,-0.07257560759794535,-1.503422143762424,5.38571446522473,1.3878963783619036
2009-09-01,10.67453557,-0.10855955726300515,-0.19585696871539293,-1.3507305209741947,5.2439339304788515,0.4632160740653113
2009-10-01,9.374591345,-0.12177993285753785,-0.21711911452601018,-1.3910530588718597,-5.92779832596303,0.531333428139773
2009-11-01,6.749233392333334,-0.28005038897689316,-0.36772580426809764,-1.3854454025735259,-2.223936914198563,0.36391097077989265
2009-12-01,4.123875439666667,-0.38898609665045725,-0.5601007779537865,-1.3732772667883473,-1.451865290188005,0.09240747874647437
2010-01-01,1.498517487,-0.6366239696315548,-0.7779721933009143,-1.4536504590307318,-1.281069183397235,-0.6692836581382743
2010-02-01,0.7039184693333334,-0.5302567534646772,-0.8293065637816085,-0.8415051042348328,-1.4580889471574272,-0.8668641203104328
2010-03-01,-0.09068054833333328,-1.1288225160780552,-1.0605135069293543,-1.0074415051183023,-1.0401559967315295,-1.0150051114977752
2010-04-01,-0.8852795659999999,-0.2843462832496588,-2.25764503215611,-1.070547727454449,-0.5552677203447183,-1.2245276500986344
2010-05-01,-1.3811511646666665,0.5601299495787375,-0.5686925664993174,-1.1069702652336701,-0.778639912514212,-1.7496495038949251
2010-06-01,-1.8770227633333332,0.35902775261123754,1.120259899157475,-1.1414014469106384,-0.8210345204030655,6.273550162299663
2010-07-01,-2.372894362,0.2641798535176352,0.7180555052224753,-1.1981626260700537,-0.8615352411524898,-6.964733248006619
2010-08-01,1.7184037800000005,-1.724180480816533,-1.9154943741589754,-0.8390184033083885,-1.0722438493852795,0.6308239156077133
2010-09-01,5.809701922,-0.5099811135607084,-3.448360961633066,-0.3802714477683721,-1.1908879096842844,2.3983113100202074
2010-10-01,9.901000064,0.704218253695116,4.761742484062737,0.4669814315870091,-1.4130117482915923,-6.204507561469502
2010-11-01,9.232623228333333,-0.06750599245998212,0.5891733091110096,1.238822040919744,-1.5272705758104372,-2.6742862081018663
2010-12-01,8.564246392666666,-0.07239295042556626,-0.13501198491996436,4.715146114051765,-1.775202484247433,-1.938409934558232
2011-01-01,7.895869557,-0.07804269109293482,-0.14478590085113252,1.5629674110384042,-3.3903390384524967,-2.48098746117407
2011-02-01,5.604022834,-0.2902589393676327,-0.3456490417185365,-1.5892112919749568,0.261806663180256,-4.646929341553614
2011-03-01,3.3121761109999994,-0.4089645582982292,-0.5805178787352655,-4.741389994988317,-0.7281933563952127,0.46672837264565814
2011-04-01,1.020329388,-0.6919459129569212,-0.8179291165964582,-1.7387528708678683,-0.9186901829174393,-1.5125764020227237
2011-05-01,-2.322164630666667,0.37372063770634845,-1.7010993838626436,0.23715315340279797,-1.1798518314384592,-0.6278216469340376
2011-06-01,-5.664658649333333,1.439387188369618,0.5888374964382965,1.3872359174720539,-1.4267347977432872,-0.45990087508020794
2011-07-01,-9.007152668,0.5900609772947292,2.8787743767392366,-6.2415810374905005,-1.7521957381197453,-0.47440845153083644
2011-08-01,-7.106007093333333,-0.21107065070862263,0.25444577215074204,-2.2231276558999564,-1.6656970738197028,-0.7012545525350851
2011-09-01,-5.204861518666666,-0.2675406243895072,-0.4221413014172454,-1.5256904842967858,-1.5552094301628105,-0.8289851787865186
2011-10-01,-3.303715944,-0.3652634307076982,-0.5350812487790142,-1.3578306904002606,-1.4894949917945932,-0.8621883154155843
2011-11-01,0.7840873163333337,-1.2373349675408214,-1.1506451830699607,-0.9084464317835687,-0.8098663919886213,-1.0447788413481451
2011-12-01,4.871890576666667,-0.19913802225998856,-2.4746699350816423,-0.38298238826051234,2.251140289607222,-1.440984706050441
2012-01-01,8.959693837,0.8390589230208441,-1.2178235703044797,0.5987968112194169,0.7290279138445348,-3.712393587122597
2012-02-01,5.062005361333332,-0.4350247393020007,0.03902279447268309,0.5283019959361495,-0.7930844619181525,0.13976553686265314
2012-03-01,1.1643168856666657,-0.7699890058275275,-0.8700494786040014,0.14111864203862945,-2.315196837680839,-0.9044528267278976
2012-04-01,-2.73337159,-0.7465366614267477,-1.5399780116550548,0.17707915877406166,0.9790531695056599,-1.2178217609092015
2012-05-01,-0.7569134606666665,-0.7230843170259678,-1.6500923159190226,-0.8663796871933763,-0.596747852262328,-1.0586230064585214
2012-06-01,1.2195446686666669,0.44878409689765353,-1.4461686340519355,-1.1353973573690366,-1.513948150493632,-0.9081282421874401
2012-07-01,3.1960027980000003,1.6206525108212748,0.06791908649949518,-1.4497607103430006,0.8598671832530533,-0.7330988190957151
2012-08-01,3.148872636,-0.0147465959759151,1.582006807050926,-1.604986823320258,-0.457997556797889,-0.7050108067605605
2012-09-01,3.101742474,-0.014967312891978168,-0.0294931919518302,-1.9388647591307566,-0.6867243254266886,-0.6691330469936341
2012-10-01,3.0546123119999997,-0.015194737279146553,-0.029934625783956448,2.895755292005531,-0.6691501173116303,-0.5474134417295704
2012-11-01,4.594400997333333,0.5040864528975726,0.4812322544006704,-0.0569572684292905,-0.46353703680601777,0.11409790730844649
2012-12-01,6.1341896826666655,0.3351446001833649,1.0081729057951452,-0.31535722154535206,-0.22311410562393796,3.0935055719284144
2013-01-01,7.673978367999999,0.2510174554406597,0.67028920036673,0.5159957013515832,0.3693695752703636,9.901799998610445
2013-02-01,6.425992485666667,-0.16262567113003001,0.04756990215423995,4.519109586723262,0.9401119597250389,1.5263963723157499
2013-03-01,5.178006603333333,-0.19420904788124116,-0.32525134226006014,-2.8943661455606673,4.074838247561417,-6.849007253978947
2013-04-01,3.9300207210000004,-0.24101666489377283,-0.3884180957624822,-6.192166509416488,-2.692395392255947,-3.845467477811156
2013-05-01,3.618665181666667,-0.07922491035978774,-0.3011470515821364,1.9672264367511594,-1.6388143409298888,-2.9278749583411647
2013-06-01,3.3073096423333337,-0.08604154396785912,-0.15844982071957547,0.03482689201742484,-1.3671870306010598,-2.39378713831397
2013-07-01,2.9959541030000003,-0.09414163565092426,-0.17208308793571825,-0.04856294638650471,-1.421608656401529,0.7434517648698371
2013-08-01,3.7851597993333335,0.2634238273353593,0.14448304170965764,0.22033335490035055,-1.7272354481974732,-0.34847607499451794
2013-09-01,4.574365495666667,0.20849996781439284,0.5268476546707186,0.49752735484511046,-2.38461222853446,-0.5379895499345522
2013-10-01,5.363571192,0.17252790514464889,0.41699993562878546,0.1674146847680702,5.840527936457298,-0.41906313521598904
2013-11-01,4.4004990033333335,-0.17955801353082268,-0.03800887631258121,-0.28262749752134486,-0.0967574221783647,-0.48617790736364586
2013-12-01,3.437426814666667,-0.2188552225411594,-0.35911602706164536,-0.5520671743094145,-0.6163455049689923,-0.5646550655564906
2014-01-01,2.474354626,-0.2801724198337755,-0.4377104450823188,-0.6149459197907392,-0.5111908326094197,-0.558468139889096
2014-02-01,2.9686921296666666,0.1997844199340999,-0.13636208427769958,-0.4266727802634366,1.5497286573893927,-0.10370341727681542
2014-03-01,3.463029633333333,0.16651693138761825,0.3995688398681998,-0.1188266222545108,-2.2669443283901742,2.394031059049858
2014-04-01,3.957367137,0.1427471191434313,0.3330338627752365,0.09359858907348118,-6.22829536353399,-2.7041716529219055
2014-05-01,3.3572234866666664,-0.15165225503648627,-0.030553058411118217,0.015091977991549044,1.752849955333848,-1.592661216587477
2014-06-01,2.7570798363333333,-0.1787619003372356,-0.30330451007297243,-0.07973228509324293,-0.13733497415626073,-1.3060989346975875
2014-07-01,2.156936186,-0.21767365689760743,-0.3575238006744712,-0.4301598082120883,-0.3150132014421686,-1.3035370156080452
2014-08-01,0.8854855496666665,-0.5894706781711592,-0.6788320969173377,-0.8064243990766602,-0.714519965119881,-1.1701266299767956
2014-09-01,-0.38596508666666685,-1.4358795994039204,-1.1789413563423183,-1.0719604667953975,-1.1263548520217799,-0.8831724357635431
2014-10-01,-1.6574157230000002,-0.9979127483878504,-2.871759198807841,-1.3766426766020228,-1.3607468577431514,-3.1138152454125327
2014-11-01,-0.7293525886666669,-0.5599458973717804,0.8896853986603241,-1.2121798158886457,-1.118899581916678,-1.1497062746359314
2014-12-01,0.19871054566666646,-1.2724478513607942,-1.1198917947435607,-0.9196919699469681,-0.9741059283545447,-0.977821725911429
2015-01-01,1.12677368,-0.4969634451137347,-2.544895702721589,-0.6204477827997215,-0.8246537507609453,-0.7774056723434193
2015-02-01,1.4406037683333335,0.2785209611333248,-0.9939268902274696,-0.5840047816897591,-0.7217840998105435,0.23729526391646472
2015-03-01,1.7544338566666666,0.21784622200205006,0.5570419222666494,-0.5566663905748539,-0.5535815250815654,-1.6418570614713481
2015-04-01,2.068263945,0.1788782672773963,0.4356924440041001,-0.3839361742778863,-0.4284456170528026,-3.7324972437117654
2015-05-01,-0.5329174466666666,-1.2576641380588718,-1.3037546526143666,-1.1932905386502695,-1.161133218325058,-1.4369806702113728
2015-06-01,-3.1340988383333332,-0.21385131605325713,-2.515328276117743,-2.4530327131028686,-2.046110431129436,-1.9806308180626733
2015-07-01,-5.73528023,0.8299615059523573,-1.081675146979919,-1.4177936941158162,-2.51520161209842,-2.821375740774801
2015-08-01,-4.237232623333333,-0.2611986767151684,0.35197798215790477,-0.38255467512876384,-1.9262995332024293,-2.366081374856697
2015-09-01,-2.7391850166666667,-0.35354386691382234,-0.5223973534303368,0.6526843438582888,-1.5107017169367083,-1.8967373718444787
2015-10-01,-1.24113741,-0.5468953712698279,-0.7070877338276448,0.7016974084769201,-1.2820446974445059,-1.2701412895218283
2015-11-01,-2.9281323906666668,1.3592330446849283,0.06897941279991793,-2.1970902267336108,-1.8518384677087627,-1.4773462416626386
2015-12-01,-4.615127371333333,0.576133437833587,2.718466089369857,-5.095877861944142,-2.8651842879911156,-1.6013995805067838
2016-01-01,-6.3021223520000005,0.36553595273347494,1.1522668756671743,-5.374639641052075,-3.122861541963808,-1.9807235794403804
2016-02-01,-1.8018493243333342,-0.7140884889736374,-0.6095775523931486,-2.0270260788039938,-1.5203101085216435,-1.3479812720156434
2016-03-01,2.698423703333332,0.47682647457548644,-1.4281769779472748,0.3046805316394625,-0.31812651949726545,-0.3133818127435436
2016-04-01,7.198696731,1.6677414381246103,-0.1110688078329023,-1.297347222152456,1.144241144383114,0.9893237891891562
2016-05-01,5.952828905666667,-0.1730685250245657,1.2060393622814702,-2.8993749759443745,1.159106467364177,0.799900689512367
2016-06-01,4.7069610803333335,-0.20929004429261466,-0.34613705004913153,-1.8207028935939777,1.1822440139327024,0.5711058709544365
2016-07-01,3.461093255,-0.2646862389703687,-0.4185800885852293,-1.816828709365793,2.908695355110989,-0.0856150232786499
2016-08-01,2.470300516,-0.286265831632439,-0.4751814442822926,-1.9018377732680962,-7.40032117240034,-0.4599687064052631
2016-09-01,1.479507777,-0.4010818653773863,-0.5725316632648778,-2.192057998638523,-1.8926594314684198,-0.724156215320354
2016-10-01,0.488715038,-0.6696772767285022,-0.8021637307547727,-1.166903327034585,-1.6700669135807449,-0.8889409956394029
2016-11-01,2.2026303263333333,0.05422240103096321,0.4887588700612375,-1.4772631715464404,0.4029134282782716,-0.359221171797682
2016-12-01,3.9165456146666666,0.7781220787904286,1.0225015138210471,-1.6214645473240832,2.4758937701372883,0.5828554134934525
2017-01-01,5.6304609029999995,0.43760891789822876,1.5562441575808568,-4.124823383932623,2.908403564370795,0.8966132751637685
2017-02-01,4.357403540666667,-0.22610180307886119,0.11256294943918865,0.6147959029873684,1.4836522186966383,0.25826342885563336
2017-03-01,3.0843461783333335,-0.2921596199324151,-0.4522036061577225,-0.571541031163168,0.49127300013603126,-0.2206065114616801
2017-04-01,1.811288816,-0.4127478852005019,-0.5843192398648303,-0.6957263773739939,-4.398816884921651,-0.46048011900500563
2017-05-01,2.171000207,0.1985941655590724,-0.2961230414890951,-0.5387681839837402,-1.6927031721036934,-0.21257260004221212
2017-06-01,2.530711598,0.1656892476749543,0.39718833111814456,-0.26881149638367663,-1.4412533470923354,0.17328997233486088
2017-07-01,2.8904229889999997,0.14213843698518502,0.3313784953499084,0.17006937831202706,-1.6821487621621705,2.2642237810521864
2017-08-01,3.4818231083333333,0.20460677263639537,0.3758276964807008,1.3533658710422132,-2.271116440528135,-0.5966755437737157
2017-09-01,4.0732232276666664,0.1698535798438141,0.40921354527279075,1.2355586104885643,-4.281847114467903,-3.457574868599618
2017-10-01,4.664623347,0.14519217000343865,0.33970715968762843,1.1177513499349154,-2.5930370368048745,-7.395566999395205
2017-11-01,4.173400798,-0.10530808437425587,0.02459417633997929,0.06558207374668723,-1.9042872411112426,-2.5638359224875993
2017-12-01,3.682178249,-0.11770318087718934,-0.21061616874851175,-0.34602542981195794,-1.5842759063272467,2.267895154420007
2018-01-01,3.1909557,-0.13340542357866725,-0.23540636175437857,-0.26769332465549067,-2.770933705114672,1.2150127398956392
2018-02-01,1.4354878126666666,-0.5501385955728979,-0.6101525467821896,-0.5345892679782296,-0.468027274258885,-0.18179428240514062
2018-03-01,-0.3199800746666668,-1.222906855664799,-1.1002771911457958,-1.1766587812170684,-1.0444497228628518,-1.1547094970350444
2018-04-01,-2.0754479619999997,-0.9768385030312479,-2.445813711329598,-1.9559869940629626,-1.3486490196323837,2.894501812582179
2018-05-01,-0.5587725426666668,-0.7307701503976967,0.7462729304278011,-1.2207966103716679,-1.1187119530266216,-0.8217118950326998
2018-06-01,0.9579028766666662,0.4262794329040491,-1.4615403007953933,-0.6685942229520974,-0.7232369063495037,-1.167019367537803
2018-07-01,2.474578296,1.583329016205795,-1.393715497783176,-0.289286612499817,0.0017316840490835261,-1.5840081288842023
2018-08-01,-0.3121716339999998,-1.1261514475030374,-1.3258906947709588,-1.0766399523305346,-1.21099695375241,-0.8860348490150973
2018-09-01,-3.0989215639999994,-0.1134435093751498,-2.252302895006075,-1.6643455073372722,-7.3409580697207835,1.4968400267622255
2018-10-01,-5.8856714939999994,0.8992644287527378,-0.6765192331266685,-2.4102818729561184,-3.6721104416090276,1.0100428220938364
2018-11-01,-5.8856714939999994,0.0,0.8992644287527378,-2.5984211235831456,-2.5027710827519427,0.27529990408468397
2018-12-01,-5.8856714939999994,0.0,0.0,-2.8444854919170455,-2.0453267672747746,-0.06608104932584158
