,LRUN_UEMP,UEMP_M_PCT_CHG,UEMP_Q_PCT_CHG,UEMP_A_PCT_CHG,UEMP_2A_PCT_CHG,UEMP_3A_PCT_CHG
1962-01-01,6.536095784,-0.05101654499662189,-0.10203308999324368,-0.06094042195266569,-0.10252431285361341,-0.2070309208104265
1962-02-01,6.202646759333333,-0.05101654499662189,-0.10203308999324368,-0.06094042195266569,-0.10252431285361341,-0.2070309208104265
1962-03-01,5.869197734666667,-0.0537591511502592,-0.10203308999324368,-0.06094042195266569,-0.10252431285361341,-0.2070309208104265
1962-04-01,5.53574871,-0.05681339081440995,-0.10751830230051851,-0.06094042195266569,-0.10252431285361341,-0.2070309208104265
1962-05-01,5.437347585333334,-0.017775576497703116,-0.07357907653759754,-0.06094042195266569,-0.10252431285361341,-0.2070309208104265
1962-06-01,5.338946460666667,-0.01809726583087934,-0.03555115299540634,-0.06094042195266569,-0.10252431285361341,-0.2070309208104265
1962-07-01,5.240545336,-0.018430813156043335,-0.036194531661758456,-0.06094042195266569,-0.10252431285361341,-0.2070309208104265
1962-08-01,5.184514222333333,-0.010691847904026441,-0.028925601609057883,-0.06094042195266569,-0.10252431285361341,-0.2070309208104265
1962-09-01,5.128483108666667,-0.010807398970052229,-0.02138369580805266,-0.06094042195266569,-0.10252431285361341,-0.2070309208104265
1962-10-01,5.072451995,-0.010925474936629875,-0.02161479794010457,-0.06094042195266569,-0.10252431285361341,-0.2070309208104265
1962-11-01,5.6051176719999996,0.10501147719585258,0.09293870199706111,-0.06094042195266569,-0.10252431285361341,-0.2070309208104265
1962-12-01,6.137783349,0.09503202397710542,0.2100229543917056,-0.06094042195266569,-0.10252431285361341,-0.2070309208104265
1963-01-01,6.670449026,0.08678469843462056,0.1900640479542104,0.0754197820410698,-0.10252431285361341,-0.2070309208104265
1963-02-01,6.3950275560000005,-0.04128979457401816,0.041911581490068794,0.08959143056767327,-0.10252431285361341,-0.2070309208104265
1963-03-01,6.119606086,-0.04306806617926018,-0.08257958914803643,0.10547035398216265,-0.10252431285361341,-0.2070309208104265
1963-04-01,5.844184616000001,-0.04500640500866371,-0.08613613235852013,0.07482270064250929,-0.10252431285361341,-0.2070309208104265
1963-05-01,5.659712552,-0.031565064439435964,-0.07515083937381384,0.060080409814276425,-0.10252431285361341,-0.2070309208104265
1963-06-01,5.475240488,-0.032593892764891885,-0.06313012887887193,0.04478449034449872,-0.10252431285361341,-0.2070309208104265
1963-07-01,5.2907684239999995,-0.0336920477564967,-0.06518778552978366,0.020494533742227095,-0.10252431285361341,-0.2070309208104265
1963-08-01,5.244212417666667,-0.008799479130884857,-0.04219505441627158,0.022565992038547922,-0.10252431285361341,-0.2070309208104265
1963-09-01,5.197656411333333,-0.008877597363618595,-0.017598958261769937,0.024683213652243463,-0.10252431285361341,-0.2070309208104265
1963-10-01,5.151100405,-0.008957115024344153,-0.017755194727237078,-0.08100048804827298,-0.10252431285361341,-0.2070309208104265
1963-11-01,5.50854373,0.06939164390060082,0.05981297994011059,-0.10251903386301808,-0.10252431285361341,-0.2070309208104265
1963-12-01,5.865987055,0.06488889668848996,0.1387832878012012,-0.12060087227477156,-0.10252431285361341,-0.2070309208104265
1964-01-01,6.22343038,0.06093489836383559,0.12977779337698014,-0.026832906425712455,0.0033507664506919888,-0.2070309208104265
1964-02-01,5.951075045666666,-0.04376289565455593,0.014505315110462158,-0.02753952427083295,0.013950341205304362,-0.2070309208104265
1964-03-01,5.678719711333334,-0.04576573681954332,-0.08752579130911176,-0.028312744298608084,0.0258268589892936,-0.2070309208104265
1964-04-01,5.406364377,-0.047960693286160816,-0.09153147363908687,-0.044763435010577224,-0.005698221025432937,-0.2070309208104265
1964-05-01,5.197236131666667,-0.03868186284724273,-0.08478734717364955,-0.050774821113817814,-0.026542751466794856,-0.2070309208104265
1964-06-01,4.988107886333333,-0.040238357472180075,-0.07736372569448569,-0.05720540258268281,-0.048170072670213226,-0.2070309208104265
1964-07-01,4.778979641,-0.0419253653086199,-0.08047671494436004,-0.0887135645191246,-0.07822036239893249,-0.2070309208104265
1964-08-01,4.7112952733333335,-0.014162932833190256,-0.05549451200893729,-0.09357316057665988,-0.08134721836722525,-0.2070309208104265
1964-09-01,4.643610905666667,-0.014366403237294545,-0.028325865666380512,-0.09852059937343294,-0.08454315383488076,-0.2070309208104265
1964-10-01,4.575926538,-0.014575805131319397,-0.0287328064745892,-0.16930376479011822,-0.18361632961628205,-0.2070309208104265
1964-11-01,4.879424196666666,0.06632485380749054,0.050782310531710007,-0.1681836064558676,-0.2050185027365543,-0.2070309208104265
1964-12-01,5.182921855333333,0.062199482240957504,0.1326497076149813,-0.16719212092586577,-0.223002554231147,-0.2070309208104265
1965-01-01,5.486419514,0.05855725151525504,0.12439896448191501,-0.07807925931046866,-0.14208039512629123,-0.11547122915803676
1965-02-01,5.271750891333333,-0.03912727091300339,0.017138795158293307,-0.0716655937759686,-0.13854734810567781,-0.10179361308692814
1965-03-01,5.057082268666667,-0.04072055510429706,-0.07825454182600677,-0.06460572835587342,-0.13468129414981733,-0.0864682387892085
1965-04-01,4.842413646000001,-0.042449106275517456,-0.08144111020859424,-0.06827138053334525,-0.1444064338057569,-0.10941620523545414
1965-05-01,4.633506745000001,-0.043141068952786354,-0.08375887540748761,-0.07108930869456254,-0.1537345701699887,-0.1321308840356077
1965-06-01,4.424599844,-0.0450861329219886,-0.08628213790557293,-0.07415386204194963,-0.16371319070985657,-0.15569858472454212
1965-07-01,4.2156929430000005,-0.04721486877130576,-0.09017226584397697,-0.10519449569177286,-0.19612467855073845,-0.1868682846234544
1965-08-01,4.068893271666667,-0.034822192535888696,-0.08039293605628328,-0.12376524340113493,-0.21716770989429623,-0.20660881873811576
1965-09-01,3.922093600333333,-0.03607852591159344,-0.06964438507177761,-0.14288536588973255,-0.2385911180208624,-0.2267854670286863
1965-10-01,3.7752939289999996,-0.03742890565407653,-0.07215705182318677,-0.226282902072942,-0.3146475522306511,-0.3264559015666638
1965-11-01,3.9364643339999996,0.042690823027570435,0.0036640465861002003,-0.2404932113824374,-0.32893402302266084,-0.35865049152617146
1965-12-01,4.097634739,0.040942935417435544,0.08538164605514087,-0.2531313494085097,-0.3415794041549156,-0.38570331277125625
1966-01-01,4.258805144,0.039332545545368136,0.08188587083487109,-0.19214598113856218,-0.28436373070087717,-0.33404428570377853
1966-02-01,4.188418512666667,-0.016527319037476285,0.02215516497910741,-0.17177172722345868,-0.26243612546898387,-0.315573836974796
1966-03-01,4.118031881333334,-0.016805061652857556,-0.03305463807495257,-0.14959105471401257,-0.23829923509180195,-0.2953624582530927
1966-04-01,4.04764525,-0.017092298787775184,-0.03361012330571511,-0.12644019470397905,-0.2211927363973767,-0.28483200996318014
1966-05-01,3.9143688293333336,-0.032926902540845626,-0.04945640487223668,-0.11531687218191444,-0.21525979017853314,-0.2850781919237346
1966-06-01,3.781092408666667,-0.034047997640877736,-0.06585380508169125,-0.10309112646711416,-0.208807592267651,-0.2853415410293022
1966-07-01,3.647815988,-0.0352481257430215,-0.06809599528175547,-0.10348693257667796,-0.22572970353881072,-0.3044110921763461
1966-08-01,3.5567097936666667,-0.024975545540959265,-0.059343330114252524,-0.09316039949572164,-0.23406377796934674,-0.31570894414810335
1966-09-01,3.4656035993333334,-0.025615301674475566,-0.04995109108191853,-0.08203078634163385,-0.24264439768562274,-0.3272110176750994
1966-10-01,3.374497405,-0.02628869451510818,-0.05123060334895113,-0.14275930919688085,-0.30842302923667575,-0.38740662316572005
1966-11-01,3.632533622,0.07646656258133944,0.048167661961910024,-0.11350477693224181,-0.29913401679748497,-0.38074639648177677
1966-12-01,3.8905698390000003,0.07103477733481545,0.15293312516267887,-0.08646446422156373,-0.29087270321341296,-0.37485123132364817
1967-01-01,4.148606056,0.06632350212901539,0.14206955466963067,-0.00950536737106511,-0.21304967903164085,-0.30288124008436956
1967-02-01,4.037146383666666,-0.026866776654325464,0.037674826756057156,-0.01964178520164306,-0.20168465348476794,-0.2890745469248093
1967-03-01,3.9256867113333334,-0.027608528832214874,-0.053733553308650595,-0.03013073803013422,-0.18931198399870597,-0.2738767797386785
1967-04-01,3.814227039,-0.028392401261046363,-0.05521705766442975,-0.025583125837017495,-0.17681634042813954,-0.26610472520962003
1967-05-01,3.8473009263333333,0.008671189993452622,-0.01996740717329859,0.01751042040520079,-0.1304748311758669,-0.22870535000368375
1967-06-01,3.8803748136666667,0.008596646835435928,0.017342379986905243,0.06375289390465455,-0.07954045369696983,-0.18803277997336287
1967-07-01,3.913448701,0.008523374395908112,0.01719329367087208,0.10030025726826741,-0.03820315753895287,-0.16934760528580528
1967-08-01,3.8382807563333334,-0.019207596779653446,-0.010847935922343899,0.10753600240711036,-0.021369414537398268,-0.17342756869456422
1967-09-01,3.7631128116666663,-0.019583753622669953,-0.038415193559307004,0.11516245533063807,-0.00322653482415336,-0.1776282288588903
1967-10-01,3.6879448669999997,-0.01997493788483451,-0.03916750724533968,0.015254158878092117,-0.06313266066035184,-0.24418441226745868
1967-11-01,3.8077736326666662,0.0324920165534206,0.011868052656178518,-0.021281254355946855,-0.07073863943375114,-0.2653229705270611
1967-12-01,3.9276023983333332,0.031469508754055964,0.06498403310684142,-0.05327178688056833,-0.0777689362316284,-0.2841228439948762
1968-01-01,4.047431164,0.03050939313956924,0.0629390175081117,0.002547537135374478,-0.033661237109016584,-0.23224157449209026
1968-02-01,3.885502648,-0.04000772574967493,-0.010718944043622614,-0.01023618701342699,-0.056466108090946876,-0.23167106217070932
1968-03-01,3.723574132,-0.04167504970903835,-0.08001545149935008,-0.0237670453470874,-0.08006411085556486,-0.23104996718407156
1968-04-01,3.5616456160000003,-0.043487388798950755,-0.08335009941807658,-0.07424823682965098,-0.09010985645760072,-0.2313282763981388
1968-05-01,3.587469310666667,0.007250495262824286,-0.03655219864260595,-0.07548381717363684,-0.05120824277031555,-0.18919915084943284
1968-06-01,3.6132930053333334,0.007198303993816602,0.01450099052564835,-0.07669851289732454,-0.009464014297934642,-0.14289464290014986
1968-07-01,3.6391167,0.007146858732062444,0.014396607987633425,-0.05188887134030096,0.023169420929442408,-0.10562493114758575
1968-08-01,3.4880547563333333,-0.04151060713899801,-0.034660418852040076,-0.07309322603366519,0.006478281879762182,-0.1106650906962321
1968-09-01,3.336992812666667,-0.043308363606500255,-0.08302121427799591,-0.09516195794402393,-0.011114126885314102,-0.11609721642241244
1968-10-01,3.185930869,-0.04526888493534087,-0.08661672721300051,-0.16330875300251935,-0.12294524964482212,-0.19066182272185161
1968-11-01,3.339992897,0.048356990259602606,0.0008990382963802723,-0.14961023080714164,-0.14151575856083742,-0.1848973591494144
1968-12-01,3.494054925,0.04612645378329372,0.09671398051920499,-0.13672282901856903,-0.15777615954962587,-0.17956919679159666
1969-01-01,3.648116953,0.04409261769117734,0.09225290756658766,-0.06109523438934994,-0.09636247826944955,-0.1289989426874798
1969-02-01,3.5877098183333334,-0.016558442463581513,0.026804070154487825,-0.03648760810186724,-0.08609369974029546,-0.12878046559180423
1969-03-01,3.5273026836666665,-0.016837240949082344,-0.033116884927163026,-0.009642433873559675,-0.07522477094298985,-0.12855439006996328
1969-04-01,3.4668955489999997,-0.017125588610919285,-0.03367448189816469,-0.03360969843230821,-0.09887590927177059,-0.11431556397549392
1969-05-01,3.553107164333333,0.02486709337355153,0.007315641151567576,-0.01665678396719117,-0.08433918501395743,-0.06029613130077627
1969-06-01,3.6393187796666666,0.02426372505696972,0.04973418674710328,5.5529867087456e-05,-0.07004817036781019,-0.0023293960992786245
1969-07-01,3.725530395,0.02368894305577407,0.04852745011393944,0.06808254320993012,-0.02937522513101487,0.047465385462133414
1969-08-01,3.6141553956666663,-0.029895071982987687,-0.006914311585066724,0.08305759063907381,-0.03958356378214112,0.04286462432169369
1969-09-01,3.5027803963333333,-0.030816328336869647,-0.05979014396597526,0.09945273151290501,-0.05020803654727368,0.03801543635602034
1969-10-01,3.3914053969999998,-0.03179616953718234,-0.061632656673739405,0.01539299680732209,-0.10934689817027665,-0.06638017705868882
1969-11-01,3.7760322139999998,0.11341222059156864,0.07800997686086841,0.08070201958831547,-0.038591020414299515,-0.029439806953687864
1969-12-01,4.160659031,0.10186004652554592,0.22682444118313705,0.14049496893966484,0.027975242175113157,0.0029053071892830573
1970-01-01,4.545285848,0.09244372445188231,0.20372009305109184,0.2669045374777572,0.16980639566404943,0.12586599940719134
1970-02-01,4.612217728666667,0.01472556026286398,0.10853057035008629,0.3075763954207129,0.23865339191981128,0.17488176408762834
1970-03-01,4.679149609333333,0.014511864921436635,0.02945112052572796,0.3496655850168313,0.31376057974807026,0.22676221459541002
1970-04-01,4.74608149,0.01430428309733034,0.02902372984287349,0.33575523351559355,0.32296086154337744,0.23361327353284222
1970-05-01,4.920886091333333,0.03683135270678495,0.05166248190009082,0.35214483513424133,0.3618840442969755,0.26814710630581073
1970-06-01,5.0956906926666665,0.03552299282871019,0.0736627054135699,0.3677759009846078,0.4002548180624892,0.3020972247226772
1970-07-01,5.270495294,0.03430439794646456,0.07104598565742015,0.4582923856343497,0.5110127742204311,0.3731395978012939
1970-08-01,5.337555006333333,0.012723607287852934,0.04746448092203459,0.5238052068352954,0.5995104892263676,0.4183882528808254
1970-09-01,5.404614718666667,0.012563751053387584,0.02544721457570609,0.5936209582751535,0.6964004998523612,0.4654814303292749
1970-10-01,5.471674431,0.01240786176704134,0.025127502106774724,0.44905395952747584,0.6382293614799863,0.4369747151088046
1970-11-01,5.832970809333333,0.0660303135519893,0.07925747032201813,0.4019343488311271,0.6693987171175717,0.48512252966556324
1970-12-01,6.194267187666667,0.06194037140649211,0.1320606271039788,0.362789359087778,0.697935473963591,0.5304194034877643
1971-01-01,6.555563566,0.05832754180392885,0.12388074281298422,0.42134737596074623,0.8272279247615906,0.6871854583278616
1971-02-01,6.343092205666666,-0.03241084587071996,0.024026250965783813,0.3556079064055413,0.7982840642053883,0.7034956149133185
1971-03-01,6.1306208453333335,-0.03349649562771917,-0.06482169174143992,0.29172262597061605,0.7683315688878096,0.7212888384494829
1971-04-01,5.918149485,-0.03465739697392445,-0.06699299125543845,0.2026593128060914,0.6656265097792,0.6496725051845023
1971-05-01,5.970172443666667,0.008790409704676039,-0.026171639987946915,0.17161201567012063,0.6404642750788345,0.6522801873123785
1971-06-01,6.022195402333334,0.008713811729484267,0.017580819409351855,0.14262418736794613,0.6164665869900476,0.6548508604665888
1971-07-01,6.074218361000001,0.008638537143200287,0.017427623458968755,0.13801513123379006,0.6806743750650355,0.741434348176707
1971-08-01,5.922175011666667,-0.0250309324257324,-0.016608625922020614,0.09576266208439055,0.6907069075372025,0.7747041555459997
1971-09-01,5.770131662333333,-0.025673565714253388,-0.05006186485146469,0.05454586801480943,0.7013983841146001,0.8111289602917411
1971-10-01,5.6180883129999994,-0.0263500658617295,-0.05134713142850689,-0.036839288821658545,0.4878284915500457,0.6820659463216814
1971-11-01,5.887639434333333,0.047979153462149204,0.02036483374670195,-0.0495018610020338,0.41507376366725723,0.685044900756199
1971-12-01,6.157190555666667,0.04578254567721429,0.09595830692429841,-0.060768690032916184,0.3546321973074438,0.6877722493527381
1972-01-01,6.426741677000001,0.043778265248792136,0.09156509135442858,0.013187490993526119,0.3934168018685209,0.7913214842959446
1972-02-01,6.177483500666667,-0.03878453326129139,0.0032958124028374947,0.007644030925351597,0.32021499982489576,0.7513335414257987
1972-03-01,5.928225324333334,-0.04034946856700361,-0.07756906652258255,0.0017025320767702912,0.2490778628272845,0.7099520999538871
1972-04-01,5.678967148,-0.042046002420018436,-0.08069893713400733,-0.04877669756014935,0.1540537705194598,0.5983101227585801
1972-05-01,5.671578840666666,-0.0013009949064304305,-0.043292295691464644,-0.05822072155460434,0.11301473788995375,0.5584177105766313
1972-06-01,5.6641905333333336,-0.0013026896990934178,-0.002601989812860639,-0.06750297788095394,0.07469795861150308,0.5203715800937208
1972-07-01,5.656802226,-0.0013043889130942565,-0.0026053793981870577,-0.04481002083590635,0.059811509068826485,0.565179580485788
1972-08-01,5.435032676666666,-0.03920404859021376,-0.04045730017697857,-0.05807475553012931,0.005628145498501658,0.5516338627325854
1972-09-01,5.213263127333334,-0.040803719595913335,-0.0784080971804274,-0.0720574620961224,-0.04722709783364054,0.5371984522832125
1972-10-01,4.991493578,-0.042539488975836925,-0.08160743919182678,-0.1522080056580104,-0.1442622051162824,0.32188850494801424
1972-11-01,5.163624399666666,0.03448483284148307,-0.009521623300847715,-0.16136680309261975,-0.1663865565973811,0.2410592555635609
1972-12-01,5.335755221333333,0.03333527157354399,0.06896966568296614,-0.16975732190560677,-0.18607223198827982,0.17390971652116272
1973-01-01,5.507886042999999,0.032259879722078555,0.06667054314708798,-0.10839324096849556,-0.13167176758372312,0.19419471651704923
1973-02-01,5.313588761333333,-0.035276198554180294,-0.004154324754511718,-0.10367968985205889,-0.13327069225328636,0.13558855881301723
1973-03-01,5.119291479666667,-0.03656611198076809,-0.07055239710836048,-0.09855236942697188,-0.1349844250061779,0.0786353943675473
1973-04-01,4.924994198,-0.037953940000954534,-0.0731322239615364,-0.13163612172918482,-0.17506667613519644,0.0008348306769185854
1973-05-01,4.906956197333334,-0.0036625425211651574,-0.041477474603020426,-0.1336880056459494,-0.18518814659648775,-0.03703805955195538
1973-06-01,4.888918196666666,-0.0036760060496301428,-0.007325085042330426,-0.13574524946337296,-0.19513624533876617,-0.07239871701768252
1973-07-01,4.870880196,-0.0036895689273273025,-0.0073520120992600635,-0.10379928037758623,-0.1775183633708256,-0.08743231868891188
1973-08-01,4.747000977666667,-0.025432614506729956,-0.029028348049832564,-0.0894376781448144,-0.17731496342545006,-0.12167634054074361
1973-09-01,4.623121759333333,-0.02609631194856521,-0.05086522901345991,-0.07379991838319999,-0.17710055418038895,-0.1550809870666201
1973-10-01,4.499242541,-0.026795577703148554,-0.05219262389713042,-0.1286657989123986,-0.23581554353294787,-0.22865334182698727
1973-11-01,4.881994161333334,0.08507023501077215,0.055995151215167294,-0.08504158102788872,-0.2071068586889402,-0.21185282884570822
1973-12-01,5.264745781666667,0.07840067146430152,0.1701404700215441,-0.04414402539107365,-0.18080637961408663,-0.19690416717611814
1974-01-01,5.647497402000001,0.07270087411745174,0.15680134292860326,0.06284051244170441,-0.08579320343137631,-0.1096617834193312
1974-02-01,5.4921457123333335,-0.02750805863348449,0.04319295557603886,0.07283317118152155,-0.0735598915597967,-0.10414526507311428
1974-03-01,5.336794022666667,-0.0282861558676063,-0.05501611726696887,0.08361427610085204,-0.06025270377798153,-0.09823264245129704
1974-04-01,5.181442333,-0.029109553227434026,-0.05657231173521282,0.055938167089372826,-0.0864197644846727,-0.13211178037300664
1974-05-01,5.334998861,0.029635865485178936,-0.00033637454603696604,0.09124322526760165,-0.058118043592648494,-0.11411063497990714
1974-06-01,5.488555389,0.02878286050303247,0.059271730970358094,0.12680976910646247,-0.02974239336611373,-0.09641783307631746
1974-07-01,5.642111917,0.027977585560629237,0.05756572100606494,0.18856346218266729,0.038100827106772206,-0.04729058059158053
1974-08-01,5.840468893000001,0.03515651212134574,0.06411769200786344,0.26331712575145594,0.12030963148171137,0.012189883140071078
1974-09-01,6.038825869,0.03396250877009832,0.07031302424269148,0.3421872268432573,0.20982342752400118,0.07488980816240165
1974-10-01,6.237182845,0.03284694414161793,0.06792501754019686,0.2775891651817435,0.20790792711465156,0.05936902464310756
1974-11-01,7.226561452333334,0.15862587836854303,0.19668319787634747,0.37263255473764056,0.3543652496351799,0.17367838253478918
1974-12-01,8.215940059666668,0.1369086271332931,0.3172517567370863,0.4547930658201065,0.49166849051068295,0.2783989885683198
1975-01-01,9.205318667,0.12042183854168398,0.2738172542665862,0.6760878441968956,0.7324108207218731,0.4901405509228107
1975-02-01,9.057272586333333,-0.01608266764271782,0.10240246649277518,0.6971373727119476,0.7692433850090288,0.5278219181643338
1975-03-01,8.909226505666666,-0.016345547653060177,-0.03216533528543564,0.7194491288506379,0.808982132260101,0.5688110660763883
1975-04-01,8.761180425,-0.016617164304050802,-0.032691095306120355,0.642208490248448,0.7854613069016652,0.5447515887780845
1975-05-01,8.649737940666666,-0.012720030740986932,-0.02912582420426213,0.5759589414005395,0.7692539724972653,0.5270916276145041
1975-06-01,8.538295456333334,-0.012883914529871143,-0.025440061481973864,0.5133155070190951,0.7529265990457001,0.5093855353629493
1975-07-01,8.426852972,-0.013052076366210752,-0.025767829059742287,0.44283843067803486,0.775195120381484,0.5504696058549243
1975-08-01,8.235403858,-0.022718933703498978,-0.03547448081205273,0.36374256132736327,0.7813512787920964,0.5797023201881888
1975-09-01,8.043954744,-0.0232470826326292,-0.04543786740699762,0.2896775585869489,0.7878464365275479,0.6115326241134955
1975-10-01,7.85250563,-0.023800371843563983,-0.046494165265258625,0.08661715281817184,0.6084627245550376,0.520735247611525
1975-11-01,8.098417165333332,0.031316314425021696,0.006770602653372038,-0.014304254106024206,0.5382351781418031,0.5177639957984519
1975-12-01,8.344328700666667,0.030365382557223874,0.06263262885004361,-0.09353179368139453,0.4775267887173551,0.5149784573469012
1976-01-01,8.590240236,0.029470499563815755,0.060730765114447305,-0.0515643474215457,0.5640954712307593,0.616655074722881
1976-02-01,8.211034282,-0.04414381246415233,-0.015974253106306513,-0.07836732214885156,0.5385705813501014,0.6039395909792278
1976-03-01,7.831828327999999,-0.046182483348204406,-0.08828762492830478,-0.10607612809206579,0.5115151003650087,0.5902208232408559
1976-04-01,7.452622374,-0.048418573303538825,-0.0923649666964087,-0.13839905611919623,0.396930452690494,0.5187872225250549
1976-05-01,7.531402131,0.010570743162143792,-0.038359650444064086,-0.11792673730755754,0.37220117083890836,0.5405048372736154
1976-06-01,7.610181888,0.010460171377084437,0.021141486324287584,-0.09691293852088834,0.34881796035808743,0.5623833027651826
1976-07-01,7.688961645,0.010351888845682167,0.020920342754169097,-0.06635281310086294,0.3164973199695458,0.6197514348900388
1976-08-01,7.597449192333333,-0.011901795963070727,-0.0016731131862621762,-0.055508212797904743,0.25810039188817235,0.6433590953981074
1976-09-01,7.505936739666667,-0.01204515493950431,-0.023803591926141454,-0.04413481589994517,0.20341778110349207,0.6682667518516128
1976-10-01,7.414424287,-0.012192009583967045,-0.02409030987900851,-0.08446006971106423,0.02599615818751655,0.5187286264543642
1976-11-01,7.708066312000001,0.03960415719867205,0.026929293350573813,-0.07625087787059881,-0.061815658826419484,0.46409088523166053
1976-12-01,8.001708337,0.03809542018895895,0.0792083143973441,-0.06851169266880086,-0.1307516201817981,0.416859144400187
1977-01-01,8.295350362,0.036697416680659956,0.07619084037791812,0.01026863085748353,-0.08412269997074062,0.510402454066669
1977-02-01,7.867646201,-0.05155950530543729,-0.01675418927481953,0.004573373100115852,-0.11691029563612221,0.4742270673337188
1977-03-01,7.43994204,-0.05436240396087433,-0.10311901061087458,-0.0017014593472812756,-0.15080597829372966,0.4358824361733953
1977-04-01,7.012237879,-0.05748756626066409,-0.10872480792174866,-0.06893328001476229,-0.18931210088666095,0.31438413797254605
1977-05-01,6.974455240333333,-0.005388099964465987,-0.06256591747140372,-0.08353632764929086,-0.18315602030848122,0.2707269483535375
1977-06-01,6.936672601666666,-0.0054172888583712275,-0.010776199928931862,-0.09784013473685804,-0.1768371152653041,0.22944611941604376
1977-07-01,6.898889962999999,-0.005446795724161624,-0.010834577716742455,-0.09194654832812277,-0.1622888103661959,0.18122193429855482
1977-08-01,6.707106976666666,-0.02779910787994877,-0.03309448754217448,-0.10642639162923129,-0.1661928503924629,0.1106640797671039
1977-09-01,6.515323990333333,-0.028593995444015752,-0.05559821575989765,-0.12126366955329149,-0.17028725640871223,0.04459403423715602
1977-10-01,6.323541004,-0.029435679118625213,-0.057187990888031615,-0.179620316167306,-0.21916334082306788,-0.12495852339867164
1977-11-01,6.525854732333333,0.03199374024859791,0.0016163036582101942,-0.1844423143795808,-0.21792933063483555,-0.20570808879561175
1977-12-01,6.728168460666667,0.031001874333938195,0.0639874804971956,-0.18892293067118726,-0.21676597210049586,-0.26909988626614634
1978-01-01,6.930482189,0.030069658558056878,0.06200374866787617,-0.11911618647529987,-0.15595502941781525,-0.2348157656801101
1978-02-01,6.587567300333333,-0.04947922515563752,-0.020897390003728034,-0.11456738978394876,-0.15887235720147752,-0.26059043440602325
1978-03-01,6.244652411666666,-0.052054859257273156,-0.09895845031127515,-0.10946369484014096,-0.1620865651998663,-0.28723618179947863
1978-04-01,5.9017375229999995,-0.05491336683944348,-0.10410971851454642,-0.1538066673838263,-0.21638263097015353,-0.3176975344821682
1978-05-01,5.952938428666666,0.00867556469042019,-0.046714206615407594,-0.14181643411621292,-0.21776660318021213,-0.3027954514913117
1978-06-01,6.004139334333333,0.008600946621605488,0.01735112938084038,-0.12969486880721048,-0.21912221551557332,-0.2874992177645256
1978-07-01,6.05534024,0.008527601179054267,0.017201893243211197,-0.09717553916078814,-0.20297719843779838,-0.2647184832207412
1978-08-01,5.919971125999999,-0.022355327468766673,-0.014018363606593254,-0.0913773229415219,-0.2112948281705208,-0.2640471864395165
1978-09-01,5.784602012,-0.022866515920233144,-0.044710654937533234,-0.08522740528749484,-0.2198177784157337,-0.2633431563677847
1978-10-01,5.649232897999999,-0.023401629657352596,-0.0457330318404664,-0.13433057741692878,-0.2671011549024672,-0.30242752593895605
1978-11-01,5.895741601,0.043635783379947446,0.019213005280128925,-0.12372265417150163,-0.26318963992501243,-0.2934432699746161
1978-12-01,6.142250304,0.041811313941945594,0.08727156675989467,-0.1137340611380655,-0.25955504759185244,-0.2849733959407744
1979-01-01,6.388759007000001,0.04013328842028274,0.08362262788389141,-0.030179318748405404,-0.1879707292648758,-0.22193005319618997
1979-02-01,6.150912303666668,-0.03722893649184933,0.0014102322826254898,-0.01501126112717932,-0.1732580347270195,-0.21462626017015674
1979-03-01,5.913065600333334,-0.038668524536034976,-0.07445787298369866,0.001919447838740096,-0.15675056916686014,-0.2065792007706878
1979-04-01,5.675218897000001,-0.04022392434136446,-0.07733704907206984,-0.0466525120315866,-0.186284992671519,-0.24645918538325884
1979-05-01,5.749758524666667,0.013134229537131947,-0.02761800505941625,-0.04236757268640412,-0.1711071208283379,-0.24446503259888086
1979-06-01,5.824298152333333,0.0129639579378662,0.026268459074263673,-0.03815509591690036,-0.15576300193652848,-0.24251174329621283
1979-07-01,5.89883778,0.012798044625652372,0.0259279158757324,-0.0035698393708684106,-0.12050936409372204,-0.22357654119588188
1979-08-01,5.8433888776666665,-0.009399970706319927,0.0032777726747530433,0.010162646547630327,-0.10313149640196018,-0.22149771836124388
1979-09-01,5.787939975333333,-0.009489168613312393,-0.018799941412639964,0.024553258794205446,-0.08469954228617615,-0.21936757982928567
1979-10-01,5.732491072999999,-0.009580075565683521,-0.018978337226624897,-0.027689566308725433,-0.12157237509478935,-0.2562997201936891
1979-11-01,6.110218408333333,0.06589235474127952,0.0556810254379736,-0.005215009822345906,-0.09184521106240306,-0.2363857627652327
1979-12-01,6.487945743666666,0.06181895802909021,0.13178470948255883,0.015525196138716169,-0.0638536299877841,-0.21788164929269738
1980-01-01,6.865673079,0.05821986654282041,0.12363791605818064,0.11620402633723947,0.042216764700467424,-0.12735360696222553
1980-02-01,7.011239384666666,0.021202044430561395,0.08065629117056416,0.18571987164685377,0.12275894997258963,-0.05762177353378062
1980-03-01,7.156805690333334,0.02076185074853032,0.04240408886112279,0.2610624929580285,0.21266079056246334,0.020616501297863854
1980-04-01,7.302371996000001,0.020339563761425428,0.04152370149706064,0.2700310742916536,0.22668360902828621,0.047016827030492925
1980-05-01,7.420744964333334,0.016210207915753116,0.03687948023466703,0.27410114836934163,0.2359381671740124,0.06978451924491291
1980-06-01,7.539117932666667,0.015951628697964182,0.03242041583150623,0.2780683608944179,0.2450362215594788,0.09280159171987479
1980-07-01,7.657490901,0.01570116947241651,0.031903257395928364,0.31045375574211764,0.29350139350662796,0.14169804173984724
1980-08-01,7.504104389666667,-0.020030910035205185,-0.004644249275938206,0.29650694748860085,0.29725508757553354,0.15176227625830574
1980-09-01,7.350717878333334,-0.02044034882357848,-0.04006182007041037,0.2822903315026819,0.3011886765963767,0.1624369753724355
1980-10-01,7.197331367,-0.02086687502800899,-0.04088069764715696,0.1779172013203365,0.220767776827131,0.10289481795231126
1980-11-01,7.498117763000001,0.041791378034797155,0.020052447544087748,0.15569982537530214,0.22074441644245968,0.11443668612557945
1980-12-01,7.798904159,0.040114920238283114,0.08358275606959409,0.13592710711124156,0.22072285876724096,0.12530469689083845
1981-01-01,8.099690555,0.03856777694246838,0.08022984047656645,0.1552437608554258,0.316827513566017,0.22954198199844633
1981-02-01,7.866511437000001,-0.02878864524720104,0.00866881764689742,0.09916515515088853,0.33036092759676916,0.2597196638684438
1981-03-01,7.633332319,-0.029641998218326693,-0.05757729049440219,0.04532230392826997,0.3450287041853284,0.293404237184677
1981-04-01,7.400153201,-0.030547486766637655,-0.059283996436653275,-0.002774891662805423,0.2870372154331493,0.24310931310228256
1981-05-01,7.402879945666667,0.000368471380605806,-0.030190271260654766,-0.018070812556159388,0.27103382279647237,0.23296271679355396
1981-06-01,7.405606690333333,0.0003683356594568199,0.000736942761211612,-0.032893830880526775,0.2554348782809439,0.2229877094954673
1981-07-01,7.408333435,0.0003682000382529971,0.0007366713189136398,-0.01276247633209171,0.267814549073488,0.25141377843267554
1981-08-01,7.624537666666667,0.02918392288409022,0.029562868443865353,0.03725075466988503,0.3173145711877501,0.3180747181655317
1981-09-01,7.8407418983333335,0.02835637269022606,0.058367845768180215,0.08939570773181171,0.36777219510435577,0.3879303685831743
1981-10-01,8.05694613,0.0275744609974502,0.05671274538045212,0.07452915313728181,0.31860198630733905,0.36657042917780336
1981-11-01,8.592996494,0.06653269804101325,0.09594176232565044,0.10182101469776494,0.3244556649365047,0.39899809820580034
1981-12-01,9.129046858,0.06238223934739118,0.1330653960820265,0.12708588013459,0.3296652422794455,0.4289233398845591
1982-01-01,9.665097222,0.05871920391450791,0.12476447869478213,0.22863829785340206,0.37851479485028383,0.571327429955141
1982-02-01,9.608050307000001,-0.00590236328612892,0.0524702585550032,0.2586967140268168,0.3425054029310244,0.6248847816703356
1982-03-01,9.551003392,-0.005937408025272206,-0.01180472657225795,0.2906494139485316,0.30793164155862307,0.6829312781307506
1982-04-01,9.493956477000001,-0.005972871399855473,-0.01187481605054419,0.28246797823019687,0.27938050999343567,0.6511922085546014
1982-05-01,9.615738873333335,0.012827359871341537,0.006777872300574916,0.29844039461141314,0.2754461409429292,0.6509695454861069
1982-06-01,9.737521269666667,0.012664902607854911,0.025654719742683074,0.31440105323319134,0.27163341041581046,0.6507525097031346
1982-07-01,9.859303666,0.01250650889078897,0.025329805215710266,0.29310183738791085,0.31385481251786684,0.6872578348639593
1982-08-01,10.047892984,0.019128056543217475,0.03187379064322782,0.28149773507221676,0.3669267614822691,0.7360050426959261
1982-09-01,10.236482302,0.01876904126072043,0.03825611308643517,0.2705164136426963,0.4222608047386296,0.785695288774853
1982-10-01,10.42507162,0.018423254438016512,0.037538082521441085,0.2132056177701498,0.39035848055671574,0.7061700455391116
1982-11-01,10.739019756666668,0.030114722287794438,0.049092787916849234,0.1763571732853808,0.37699086150119565,0.6552265048069754
1982-12-01,11.052967893333333,0.02923433830837019,0.06022944457558865,0.14359614181368174,0.36461606999421137,0.6098884648529206
1983-01-01,11.36691603,0.028403967124162932,0.0584686766167406,0.18306166878815855,0.4449754660669414,0.6212420381564843
1983-02-01,10.969316796666668,-0.03497863732642814,-0.007568202266933222,0.1484988902689175,0.43702859226541535,0.5327112780891727
1983-03-01,10.571717563333333,-0.03624649016009418,-0.0699572746528565,0.11352075280145946,0.4285809058526995,0.4477100823025961
1983-04-01,10.17411833,-0.03760971014893133,-0.07249298032018825,0.058069324055292304,0.3743459848967967,0.3710373256189683
1983-05-01,9.867643034333334,-0.030123032357799118,-0.06659982399094666,0.013362924820714772,0.3324557253646401,0.3088590896790817
1983-06-01,9.561167738666667,-0.031058611929953406,-0.060246064715598235,-0.030239045011004273,0.290596302468757,0.24860321249850426
1983-07-01,9.254692443,-0.032054169955332834,-0.06211722385990681,-0.07894197741387898,0.21380375408992003,0.2332840752780485
1983-08-01,8.945182897666667,-0.033443525783229844,-0.0644256912792015,-0.12614679205580615,0.14085924695061047,0.21691283024656838
1983-09-01,8.635673352333333,-0.03460069501922303,-0.0668870515664598,-0.17164373856519055,0.07182960057017684,0.19984379098177651
1983-10-01,8.326163807,-0.035840812025353386,-0.06920139003844594,-0.22468120967640393,-0.03105234445124161,0.11043385422486329
1983-11-01,8.410208762,0.010094078971799814,-0.02610851304055095,-0.2390995031232589,-0.07874185631658426,0.07838339727441701
1983-12-01,8.494253717000001,0.009993206753647232,0.02018815794359985,-0.2527213454747408,-0.12114140997308209,0.0487133624822782
1984-01-01,8.578298672,0.009894330661656126,0.019986413507294243,-0.2179732948722244,-0.1071759204101761,0.09048321364564749
1984-02-01,8.223654921333335,-0.04134196817187552,-0.03185668861351565,-0.22210796192133975,-0.13897476696306732,0.0773348490100414
1984-03-01,7.869011170666667,-0.04312483367300246,-0.08268393634375126,-0.22656579023032986,-0.17115575685120488,0.06335787340231125
1984-04-01,7.51436742,-0.04506840096868503,-0.0862496673460047,-0.23848406414230638,-0.21853457971502566,0.015060013825915597
1984-05-01,7.474272011,-0.0053358329129985504,-0.050163756424458694,-0.21826787111233026,-0.23242560359964604,0.009272072301152123
1984-06-01,7.434176602,-0.005364456757927849,-0.010671665825997101,-0.1967127327258713,-0.2459734628484056,0.0034883914481906864
1984-07-01,7.394081193,-0.005393389361938672,-0.010728913515855698,-0.17340078144978666,-0.2641162475780604,-0.03022563252250532
1984-08-01,7.283687983,-0.014929942898721404,-0.02024280926545574,-0.15655818766790552,-0.28845791277566946,-0.07104607224116677
1984-09-01,7.173294772999999,-0.015156224464537238,-0.02985988579744292,-0.13846341012781382,-0.3119188975893099,-0.10967571865842929
1984-10-01,7.062901563,-0.015389470737423916,-0.030312448929074365,-0.1601990196827887,-0.3423141289394289,-0.17806302284289044
1984-11-01,7.348095069999999,0.0403790856287769,0.02436820213466495,-0.13493341324454833,-0.3351925798651737,-0.19508627961957614
1984-12-01,7.633288577,0.03881189672740604,0.08075817125755402,-0.11016288090837423,-0.3284644175382371,-0.21022123195772235
1985-01-01,7.918482084,0.037361813866086724,0.07762379345481185,-0.037109149186412616,-0.27812440548656125,-0.17584922736812236
1985-02-01,7.715567838,-0.02562539686867593,0.010779005689358634,-0.019499696891860818,-0.27016893974159206,-0.19217201362711023
1985-03-01,7.512653592,-0.02629932757516895,-0.05125079373735175,-0.00022807348965103724,-0.2615916830996795,-0.20869095932764092
1985-04-01,7.309739346000001,-0.02700966356495882,-0.05259865515033779,-0.022013202725008396,-0.2592213438845933,-0.23981511537593891
1985-05-01,7.259778876333334,-0.006834781283139191,-0.033659839705100336,-0.023458916165611132,-0.24070165122469322,-0.2544530917792953
1985-06-01,7.209818406666668,-0.006881816997145185,-0.01366956256627827,-0.02492030876098228,-0.2209553746845493,-0.2687294507897281
1985-07-01,7.159857937000001,-0.006929504579542556,-0.01376363399429037,-0.017001009143859047,-0.1995850706565614,-0.2874269313575324
1985-08-01,7.049357804333334,-0.015433285637643124,-0.022255845193682178,-0.01727755133291875,-0.18369332457108067,-0.3113495831516231
1985-09-01,6.938857671666667,-0.015675205562518224,-0.030866571275286137,-0.017562738235395225,-0.16662008669190398,-0.334406714448388
1985-10-01,6.828357539,-0.015924830555016367,-0.03135041112503645,-0.07073092087797384,-0.18808703419436001,-0.36415448581691745
1985-11-01,7.097698040666667,0.03944440520701131,0.022891429182730016,-0.07016511048031526,-0.16441181566525775,-0.3578468598513086
1985-12-01,7.367038542333333,0.03794758527672837,0.07888881041402263,-0.06964005674533358,-0.14120050793058558,-0.351887660391793
1986-01-01,7.636379044,0.03656021345876659,0.07589517055345674,-0.010263508229425011,-0.07141300102584036,-0.3038418722376104
1986-02-01,7.493035521666667,-0.018771137669751914,0.017102798988944512,-0.002611337005372416,-0.047779275037952096,-0.29121871855001935
1986-03-01,7.349691999333333,-0.019130233924401607,-0.03754227533950405,0.00546567414270327,-0.0219147416492268,-0.2776089523490599
1986-04-01,7.206348477000001,-0.019503337329827564,-0.03826046784880299,-0.007359783299669687,-0.03584610429024959,-0.2696991113352666
1986-05-01,7.114397314666667,-0.01275974408215308,-0.032014223818904064,-0.013234881465498227,-0.0430147552921063,-0.2559070702321147
1986-06-01,7.022446152333333,-0.012924659428813823,-0.02551948816430616,-0.01919197082899715,-0.050261152260336894,-0.241201563900168
1986-07-01,6.93049499,-0.013093893543460022,-0.025849318857627535,-0.016861509605920033,-0.048490955931163815,-0.22522601613793658
1986-08-01,6.825084883,-0.015209607272221648,-0.02810434783722149,-0.01639647245269693,-0.04854253185170199,-0.20966384385580283
1986-09-01,6.719674776,-0.015444512237870689,-0.030419214544443407,-0.01591638433975684,-0.04859572003637169,-0.19294468235772488
1986-10-01,6.614264669,-0.015686787011848113,-0.03088902447574149,-0.0681112902939528,-0.09986675376534015,-0.21354334283765308
1986-11-01,6.823587090666666,0.03164711908909945,0.01546389046056218,-0.07376796640112893,-0.10607505247123239,-0.19668197842851587
1986-12-01,7.032909512333333,0.0306763024909551,0.06329423817819912,-0.07902561255662399,-0.11183615272124503,-0.1801510088137751
1987-01-01,7.242231933999999,0.029763275256077915,0.0613526049819102,-0.033471559949429075,-0.06134816178645597,-0.11934146030220505
1987-02-01,6.933132257333333,-0.042680168142025465,-0.014187194478334275,-0.056677169878382005,-0.07713936594704462,-0.11893221308695201
1987-03-01,6.6240325806666664,-0.044582977100966814,-0.08536033628405104,-0.08080595855055739,-0.093807279969369,-0.11848433668064284
1987-04-01,6.314932904,-0.04666336901313328,-0.08916595420193363,-0.11237275278659709,-0.13014803734773572,-0.1551106389082152
1987-05-01,6.200858078666666,-0.01806429728826997,-0.06388472533107781,-0.11699457081542441,-0.13994254377711524,-0.16589846991279933
1987-06-01,6.0867832533333335,-0.018396619288190807,-0.03612859457653972,-0.12173902987940355,-0.14987373955024152,-0.17680329787347882
1987-07-01,5.972708428,-0.018741397645605673,-0.036793238576381726,-0.1248887698266008,-0.15273013602338403,-0.17998842867237086
1987-08-01,5.868099793,-0.01751443859365298,-0.03592759118103561,-0.1267286009200157,-0.15431327883246204,-0.1819519511330696
1987-09-01,5.763491158,-0.017826662580753383,-0.03502887718730607,-0.12862707399470108,-0.15594766016835548,-0.1839768533384556
1987-10-01,5.658882523,-0.018150220436236486,-0.03565332516150688,-0.17068801968685277,-0.20271579735047773,-0.2298844164246775
1987-11-01,5.857736192666667,0.035140095037923924,0.016352074130598915,-0.1670963230233251,-0.20487232976911107,-0.23260647968731096
1987-12-01,6.056589862333333,0.0339471876380526,0.07028019007584785,-0.16371224816764696,-0.20687673733376644,-0.2351324662877985
1988-01-01,6.255443532,0.03283261277164584,0.06789437527610498,-0.0977464009310548,-0.1651656376228403,-0.18924392042912652
1988-02-01,6.002824081666667,-0.040383939051011675,-0.008877236512421338,-0.09378101502898695,-0.1832550150113551,-0.20097153313991556
1988-03-01,5.750204631333333,-0.04208343387987379,-0.08076787810202346,-0.08942743830404865,-0.2020640342767408,-0.21335024969393312
1988-04-01,5.497585181,-0.0439322539856738,-0.08416686775974769,-0.11341541585771742,-0.22725918474268125,-0.24273379745463508
1988-05-01,5.482825488666666,-0.0026847591892426026,-0.04649906565232409,-0.09922445724281692,-0.2192427866684461,-0.2395334834512769
1988-06-01,5.468065796333334,-0.0026919865248021813,-0.005369518378484983,-0.08449142256817799,-0.21101367157422413,-0.2362885067766488
1988-07-01,5.453306104,-0.0026992528771747626,-0.0053839730496045846,-0.07068620228558542,-0.20099072795663564,-0.22641093623481834
1988-08-01,5.352307339666667,-0.018520648283295582,-0.021169909247304552,-0.07134283840491196,-0.20348714512449684,-0.22864719339587225
1988-09-01,5.251308575333334,-0.01887013542455196,-0.037041296566591275,-0.07202375133431738,-0.20606313201445103,-0.23095582717504004
1988-10-01,5.1503098110000005,-0.019233065984305076,-0.03774027084910381,-0.12076788001349348,-0.2452195974688125,-0.27436898815770894
1988-11-01,5.333334932666667,0.03553672077663417,0.015620174696766354,-0.119416197250647,-0.24166023701658468,-0.27605442783831813
1988-12-01,5.516360054333333,0.03431720002162941,0.07107344155326834,-0.1181504515044941,-0.2383066291434608,-0.2776209742145255
1989-01-01,5.699385176,0.03317860325721367,0.06863440004325905,-0.0505493583584109,-0.1779494513505595,-0.23937566297132773
1989-02-01,5.551877642333333,-0.025881306335956644,0.006438591326557663,-0.03449042281370296,-0.1618583431281112,-0.2446108431704449
1989-03-01,5.404370108666667,-0.026568945349572215,-0.0517626126719134,-0.016955639478855256,-0.14419199842274888,-0.2500542922791733
1989-04-01,5.256862575,-0.027294121368578672,-0.05313789069914454,-0.04121285897823024,-0.15223626983406913,-0.2610951648479445
1989-05-01,5.253706698333334,-0.0006003346333752768,-0.027878070395608745,-0.03920199682742309,-0.13686647286869924,-0.251869422083401
1989-06-01,5.250550821666667,-0.0006006952515388297,-0.0012006692667505536,-0.03718024964426858,-0.12090956976032263,-0.24239887205132127
1989-07-01,5.247394945,-0.0006010563032061711,-0.0012013905030777705,-0.019601339760358494,-0.10577612342933107,-0.23116048592006933
1989-08-01,5.217792859666667,-0.005641291658738057,-0.00623895722803447,-0.006382355023678898,-0.09468190084335915,-0.22350514963870816
1989-09-01,5.188190774333333,-0.005673296378274628,-0.011282583317476336,0.007355084397530076,-0.08317750841329263,-0.2156058104766274
1989-10-01,5.158588689,-0.00570566631431102,-0.011346592756549034,-0.03276491086212241,-0.11935455620926272,-0.24400632387971688
1989-11-01,5.384354444666667,0.043765023590286,0.0378096486551307,-0.023929839308253653,-0.1109923955471015,-0.23440584082244498
1989-12-01,5.610120200333333,0.04192995798972565,0.08753004718057156,-0.01566221143335944,-0.1031618826651518,-0.22536032379802906
1990-01-01,5.835885956,0.04024258796687685,0.08385991597945153,0.05115536255718056,-0.027809931358227735,-0.1582612678667351
1990-02-01,5.682189543333333,-0.02633643183322465,0.012846309958870039,0.051406441283720294,-0.01182829001065111,-0.14218574952095764
1990-03-01,5.528493130666667,-0.027048800729815747,-0.05267286366644919,0.05167161054550995,0.005622095638188052,-0.12453652086076594
1990-04-01,5.374796718,-0.027800778446139263,-0.05409760145963172,0.023048492544336385,-0.019703120387466022,-0.13321726609235496
1990-05-01,5.4577852296666665,0.015440307051751478,-0.012789723949873877,0.03946907953825263,-0.0018801102710872541,-0.10333833118210767
1990-06-01,5.540773741333333,0.015205529014877595,0.03088061410350318,0.05590941779842207,0.016039377886595263,-0.07231806003483465
1990-07-01,5.623762253,0.014977783887399232,0.03041105802975519,0.07780481215945922,0.05071736283182848,-0.04163827280024579
1990-08-01,5.701197729333333,0.013769336762418316,0.028953354800117737,0.098879740031518,0.08567181828034975,-0.01080828042569315
1990-09-01,5.778633205666667,0.013582317262023524,0.027538673524836632,0.12019654096261423,0.12199720360990662,0.021161542438803416
1990-10-01,5.856068682,0.013400310000191373,0.02716463452404705,0.08760831817091419,0.09801254860848685,-0.00028466810587235436
1990-11-01,6.328742959666667,0.08071528927239902,0.09519720917059571,0.12809400399132898,0.14726792619259377,0.044935038283818285
1990-12-01,6.801417237333333,0.0746869134485375,0.16143057854479803,0.16544724976002145,0.19335981466456564,0.08727977521344088
1991-01-01,7.274091515,0.0694964389292474,0.14937382689707546,0.280156436093262,0.3102038595978238,0.21177822572144578
1991-02-01,7.135934465333333,-0.01899303155339349,0.049183459318422384,0.2907557804042762,0.32040077231014585,0.24098791657761987
1991-03-01,6.9977774156666674,-0.01936075090625322,-0.03798606310678687,0.3019613173892446,0.33116993564677055,0.27288203552560253
1991-04-01,6.859620366000001,-0.019742990018139173,-0.038721501812506554,0.25685054969063903,0.3056725013172359,0.2511104685310983
1991-05-01,6.827678111666667,-0.004656562991686375,-0.02430761853316188,0.23226076905707616,0.3003736833651631,0.24864593184760775
1991-06-01,6.795735857333334,-0.004678348013910094,-0.009313125983372639,0.20839671942179705,0.29506849180633465,0.24616805433838773
1991-07-01,6.763793603,-0.0047003378300621845,-0.0093566960278203,0.1863811648207685,0.29629400493911096,0.2637154733011349
1991-08-01,6.779856351666666,0.0023748135453958152,-0.002336686710613045,0.1732629690041887,0.3067862471841849,0.2910794051435657
1991-09-01,6.795919100333333,0.0023691871676188025,0.0047496270907918525,0.1604917000413919,0.3173989069577734,0.3195165630266843
1991-10-01,6.8119818489999995,0.0023635873867124957,0.004738374335237383,0.07635621993388475,0.2651436525965396,0.2772462136732914
1991-11-01,7.259956057666666,0.06576268384103656,0.06828170707779213,0.06741812835954097,0.2940820870888481,0.3160772658346811
1991-12-01,7.707930266333333,0.0617048099338835,0.13152536768207312,0.0596416405318394,0.32078151020217316,0.3524143444088106
1992-01-01,8.155904475,0.0581186120252446,0.12340961986776677,0.14293432971136766,0.4353453739622202,0.4690353427119569
1992-02-01,7.968046158,-0.023033413102842903,0.03374652892266039,0.1386538445994423,0.4412690709157403,0.4743709253409789
1992-03-01,7.780187841,-0.023576459432453012,-0.04606682620568581,0.13420093618632767,0.44753155313659265,0.4800059408058617
1992-04-01,7.592329524,-0.024145730262452703,-0.047152918864906024,0.11199289126222123,0.3911008228632149,0.44513768277330024
1992-05-01,7.582417430333333,-0.0013055404978582485,-0.02541974753160292,0.11576105803922387,0.36847627864131094,0.44411847211231614
1992-06-01,7.572505336666667,-0.0013072471619688386,-0.002611080995716497,0.11956481541778152,0.34651946437229064,0.44309803550848725
1992-07-01,7.562593242999999,-0.0013089582939839195,-0.0026144943239377882,0.11545036513065887,0.3264920113346652,0.4493854866218525
1992-08-01,7.414702229666666,-0.0195555953601263,-0.020838956195369795,0.09105216236358404,0.28312387475910916,0.4291498813706274
1992-09-01,7.266811216333332,-0.019945644309438793,-0.03911119072025271,0.06676902220461756,0.24090266199738752,0.4086820358112355
1992-10-01,7.118920202999999,-0.020351569475332454,-0.039891288618877474,-0.01942654384494935,0.12485532251335907,0.32214925227507285
1992-11-01,7.365834282333333,0.03468420382479942,0.013626756365629822,-0.04438234028844368,0.08298521106775891,0.312954806546869
1992-12-01,7.612748361666666,0.03352153603639274,0.06936840764959862,-0.06659667422518867,0.04655658317857525,0.30447174928766985
1993-01-01,7.859662441,0.032434288853766535,0.06704307207278548,-0.013602295324454339,0.10142021051098027,0.38321018351480407
1993-02-01,7.608349401333333,-0.03197504238295146,-0.0005778412899450913,-0.022086669779502355,0.08725227302882099,0.3762067206215125
1993-03-01,7.357036361666667,-0.03303121694471922,-0.06395008476590291,-0.030990904911272765,0.07251363328095106,0.3688027189992542
1993-04-01,7.105723322,-0.03415954839860735,-0.06606243388943855,-0.06286835467885554,0.04072324526521376,0.30194264211345323
1993-05-01,6.9982638150000005,-0.015122951194468048,-0.04876590640981826,-0.07583243538781592,0.0298022115512504,0.26304811235911196
1993-06-01,6.890804308,-0.015355166629996586,-0.03024590238893632,-0.08883049946151911,0.01877802790192562,0.2253014971114926
1993-07-01,6.783344801,-0.015594624690653758,-0.03071033325999306,-0.08514939765761154,0.0005145314520529354,0.18981047896284897
1993-08-01,6.640006740333333,-0.021130882311265697,-0.036395978822892916,-0.08625578088380159,-0.02294205650452097,0.1490618116792708
1993-09-01,6.496668679666667,-0.021587035416092193,-0.042261764622531284,-0.08740813291756078,-0.046288022534825335,0.10939079311615663
1993-10-01,6.353330618999999,-0.02206331702204367,-0.0431740708321845,-0.13745946820467903,-0.12488029286475522,0.003885077888299504
1993-11-01,6.633453313666666,0.04409068431429386,0.02105458054650522,-0.12863883074490612,-0.13939889380678017,-0.024695430056063117
1993-12-01,6.913576008333333,0.04222878814712394,0.08818136862858794,-0.12037240018494921,-0.15232258671919607,-0.049561585240334605
1994-01-01,7.193698703,0.04051777174779292,0.08445757629424788,-0.05449942904313354,-0.09718159755168432,0.008094838587333841
1994-02-01,6.857224766,-0.046773426423833975,-0.008150809691744199,-0.0679365400816695,-0.11862992177851717,-0.020085327285774723
1994-03-01,6.520750829000001,-0.049068529686868256,-0.09354685284766773,-0.08232413035121544,-0.14113964516590694,-0.049400625533101095
1994-04-01,6.184276892000001,-0.051600489855184395,-0.09813705937373662,-0.11631269476513728,-0.18439245150762795,-0.09423426370485544
1994-05-01,6.117143249333334,-0.01085553636084935,-0.06189587522217321,-0.11227442023980716,-0.19219030197131126,-0.09985564804843394
1994-06-01,6.050009606666666,-0.010974672315215761,-0.02171107272169892,-0.10810819969305197,-0.2000085933133311,-0.10553012676447471
1994-07-01,5.982875964,-0.011096452242437826,-0.02194934463043141,-0.09896537790266535,-0.19310637451330737,-0.11755122031025744
1994-08-01,5.760040736,-0.03724550355729217,-0.04792866284826103,-0.1133854872378165,-0.20734961119488315,-0.15242652966285675
1994-09-01,5.537205508,-0.03868639792897455,-0.07449100711458434,-0.12845626332735305,-0.22218463613813866,-0.18713736607902687
1994-10-01,5.31437028,-0.04024326488840879,-0.0773727958579492,-0.19885314199001092,-0.2785107461966242,-0.2679886437621184
1994-11-01,5.53326352,0.04118893273654245,-0.0007119092824539042,-0.1996524644655041,-0.27315822655294,-0.2821336819602318
1994-12-01,5.75215676,0.03955951839430916,0.08237786547308468,-0.2003895356916785,-0.26814200950999856,-0.2947248490180483
1995-01-01,5.97105,0.03805411589652152,0.07911903678861831,-0.12923227635674095,-0.21519771437500002,-0.25062557600711133
1995-02-01,5.871685580333334,-0.016641029578828848,0.02077982664946254,-0.0995384221369191,-0.201895261667137,-0.24530285125112916
1995-03-01,5.7723211606666665,-0.01692263972707919,-0.03328205915765792,-0.06661340339826005,-0.1876518548372117,-0.23971672430446178
1995-04-01,5.672956741,-0.01721394511860297,-0.03384527945415838,-0.07261338998097566,-0.18937655238994444,-0.2518274292964362
1995-05-01,5.667723015666667,-0.000922574518417818,-0.01812063848989287,-0.06318776594647846,-0.1774947071002112,-0.2515392510556439
1995-06-01,5.662489290333333,-0.0009234264481284837,-0.001845149036835747,-0.053550612714435064,-0.16523640527626293,-0.25125031739944736
1995-07-01,5.657255565,-0.0009242799526822942,-0.0018468528962570785,-0.017844521542633718,-0.14800454483936232,-0.23702188034403016
1995-08-01,5.529596478,-0.022565550651413746,-0.023468973718007713,-0.0013741642763677175,-0.14885662935119626,-0.23906149294599277
1995-09-01,5.401937391,-0.023086510472853483,-0.0451311013028276,0.016477419973829788,-0.1497471617728824,-0.2411858488421379
1995-10-01,5.274278304,-0.023632093036229596,-0.046173020945706744,-0.04680514764277843,-0.20489704915332807,-0.28395371089868915
1995-11-01,5.543287785666666,0.05100403622286098,0.02616661105738949,-0.03631141901169843,-0.1982025251497892,-0.2718414530054072
1995-12-01,5.812297267333333,0.04852886807757795,0.10200807244572219,-0.026587071397269568,-0.1920293708006673,-0.2604902168554425
1996-01-01,6.0813067489999995,0.04628281543316293,0.0970577361551559,0.03570033950196039,-0.11315335919090985,-0.2007061678930946
1996-02-01,5.872735747666666,-0.0342970696828655,0.010398380804267138,0.017395876668165444,-0.0993773720736868,-0.20175251840997388
1996-03-01,5.664164746333333,-0.03551513473362078,-0.06859413936573089,-0.0015498081631972749,-0.08410233803397227,-0.20287288293416428
1996-04-01,5.455593745,-0.03682290517209108,-0.07103026946724167,-0.03742760012800572,-0.10814680601201088,-0.22043611255315343
1996-05-01,5.398234267666667,-0.0105138835504206,-0.04694963698554411,-0.04666764193581552,-0.10773128992750536,-0.216603167586766
1996-06-01,5.340874790333333,-0.01062559987010836,-0.02102776710084131,-0.05592478031645487,-0.10730644885999618,-0.21264878212500982
1996-07-01,5.2835153130000005,-0.010739715792841609,-0.02125119974021661,-0.04450255384440005,-0.08272952307815051,-0.20429067023284908
1996-08-01,5.192117534666667,-0.017298668200781186,-0.02785260121355182,-0.038841593514746586,-0.06232168425657314,-0.20080308991021745
1996-09-01,5.1007197563333335,-0.017603179766846555,-0.03459733640156237,-0.032906596440889446,-0.04020241579152195,-0.19715814236404783
1996-10-01,5.009321978,-0.01791860417735147,-0.03520635953369311,-0.09632655353874042,-0.09468942516585588,-0.24483949141852357
1996-11-01,5.254079858333333,0.04886048080124694,0.030066365008502904,-0.09604075347923635,-0.08658959107829789,-0.24003441171395423
1996-12-01,5.4988377386666665,0.04658434719927795,0.09772096160249388,-0.09578023842147299,-0.07908362203185926,-0.2356035517065126
1997-01-01,5.743595619,0.04451083882913065,0.0931686943985559,-0.021989773457451345,-0.02181485360223634,-0.16240231070179856
1997-02-01,5.483333321,-0.04531347874475067,-0.00281958086481493,-0.03192552360882395,-0.05006440764867115,-0.15909479371397717
1997-03-01,5.223071023,-0.04746424898213841,-0.09062695748950145,-0.04262097452052849,-0.07930356929192739,-0.15542736617168929
1997-04-01,4.962808725,-0.04982936223802514,-0.09492849796427683,-0.08066073480261815,-0.12437345451041781,-0.1887048377458116
1997-05-01,4.934094306,-0.005785920955476698,-0.05532697444233081,-0.07616364365432826,-0.12863511911215542,-0.18444851714566024
1997-06-01,4.9053798870000005,-0.005819592658592332,-0.011571841910953284,-0.07156890887958711,-0.13290466894436637,-0.18009667649529748
1997-07-01,4.876665468000001,-0.005853658567014808,-0.011639185317184664,-0.060755956420566415,-0.11807932325581894,-0.1533626771906217
1997-08-01,4.718454862666667,-0.03244237407127659,-0.038106126057374845,-0.0749433240655939,-0.12652544427339374,-0.1478635106012275
1997-09-01,4.560244257333333,-0.03353017246919687,-0.0648847481425534,-0.089648404043288,-0.13538042657421867,-0.14190317628124838
1997-10-01,4.402033652,-0.034693449825393574,-0.06706034493839363,-0.16216849178299586,-0.20588036879802962,-0.20444171218507234
1997-11-01,4.638835953333333,0.05379384167718615,0.017234097904649914,-0.15639701082393864,-0.20189285923057765,-0.19354841203365725
1997-12-01,4.875638254666667,0.05104778520205566,0.1075876833543723,-0.15111742224019076,-0.19825812840827195,-0.18345378875295526
1998-01-01,5.112440556,0.04856847226241201,0.10209557040411132,-0.06764001808526932,-0.12946184271423133,-0.12930614453818068
1998-02-01,4.873594516,-0.04671859503964082,-0.00041917356455045685,-0.06691015792453647,-0.13957401765990385,-0.15569588379640154
1998-03-01,4.634748476,-0.049008188764138705,-0.09343719007928153,-0.06610374632159532,-0.1504593830419093,-0.18301007964622518
1998-04-01,4.395902436,-0.05153376525971376,-0.09801637752827763,-0.10907612149722057,-0.18567772015198503,-0.22439709494467397
1998-05-01,4.446694664333333,0.011554448505811443,-0.04057476099090629,-0.09350656488037812,-0.16742203498543218,-0.21471027381465124
1998-06-01,4.497486892666667,0.01142246818535475,0.02310889701162311,-0.07775365725236849,-0.14876997108332846,-0.20500552944939
1998-07-01,4.548279121,0.011293468896185432,0.02284493637070928,-0.036065989104427154,-0.12400305065667228,-0.17746635959861812
1998-08-01,4.413456486,-0.029642559617220066,-0.018683858046074975,-0.032188576543303205,-0.134738488520172,-0.1829863683068369
1998-09-01,4.278633851,-0.030548082988395397,-0.05928511923444024,-0.028032452896841198,-0.14586567407905593,-0.1887735905488539
1998-10-01,4.1438112160000005,-0.0315106736624563,-0.061096165976790795,-0.10671313715623476,-0.2113155247483287,-0.25246327157780013
1998-11-01,4.32706236,0.04422285052283126,0.011318685049126476,-0.11251365790757817,-0.2130951001567093,-0.25553319780816286
1998-12-01,4.510313504,0.042350012260974124,0.08844570104566252,-0.11777683190728527,-0.21472300572837377,-0.2583315247595973
1999-01-01,4.693564648,0.040629358433173834,0.08470002452194825,-0.03693985361501917,-0.14403076135739445,-0.2007873587935861
1999-02-01,4.533387984333333,-0.034126868527297294,0.005115937132279091,-0.021869685526957783,-0.13204550266110116,-0.19963698314601497
1999-03-01,4.373211320666666,-0.035332661625303685,-0.06825373705459481,-0.005161878741326564,-0.11880316913348987,-0.1983986482361021
1999-04-01,4.213034657,-0.03662678336848546,-0.07066532325060726,-0.052546897183543106,-0.1461381976674364,-0.21955320052809746
1999-05-01,4.229151182,0.0038253957805027827,-0.032941499530533824,-0.059663478086884325,-0.13785450272508126,-0.20815384220305766
1999-06-01,4.245267707,0.0038108178938116577,0.0076507915610057875,-0.06662111227979761,-0.12947325690948963,-0.19650697395452033
1999-07-01,4.261384232,0.0037963506926608215,0.007621635787623315,-0.03445649786791627,-0.0968687089248429,-0.17925890476329898
1999-08-01,4.122310791,-0.032635743089218794,-0.028963289122440172,-0.03653574141743032,-0.09603289684079785,-0.19181782416461657
1999-09-01,3.98323735,-0.033736767568236514,-0.0652714861784377,-0.0387502850950342,-0.09513700600851294,-0.20483503206748754
1999-10-01,3.8441639089999997,-0.03491467587288022,-0.06747353513647303,-0.11159960518803347,-0.17130850332448277,-0.2683468822989261
1999-11-01,4.034362552333333,0.04947724598528125,0.012835088105742187,-0.10552502641879935,-0.17254678431651815,-0.2663244954539127
1999-12-01,4.224561195666666,0.04714465813770996,0.0989544919705625,-0.0999247879824523,-0.17367035383742735,-0.2644744728038162
2000-01-01,4.414759838999999,0.04502210632631587,0.0942893162754197,-0.026167657774559316,-0.09414707676103284,-0.1948766232954673
2000-02-01,4.248167023666666,-0.037735419685041904,0.005587758563945888,-0.028593243690071102,-0.08340937039737084,-0.18665340659552687
2000-03-01,4.0815742083333335,-0.03921522256663623,-0.07547083937008381,-0.03120326780323146,-0.07150482346753029,-0.17756769714445664
2000-04-01,3.914981393,-0.04081582419675267,-0.07843044513327257,-0.07428672456476859,-0.11957494531796231,-0.20654508199422328
2000-05-01,3.958793585,0.011190906827382774,-0.0300816834550387,-0.06748081434950126,-0.11977651531236877,-0.19296901031224867
2000-06-01,4.002605777,0.011067056430021038,0.022381813654765548,-0.060726383942746986,-0.11997358330111152,-0.17923306339863954
2000-07-01,4.046417969,0.010945917345084544,0.022134112860042077,-0.018410262070897798,-0.08316350646353698,-0.14242732276278702
2000-08-01,3.9335389873333333,-0.02789602619685949,-0.017255456448782014,-0.012476877047426393,-0.08065538573393272,-0.13742800486886086
2000-09-01,3.820660005666667,-0.028696545789975936,-0.05579205239371887,-0.0061141782425835345,-0.07798405706456624,-0.13206933256159792
2000-10-01,3.707781024,-0.02954436707250807,-0.05739309157995187,-0.08094997018660344,-0.14311819069785725,-0.20070874217147172
2000-11-01,4.017167231,0.0834424160966849,0.05143279565359937,-0.049092427606303835,-0.10933747123401727,-0.17607356797748275
2000-12-01,4.3265534379999995,0.07701601382499157,0.16688483219336936,-0.019979886611449227,-0.07819455734063219,-0.15372053902468896
2001-01-01,4.635939645,0.07150869888319633,0.15403202764998336,0.09127998479651112,0.02262141714344068,-0.04876377593986936
2001-02-01,4.561887947,-0.01597339561568001,0.054393066530292744,0.11767855100760194,0.04314372494228591,-0.01572049257414776
2001-03-01,4.487836249,-0.016232686742930214,-0.031946791231359906,0.14632377487777237,0.06522652063718826,0.02091352443291572
2001-04-01,4.413784551,-0.01650053475469393,-0.032465373485860316,0.11493172256416084,0.04365731113747651,-0.007401028363225204
2001-05-01,4.549944655,0.030848833337175696,0.013839276335859907,0.13674563734084155,0.07176860660580253,0.011663794377893
2001-06-01,4.686104759,0.029925661590272767,0.06169766667435139,0.15808717609023648,0.09966726863319364,0.030302809993265623
2001-07-01,4.822264863,0.029056137453712383,0.05985132318054531,0.2259354435099068,0.1697965309961995,0.09262771215639898
2001-08-01,4.973099546333334,0.03127880521259829,0.061243783929955775,0.30163362847188946,0.2485069578726795,0.16231014840660474
2001-09-01,5.123934229666666,0.030330115439684446,0.06255761042519614,0.38194089578108437,0.33291252687494777,0.236526946469529
2001-10-01,5.274768913,0.029437279358510926,0.060660230879369115,0.3130568407247867,0.30746030991916196,0.21901846429594785
2001-11-01,5.601570807666667,0.06195567996566509,0.09321676598317152,0.2946958561676887,0.32595328797993606,0.24194710693588783
2001-12-01,5.928372702333334,0.05834111642744677,0.12391135993133018,0.27878556588355563,0.34285282065902534,0.26308534066096323
2002-01-01,6.255174597000001,0.05512505894544062,0.1166822328548931,0.3711811139757486,0.47244083440039786,0.3798012917969713
2002-02-01,6.109585677000001,-0.02327495703634308,0.030567068530516606,0.3613655530237687,0.4968699244830792,0.3970478966172246
2002-03-01,5.963996757,-0.023829589713109556,-0.04654991407268638,0.3512206334694745,0.5233780593858368,0.4156059094103961
2002-04-01,5.8184078370000005,-0.02441130100030997,-0.047659179426219,0.27878650800863425,0.4697426658076189,0.3757862007308115
2002-05-01,5.787012836333334,-0.005395806128786984,-0.029675388481547826,0.23493031717205226,0.4458113435969624,0.3631679403376984
2002-06-01,5.7556178356666665,-0.005425078802237304,-0.01079161225757408,0.1935507482859442,0.4223982494544587,0.3506451242875548
2002-07-01,5.724222835,-0.005454670821282925,-0.010850157604474608,0.15103725185241257,0.4552348034258651,0.388595650647535
2002-08-01,5.685833782333334,-0.006706421775186877,-0.0121245112732975,0.10966174183372002,0.48818104042241584,0.4274403663977828
2002-09-01,5.647444729666667,-0.006751701533370014,-0.013412843550373976,0.07065253906160396,0.5231332953892012,0.46909571583168086
2002-10-01,5.609055677000001,-0.006797596878638568,-0.013503403066739916,0.001336209001069788,0.3962713908735458,0.3903201817486437
2002-11-01,5.872170937333333,0.046909012048541365,0.03979254661602161,-0.00948013355804711,0.357239895792854,0.39000730853578314
2002-12-01,6.135286197666667,0.04480715277897196,0.09381802409708295,-0.01916627545309968,0.32341804843895194,0.3897213940082387
2003-01-01,6.3984014579999995,0.042885572385098936,0.0896143055579437,0.047272564175221854,0.4025775144713346,0.506155813167023
2003-02-01,6.311386321666666,-0.013599511831902444,0.028702837704127404,0.0582477789343081,0.4063316866948963,0.5463117903824299
2003-03-01,6.224371185333333,-0.013787008415982127,-0.027199023663805,0.06977224005367244,0.41021182919386523,0.5898852537236907
2003-04-01,6.137356049,-0.013979747309795676,-0.027574016831964365,0.06053956031807317,0.3488858688106393,0.5503096883491589
2003-05-01,6.124613946,-0.0020761550899554004,-0.016026878276217515,0.06411059956877652,0.30697333093914314,0.5301566747326463
2003-06-01,6.111871843,-0.0020804744776315998,-0.004152310179910801,0.06772081017352649,0.2674276541495726,0.5104400706559833
2003-07-01,6.09912974,-0.0020848118755293354,-0.0041609489552633105,0.07268871611246075,0.22642422158971032,0.5505451349637664
2003-08-01,5.9365795913333335,-0.026651367587840036,-0.028680616375723167,0.051197466377636,0.15859792988005106,0.5538099654322577
2003-09-01,5.7740294426666665,-0.027381111659644852,-0.05330273517567996,0.029412039239179455,0.09465069236231516,0.5572735836588247
2003-10-01,5.611479294,-0.028151943158709503,-0.054762223319289705,-0.04439442347904787,0.0017688763872754087,0.3968747058118176
2003-11-01,5.799263333,0.03346426657954282,0.004370239290238054,-0.05476889811504815,-0.021778213991593076,0.34038869878856226
2003-12-01,5.987047372,0.03238067116756671,0.06692853315908542,-0.06429013382486004,-0.042864866654336864,0.2914420442158281
2004-01-01,6.174831411,0.031365049803718126,0.06476134233513364,-0.021636278260749098,0.010679240369051879,0.35356928594896964
2004-02-01,5.971687276,-0.032898733824232695,-0.0025655544453908607,-0.040595893433980845,0.0012894908084872814,0.3306384067223127
2004-03-01,5.768543141,-0.034017878969722415,-0.06579746764846539,-0.060093125615564236,-0.008570161700062418,0.30693808778977716
2004-04-01,5.565399006,-0.03521584740454664,-0.06803575793944505,-0.0913061533233821,-0.038295030026881616,0.2231794951360786
2004-05-01,5.528837713666666,-0.006569392831298759,-0.041553893500357875,-0.0953937098666573,-0.039401525340108434,0.17983655893482475
2004-06-01,5.492276421333333,-0.006612835143082196,-0.013138785662597408,-0.09949834558965576,-0.04052015799393083,0.1389412604592004
2004-07-01,5.455715129,-0.006656855833279018,-0.013225670286164504,-0.08100025527078525,-0.04047227937762521,0.09704522866880838
2004-08-01,5.369097595666666,-0.015876476554451235,-0.02242764497216676,-0.07012985489955992,-0.049287270141452066,0.0478467043118056
2004-09-01,5.282480062333333,-0.0161326054872315,-0.03175295310890247,-0.05862967934648622,-0.05822292262239348,0.0014618933000700718
2004-10-01,5.195862528999999,-0.016397133980866063,-0.032265210974463,-0.10404783665649775,-0.11517178494133873,-0.07242759086636719
2004-11-01,5.3642555053333325,0.03240905150847828,0.015480501967834792,-0.10402320676120214,-0.1256715118891386,-0.09515548790951889
2004-12-01,5.532648481666667,0.031391677030654375,0.06481810301695679,-0.10400007491529772,-0.13530769865196113,-0.11550854482620831
2005-01-01,5.701041458,0.030436232645419503,0.06278335406130875,-0.045321498848025055,-0.09670535640820843,-0.06686938208232307
2005-02-01,5.4972275239999995,-0.03575029852028144,-0.00640217027776846,-0.047033646168236354,-0.11682202742772207,-0.07826450147749486
2005-03-01,5.29341359,-0.03707576830505577,-0.07150059704056266,-0.04887078459366079,-0.13750912481890454,-0.09022988104434593
2005-04-01,5.089599656,-0.03850330803265278,-0.07415153661011165,-0.07944491779545626,-0.16899257636899234,-0.12051350153479479
2005-05-01,5.066319851,-0.004573995318581825,-0.04290118940054333,-0.07755555941773329,-0.171069030709059,-0.11976090219110691
2005-06-01,5.043040046,-0.004595012886011385,-0.009147990637163761,-0.07564087809614806,-0.17315416117054117,-0.11900004745360337
2005-07-01,5.019760241,-0.004616224497060006,-0.009190025772022659,-0.0650644448982659,-0.1544356200785677,-0.11714615073745482
2005-08-01,4.934994783333334,-0.016886355841126743,-0.021424629128686812,-0.06578070809537717,-0.1453118082726358,-0.12615439024852293
2005-09-01,4.850229325666667,-0.017176402689004,-0.03377271168225371,-0.06652085219811499,-0.13565940965821421,-0.13528593671211186
2005-10-01,4.765463868,-0.017476587595168014,-0.03435280537800778,-0.11162623345177958,-0.17826392864715934,-0.1884664259851928
2005-11-01,4.876838577333333,0.023371221022409294,0.005486184235836911,-0.11853453305527473,-0.18543511111317568,-0.20511636780887876
2005-12-01,4.988213286666667,0.022837481201650522,0.04674244204481859,-0.12503472858157427,-0.19217012503684905,-0.22039695079935262
2006-01-01,5.099587996,0.022327575613303008,0.04567496240330082,-0.07233455887790163,-0.14603900701648187,-0.19200192539420768
2006-02-01,4.9542505210000005,-0.02849984648053905,-0.006808603344497732,-0.06407265618555225,-0.14116087894227636,-0.2040560606870867
2006-03-01,4.808913046,-0.02933591557066939,-0.05699969296107832,-0.0551490547334319,-0.13592663512255643,-0.21645200187081415
2006-04-01,4.663575571,-0.030222520891886373,-0.05867183114133856,-0.07949444406288442,-0.15649982645137794,-0.23855191329311587
2006-05-01,4.678818869666666,0.0032685861812673522,-0.027052719624769295,-0.07222254295248431,-0.1481093610851414,-0.23447038978322599
2006-06-01,4.694062168333334,0.0032579373323236016,0.0065371723625347045,-0.0648831930271202,-0.1396064388732614,-0.23037181230164594
2006-07-01,4.709305467,0.0032473576446216956,0.006515874664646981,-0.04573243260469917,-0.12288696878953675,-0.20673084651724383
2006-08-01,4.567294537,-0.03015538724237099,-0.027005954925037434,-0.05833431156943836,-0.13538821100962695,-0.20899354907157353
2006-09-01,4.425283607,-0.031093008968341995,-0.06031077448474209,-0.0713845011572335,-0.14830625669927144,-0.21138734099372403
2006-10-01,4.283272677,-0.03209080877333237,-0.06218601793668388,-0.1217112051016247,-0.20151590975832168,-0.2614109015145838
2006-11-01,4.480089789,0.04595017101219212,0.012384784087805523,-0.10186482984295497,-0.19024499679574647,-0.2517029663148622
2006-12-01,4.676906901000001,0.04393151058785638,0.09190034202438424,-0.08288534197890907,-0.1796399069441742,-0.24258549105187865
2007-01-01,4.873724013,0.042082751734467294,0.08786302117571254,-0.016254024228017028,-0.11342144895365602,-0.18386148039142558
2007-02-01,4.743345874666667,-0.02675123539731994,0.014205750739331613,-0.013634509650339965,-0.10391549913509279,-0.17772204199128372
2007-03-01,4.612967736333333,-0.027486534142420194,-0.05350247079463977,-0.010851723939323876,-0.09364821437473525,-0.17113440898664412
2007-04-01,4.482589598,-0.028263396968166488,-0.0549730682848405,-0.041939916276486855,-0.1152178050670809,-0.18923473067050944
2007-05-01,4.563148442666666,0.017971496811264975,-0.01079983570539056,-0.02788921854291282,-0.09515918948808877,-0.16916992288620225
2007-06-01,4.643707287333333,0.017654223981280248,0.03594299362252995,-0.013929480711399989,-0.07491452491996953,-0.1488361878263066
2007-07-01,4.7242661319999995,0.01734795922352972,0.035308447962560274,0.03436861663471902,-0.04270088634034952,-0.12010052940499771
2007-08-01,4.68942476,-0.007374980796276631,0.00984503756112498,0.059689090340374173,-0.03315401290733078,-0.11226834655981144
2007-09-01,4.654583388,-0.007429775246036718,-0.014749961592553151,0.08668855312290447,-0.02326751037701924,-0.10417503118662663
2007-10-01,4.619742016,-0.0074853900114507654,-0.014859550492073548,0.031171747348209156,-0.05271787393748728,-0.13879157855048307
2007-11-01,4.854991200333333,0.05092258042084863,0.04305601503455825,0.0380773667517853,-0.02670737570292603,-0.12248334293762952
2007-12-01,5.090240384666667,0.04845512064309854,0.10184516084169726,0.044425242604861914,-0.0018330130474589756,-0.10713850755746124
2008-01-01,5.325489569,0.04621573178390048,0.09691024128619707,0.12272849370788141,0.07493344279349556,-0.031240830809752596
2008-02-01,5.323493959,-0.0003747279896324507,0.045823685466007236,0.15402800610772016,0.10700565971514564,0.005682603198968961
2008-03-01,5.321498349,-0.0003748684633382293,-0.0007494559792650124,0.18714823935126623,0.14107689861213557,0.04556324832477143
2008-04-01,5.319502739,-0.00037500904240150845,-0.0007497369266763476,0.16575272661770502,0.13693282154754116,0.04997372756677132
2008-05-01,5.576461996666667,0.04830512742906712,0.04791200352708547,0.2008642344614644,0.18798213502285943,0.10577388753630124
2008-06-01,5.8334212543333335,0.046079262769165075,0.09661025485813424,0.2347782896523185,0.23870097092033316,0.16209160881581108
2008-07-01,6.090380512,0.0440494945356098,0.09215852553833037,0.29874788992243073,0.33347662662466027,0.23412096251219605
2008-08-01,6.278496984333334,0.030887474429993844,0.0762975466017266,0.348884843382536,0.41877844267469877,0.29447425322932563
2008-09-01,6.466613456666667,0.029962023204397115,0.06177494885998791,0.39977804697106856,0.50973658328843,0.3569746064155168
2008-10-01,6.654729929,0.029090415500155897,0.05992404640879445,0.370698659256705,0.48540101703751826,0.3645581709285981
2008-11-01,7.410009386666667,0.11349513289417024,0.145887168967463,0.45572877245401644,0.5843824868701757,0.4855037186307536
2008-12-01,8.165288844333334,0.10192692320008301,0.22699026578834047,0.533246613018262,0.6753695577659977,0.6011663786835326
2009-01-01,8.920568302000001,0.09249880464312388,0.2038538464001658,0.6756980228969207,0.8806489211851716,0.8005888608554683
2009-02-01,9.027487481333335,0.011985691461984693,0.10559315823816351,0.6964183561251605,0.9569804076949668,0.8772407392232426
2009-03-01,9.134406660666667,0.011843736095388024,0.023971382923969387,0.7171542358081051,1.0377521655656747,0.9586702352306893
2009-04-01,9.24132584,0.011705103933431715,0.02368747219077627,0.6572023346566349,1.0252082429734517,0.9751407561238592
2009-05-01,9.397081212333333,0.016854223628731235,0.02875660800145452,0.6109039280084134,1.0236161822614886,1.001908128896777
2009-06-01,9.552836584666668,0.01657486711181244,0.03370844725746269,0.5685122737150037,1.0220784176319282,1.028502217918808
2009-07-01,9.708591957000001,0.01630462019871004,0.03314973422362488,0.5463242207849661,1.0703161803154728,1.125676782688298
2009-08-01,9.686107510000001,-0.0023159328458323136,0.013950926947420728,0.4978640017541547,1.0809827008302815,1.1888105645202778
2009-09-01,9.663623063000001,-0.0023213088412230576,-0.004631865691664738,0.4521435379199745,1.0918101118051697,1.2561307186654278
2009-10-01,9.641138616000001,-0.002326709853376685,-0.004642617682446115,0.3010966805720863,0.985819998054386,1.1519967389207166
2009-11-01,9.940442367333334,0.031044440211306812,0.02864549895299784,0.21740241611072308,0.9528434054464172,1.1254308836483151
2009-12-01,10.239746118666666,0.030109701386823007,0.0620888804226134,0.14788046815031985,0.9227802413270798,1.1010106627608636
2010-01-01,10.53904987,0.029229606658676355,0.06021940277364646,0.16743998723811138,0.9797242095452143,1.2218598745428024
2010-02-01,10.241488585333332,-0.0282341661095743,0.00017016697938343484,0.12119910638901499,0.9245498003880586,1.2201517917994131
2010-03-01,9.943927300666667,-0.029054495563545113,-0.056468332219148376,0.07602820989446535,0.8693339939018438,1.2183443483435012
2010-04-01,9.646366016,-0.029923919963364742,-0.05810899112709045,0.026527897124001498,0.7298362333978283,1.1139715565252888
2010-05-01,9.633462075333334,-0.0013376996731476742,-0.0312215904185581,0.008439952882275614,0.6514257509136949,1.0745196626864453
2010-06-01,9.620558134666666,-0.0013394915105036098,-0.0026753993462955705,-0.009067619972416452,0.579631702109759,1.0364132472346221
2010-07-01,9.607654194,-0.0013412881545996624,-0.0026789830210071086,-0.008099571052562204,0.5302474808817901,1.0487916291890778
2010-08-01,9.498116115333334,-0.011401126274410811,-0.012727122233389565,-0.017126800847640622,0.46879292832036845,1.040594253788742
2010-09-01,9.388578036666667,-0.011532611029026363,-0.022802252548821622,-0.026196136098924683,0.41081278080919503,1.0322732317411436
2010-10-01,9.279039958,-0.01166716389200484,-0.023065222058052837,-0.06653651667523974,0.25223052681908964,0.9112372350670628
2010-11-01,9.401415743,0.013188410175396736,0.001367374940400401,-0.08187023056542608,0.1513880185052523,0.8469492661525155
2010-12-01,9.523791528,0.013016740068230392,0.026376820350793473,-0.09633300482712293,0.06762161395757205,0.7883410350549875
2011-01-01,9.646167313,0.01284948170486655,0.026033480136460785,-0.05812839289650562,0.0685328927839497,0.8119992973208892
2011-02-01,9.44416687,-0.020941005525351608,-0.008360604887864609,-0.05025785241140712,0.033911366204789184,0.774719496394229
2011-03-01,9.242166426999999,-0.021388910825121954,-0.04188201105070344,-0.04190174707548655,9.095956733395916e-05,0.7374117244532918
2011-04-01,9.040165984,-0.021856395315483224,-0.042777821650243686,-0.061587006487779705,-0.037981498751430864,0.6211293091217629
2011-05-01,9.082196004,0.0046492531303505835,-0.01730875809947141,-0.05595955277550213,-0.049267102655361716,0.556924420168238
2011-06-01,9.124226023999999,0.004627737606795579,0.009298506260700945,-0.05031698271383489,-0.060190595669093794,0.49813726843870443
2011-07-01,9.166256043999999,0.004606420302329939,0.009255475213591158,-0.03493956773149931,-0.053669801358626645,0.459944325349277
2011-08-01,8.915108820333332,-0.027399106293900855,-0.022918897791068815,-0.05043034360306986,-0.07745689559566682,0.37863641921296876
2011-09-01,8.663961596666667,-0.028170965574066287,-0.05479821258780149,-0.0662868533940344,-0.10135493931304496,0.30192535070594406
2011-10-01,8.412814373,-0.02898757350947767,-0.056341931148132796,-0.10515452108753742,-0.15367806963536002,0.13533113576586664
2011-11-01,8.529047873,0.01381624446309404,-0.015571828448382452,-0.10444828113629412,-0.16706451760050267,0.04454943794414712
2011-12-01,8.645281373,0.013627957273865787,0.027632488926188303,-0.10375996056497183,-0.17969062869611419,-0.030859797232681063
2012-01-01,8.761514873,0.013444733026620526,0.027255914547731575,-0.07228292409449988,-0.14450767581314095,-0.02946252862530163
2012-02-01,8.543813018333333,-0.02484751299544663,-0.011736848147425372,-0.07556165691049466,-0.1408009370944885,-0.06465593927150926
2012-03-01,8.326111163666665,-0.02548064361889979,-0.04969502599089337,-0.07898691479748554,-0.13686551496630817,-0.0990349969451283
2012-04-01,8.108409308999999,-0.026146883027057033,-0.05096128723779936,-0.10721929966839783,-0.15830786008264486,-0.13713533747500217
2012-05-01,8.133974135333332,0.0031528781243144177,-0.023076442838257716,-0.1085299603563028,-0.15452159620309192,-0.14852786779696026
2012-06-01,8.159538961666666,0.0031429687269697304,0.0063057562486288354,-0.1098286015032609,-0.15072516174007233,-0.15955485637816424
2012-07-01,8.185103788,0.0031331214243153216,0.006285937453939461,-0.08188402935344519,-0.1382392372750283,-0.15496459444109578
2012-08-01,7.992522837999999,-0.023528223341815035,-0.020468818698128,-0.077497891833338,-0.14869719282456162,-0.1729268840584538
2012-09-01,7.799941887999999,-0.0240951391573615,-0.04705644668362996,-0.07284987613264682,-0.15940205847748123,-0.19097295468238928
2012-10-01,7.607360937999999,-0.024690049331813735,-0.048190278314723,-0.1080644579235791,-0.19082815333805414,-0.23470599628447097
2012-11-01,7.798848515666666,0.025171354327379936,-0.0001401769845253975,-0.09790691833082732,-0.18111935853089522,-0.23837481659338577
2012-12-01,7.990336093333333,0.024553314156826822,0.05034270865475965,-0.08801888609961461,-0.17165690433703407,-0.24183525157440655
2013-01-01,8.181823671,0.023964896523743562,0.049106628313653866,-0.04236859427477824,-0.1336637965398424,-0.20110991650988552
2013-02-01,7.957675492333333,-0.027395870123814503,-0.004087512792765979,-0.044250630827643134,-0.13898158454647203,-0.19974520612194846
2013-03-01,7.7335273136666665,-0.028167544515055654,-0.054791740247628895,-0.046233728595475476,-0.14453702206861307,-0.1982963013388247
2013-04-01,7.509379135,-0.028983951252173457,-0.05633508903011142,-0.07678841731499264,-0.17317583416029525,-0.22049009211050818
2013-05-01,7.49756529,-0.0015732119510303288,-0.03051156530470578,-0.08112880823004875,-0.17827931155160948,-0.2206725238753754
2013-06-01,7.485751444999999,-0.0015756908467016162,-0.0031464239020607687,-0.08544208614987936,-0.1833359870085689,-0.22085544568466398
2013-07-01,7.473937599999999,-0.0015781775666476872,-0.0031513816934031214,-0.06488379808368083,-0.16165492192830555,-0.21311368388785967
2013-08-01,7.241210892,-0.03113843337412925,-0.03266746896376538,-0.07163271265643556,-0.16421479813738438,-0.22872123300037794
2013-09-01,7.008484183999999,-0.0321391976384936,-0.06227686674825861,-0.07872332585253228,-0.1669275139966292,-0.24469727302364108
2013-10-01,6.775757476,-0.03320642551085473,-0.06427839527698709,-0.13118488423149088,-0.20556695461287156,-0.27928328443032446
2013-11-01,6.877935524,0.015079944694289749,-0.01862723187676374,-0.13921824518263448,-0.20442895641541314,-0.2778154053688774
2013-12-01,6.9801135720000005,0.014855918268419144,0.030159889388579497,-0.14687558022783986,-0.2033211524287507,-0.2763847707064957
2014-01-01,7.08229162,0.014638450642103562,0.029711836536838288,-0.11000497232850281,-0.17106195971250737,-0.25008825897630504
2014-02-01,6.771877414333334,-0.04382962779873023,-0.029832774999820066,-0.12434816097874357,-0.1866698292614286,-0.2672846277091463
2014-03-01,6.461463208666666,-0.04583872191921934,-0.08765925559746068,-0.13954761205878752,-0.203115807006103,-0.28524949430102564
2014-04-01,6.151049003,-0.048040853231248404,-0.09167744383843845,-0.17959380611142373,-0.2437830634006647,-0.32273549257349854
2014-05-01,6.183314842666666,0.005245583257575959,-0.0430472722690618,-0.17398875876426234,-0.2421980124470582,-0.32231897517637964
2014-06-01,6.215580682333334,0.005218210698899606,0.01049116651515214,-0.16836599193264146,-0.24062286278570344,-0.32190627749244505
2014-07-01,6.247846522000001,0.005191122328823905,0.01043642139779899,-0.1371820797399308,-0.21828856186747858,-0.2991844914164047
2014-08-01,6.011976019666667,-0.037752288168856785,-0.03275714258611051,-0.14218597605004346,-0.22922810118419845,-0.30609387488747786
2014-09-01,5.776105517333334,-0.039233440313424794,-0.07550457633771346,-0.14753360966762352,-0.24072151112473816,-0.3134157891476712
2014-10-01,5.540235015,-0.04083555981197318,-0.07846688062684959,-0.1944915744458786,-0.28960858723303384,-0.35042749231852033
2014-11-01,5.665226618666667,0.02256070425320522,-0.019196134546699994,-0.18837615459551627,-0.2909901970965403,-0.34470303808043945
2014-12-01,5.790218222333333,0.022062948594999687,0.04512140850641022,-0.18243719222432508,-0.29230713650595697,-0.339130469300827
2015-01-01,5.915209826,0.021586682723729433,0.044125897189999375,-0.126503705829068,-0.25666611666951067,-0.30766160105480667
2015-02-01,5.735859167666667,-0.030320252976488882,-0.009388083933866143,-0.11229717133214612,-0.2583126773819918,-0.3110998574344399
2015-03-01,5.556508509333334,-0.031268316234879356,-0.060640505952977874,-0.09665676429771508,-0.2600575347920113,-0.31472274060390126
2015-04-01,5.377157851000001,-0.032277581872155126,-0.06253663246975871,-0.13037618367804094,-0.28281280082057136,-0.33892611882768875
2015-05-01,5.3429535726666675,-0.006361032962231561,-0.03843329607215673,-0.14039349728770334,-0.28625020321300987,-0.34518928118760805
2015-06-01,5.308749294333333,-0.006401754735117948,-0.012722065924463233,-0.1503073457966526,-0.2896984724178947,-0.3514133196311604
2015-07-01,5.274545016,-0.006443001248871094,-0.012803509470235674,-0.12266033684338506,-0.2715935090597551,-0.3400650679504508
2015-08-01,5.149211929333333,-0.023761876386774072,-0.03005177983640961,-0.10853222575639854,-0.26528878511437426,-0.3398397060809828
2015-09-01,5.023878842666667,-0.024340246310835534,-0.04752375277354792,-0.09320113152877385,-0.2585509648978075,-0.3396029341040493
2015-10-01,4.898545756,-0.024947473972151024,-0.04868049262167129,-0.13533101396870661,-0.28778835758100374,-0.3718885876344965
2015-11-01,5.024865426,0.025787177724180044,0.0001963788069396788,-0.13218030252837565,-0.2801169530884533,-0.37113215673212396
2015-12-01,5.151185096,0.0251389160287534,0.05157435544836009,-0.12916274358379798,-0.27266690325863774,-0.3704111328800599
2016-01-01,5.277504766,0.024522448261098173,0.0502778320575068,-0.07991033047855045,-0.2206733165562551,-0.3368032195979205
2016-02-01,5.134536098333333,-0.027090201526246527,-0.0032320713304584414,-0.07594200751986768,-0.2053601587568502,-0.3360680204413843
2016-03-01,4.991567430666667,-0.02784451505036145,-0.054180403052493054,-0.07170896429265605,-0.1885014363839126,-0.3352889312244498
2016-04-01,4.848598763,-0.028642038728819097,-0.0556890301007229,-0.09252463135664779,-0.21585769342630556,-0.3533102313271086
2016-05-01,4.9089380663333335,0.012444688926167125,-0.016553791064843337,-0.07531175533694279,-0.2102205220686615,-0.34422908609767044
2016-06-01,4.969277369666667,0.012291722266197347,0.02488937785233425,-0.05787563579556587,-0.2046415749540612,-0.3351192322415607
2016-07-01,5.0296166730000005,0.012142470392507265,0.024583444532394916,-0.023225933982642832,-0.16340041002378003,-0.30541773357869484
2016-08-01,4.879138708666667,-0.0299183763130757,-0.018139188919141902,-0.028810434831898157,-0.15528920065171725,-0.3038239681263055
2016-09-01,4.728660744333333,-0.030841091700476553,-0.05983675262615129,-0.03468070323903427,-0.14648733645221856,-0.30212072066002416
2016-10-01,4.57818278,-0.03182253337029117,-0.06168218340095322,-0.08889444952868675,-0.19188002737346932,-0.33436672035892145
2016-11-01,4.693078182333333,0.02509628991556645,-0.007524870978033449,-0.08893233404142209,-0.18948163918386418,-0.3276501687366338
2016-12-01,4.807973584666667,0.024481885421352434,0.05019257983113268,-0.0889684049852989,-0.1871846094903571,-0.3211274199597748
2017-01-01,4.922868987,0.023896845585789306,0.04896377084270487,-0.04122419382776177,-0.1417381698019251,-0.273042217719377
2017-02-01,4.708107218,-0.04362532693174026,-0.020770989047268262,-0.056787815972428435,-0.15268604194671231,-0.2713558731271448
2017-03-01,4.4933454489999995,-0.045615309731886544,-0.08725065386348063,-0.07326927456051091,-0.16436422855535793,-0.2694993249430304
2017-04-01,4.27858368,-0.04779551704572271,-0.09123061946377298,-0.12840952112564918,-0.1992100208603237,-0.30804369680862265
2017-05-01,4.341598032333333,0.01472785319775105,-0.03377158920653167,-0.1263119948113176,-0.1821806245460409,-0.3014975986598418
2017-06-01,4.404612384666667,0.014514091784648242,0.0294557063955021,-0.12426479570271887,-0.16493036436212938,-0.2950191127203451
2017-07-01,4.467626737,0.014306446704072995,0.029028183569296262,-0.0843411094125508,-0.13236689452430017,-0.25687881615207997
2017-08-01,4.295107984666666,-0.038615301252579504,-0.02486130229783834,-0.09168616297674181,-0.14506139196883383,-0.25640070601591136
2017-09-01,4.1225892323333335,-0.04016633643419831,-0.07723060250515867,-0.09951405821037718,-0.15840548650918151,-0.25588188566521786
2017-10-01,3.95007048,-0.04184718452672287,-0.08033267286839674,-0.1583199072051087,-0.21389526979941054,-0.30275154978184005
2017-11-01,4.096723647,0.0371267215971296,-0.006274111699140494,-0.14793133222173827,-0.20470269061362412,-0.2924750864831639
2017-12-01,4.243376814,0.03579767141661927,0.0742534431942592,-0.138027677517797,-0.19595016922813702,-0.28263291771181875
2018-01-01,4.3900299810000005,0.034560486477692276,0.07159534283323854,-0.06755947183698985,-0.14499968508839556,-0.23463428011851728
2018-02-01,4.212144179333333,-0.040520407021490734,-0.007360325522735134,-0.06258171619750441,-0.15614799602721874,-0.2419440783257788
2018-03-01,4.034258377666667,-0.04223165069691903,-0.08104081404298125,-0.057104247715293655,-0.1679537584234897,-0.24974150109496818
2018-04-01,3.856372576,-0.044093804861738306,-0.0844633013938384,-0.11176194864648836,-0.21441816460306928,-0.2782320633051496
2018-05-01,3.8648867763333334,0.0022078261800535515,-0.04198333013843669,-0.12253645978298244,-0.22224370087987555,-0.27197790627280294
2018-06-01,3.8734009766666664,0.002202962421944621,0.004415652360107103,-0.13300702930530728,-0.2298814743755988,-0.2656426355416537
2018-07-01,3.8819151769999998,0.0021981200460843286,0.004405924843889242,-0.09620079614802357,-0.20438515713753513,-0.24611470060378926
2018-08-01,3.7956703216666665,-0.022217089091571718,-0.020067804874385198,-0.07929941409215657,-0.1973054260204078,-0.24447415223653546
2018-09-01,3.7094254663333337,-0.02272190364927773,-0.044434178183143214,-0.0609217012418134,-0.1897602947313226,-0.2427496544684039
2018-10-01,3.6231806110000004,-0.02325019227804681,-0.04544380729855546,-0.11559067118104771,-0.2279735239359244,-0.2789497222646614
2018-11-01,3.6231806110000004,0.0,-0.02325019227804681,-0.1461562878304401,-0.2464225214225687,-0.29663164039407675
2018-12-01,3.6231806110000004,0.0,0.0,-0.17467975693079896,-0.26401035238437875,-0.3134671077244461
