,US10Y_M,US10Y_M_PCT_CHG,US10Y_Q_PCT_CHG,US10Y_A_PCT_CHG,US10Y_2A_PCT_CHG,US10Y_3A_PCT_CHG
1962-01-01,4.08,-0.009803921568627416,-0.03676470588235292,-0.05392156862745101,0.01225490196078427,0.02450980392156854
1962-02-01,4.04,-0.009803921568627416,-0.03676470588235292,-0.05392156862745101,0.01225490196078427,0.02450980392156854
1962-03-01,3.93,-0.027227722772277252,-0.03676470588235292,-0.05392156862745101,0.01225490196078427,0.02450980392156854
1962-04-01,3.84,-0.022900763358778664,-0.04950495049504955,-0.05392156862745101,0.01225490196078427,0.02450980392156854
1962-05-01,3.87,0.0078125,-0.01526717557251911,-0.05392156862745101,0.01225490196078427,0.02450980392156854
1962-06-01,3.91,0.010335917312661591,0.01822916666666674,-0.05392156862745101,0.01225490196078427,0.02450980392156854
1962-07-01,4.01,0.025575447570332477,0.036175710594315236,-0.05392156862745101,0.01225490196078427,0.02450980392156854
1962-08-01,3.98,-0.007481296758104716,0.01790281329923271,-0.05392156862745101,0.01225490196078427,0.02450980392156854
1962-09-01,3.98,0.0,-0.007481296758104716,-0.05392156862745101,0.01225490196078427,0.02450980392156854
1962-10-01,3.93,-0.012562814070351758,-0.012562814070351758,-0.05392156862745101,0.01225490196078427,0.02450980392156854
1962-11-01,3.92,-0.0025445292620865922,-0.015075376884422176,-0.05392156862745101,0.01225490196078427,0.02450980392156854
1962-12-01,3.86,-0.015306122448979553,-0.0178117048346057,-0.05392156862745101,0.01225490196078427,0.02450980392156854
1963-01-01,3.83,-0.007772020725388518,-0.022959183673469385,-0.051980198019802026,0.01225490196078427,0.02450980392156854
1963-02-01,3.92,0.023498694516971286,0.015544041450777257,-0.0025445292620865922,0.01225490196078427,0.02450980392156854
1963-03-01,3.93,0.0025510204081633514,0.026109660574412663,0.0234375,0.01225490196078427,0.02450980392156854
1963-04-01,3.97,0.010178117048346147,0.012755102040816313,0.025839793281653867,0.01225490196078427,0.02450980392156854
1963-05-01,3.93,-0.010075566750629705,0.0,0.005115089514066584,0.01225490196078427,0.02450980392156854
1963-06-01,3.99,0.01526717557251911,0.005037783375314797,-0.004987531172069737,0.01225490196078427,0.02450980392156854
1963-07-01,4.02,0.007518796992481036,0.022900763358778553,0.010050251256281229,0.01225490196078427,0.02450980392156854
1963-08-01,4.0,-0.004975124378109319,0.0025062656641603454,0.005025125628140614,0.01225490196078427,0.02450980392156854
1963-09-01,4.08,0.020000000000000018,0.014925373134328401,0.03816793893129766,0.01225490196078427,0.02450980392156854
1963-10-01,4.11,0.007352941176470562,0.02750000000000008,0.04846938775510212,0.01225490196078427,0.02450980392156854
1963-11-01,4.12,0.0024330900243307862,0.009803921568627416,0.06735751295336789,0.01225490196078427,0.02450980392156854
1963-12-01,4.13,0.0024271844660193054,0.0048661800486617945,0.07832898172323755,0.01225490196078427,0.02450980392156854
1964-01-01,4.17,0.009685230024213176,0.012135922330096971,0.06377551020408156,0.03217821782178221,0.02450980392156854
1964-02-01,4.15,-0.004796163069544224,0.004842615012106588,0.05597964376590325,0.05597964376590325,0.02450980392156854
1964-03-01,4.22,0.016867469879517927,0.011990407673860837,0.06297229219143574,0.09895833333333326,0.02450980392156854
1964-04-01,4.23,0.0023696682464455776,0.01927710843373487,0.07633587786259555,0.09302325581395365,0.02450980392156854
1964-05-01,4.2,-0.007092198581560294,-0.004739336492890933,0.05263157894736836,0.07416879795396425,0.02450980392156854
1964-06-01,4.17,-0.0071428571428572285,-0.014184397163120699,0.03731343283582089,0.03990024937655856,0.02450980392156854
1964-07-01,4.19,0.004796163069544557,-0.0023809523809523725,0.0475000000000001,0.05276381909547756,0.02450980392156854
1964-08-01,4.19,0.0,0.004796163069544557,0.026960784313725616,0.05276381909547756,0.02450980392156854
1964-09-01,4.2,0.0023866348448686736,0.0023866348448686736,0.021897810218977964,0.06870229007633588,0.02450980392156854
1964-10-01,4.19,-0.0023809523809523725,0.0,0.016990291262136026,0.06887755102040827,0.02450980392156854
1964-11-01,4.15,-0.009546539379474916,-0.011904761904761862,0.004842615012106588,0.07512953367875652,0.02450980392156854
1964-12-01,4.18,0.0072289156626503814,-0.0023866348448688957,0.0023980815347721673,0.09138381201044377,0.02450980392156854
1965-01-01,4.19,0.0023923444976077235,0.009638554216867545,0.009638554216867545,0.06887755102040827,0.03712871287128716
1965-02-01,4.21,0.004773269689737347,0.0071770334928229484,-0.0023696682464454666,0.07124681933842236,0.07124681933842236
1965-03-01,4.21,0.0,0.004773269689737347,-0.004728132387706974,0.06045340050377823,0.09635416666666674
1965-04-01,4.2,-0.002375296912113911,-0.002375296912113911,0.0,0.06870229007633588,0.0852713178294573
1965-05-01,4.21,0.0023809523809523725,0.0,0.00959232613908867,0.05513784461152871,0.07672634271099743
1965-06-01,4.21,0.0,0.0023809523809523725,0.004773269689737347,0.047263681592039974,0.04987531172069826
1965-07-01,4.2,-0.002375296912113911,-0.002375296912113911,0.0023866348448686736,0.050000000000000044,0.05527638190954787
1965-08-01,4.25,0.011904761904761862,0.009501187648456089,0.011904761904761862,0.04166666666666674,0.0678391959798994
1965-09-01,4.29,0.009411764705882453,0.021428571428571352,0.02386634844868718,0.04379562043795615,0.09160305343511443
1965-10-01,4.35,0.013986013986013957,0.0235294117647058,0.04819277108433728,0.055825242718446466,0.10969387755102034
1965-11-01,4.45,0.02298850574712663,0.037296037296037365,0.06459330143540676,0.07748184019370474,0.15284974093264259
1965-12-01,4.62,0.038202247191011285,0.0620689655172415,0.10262529832935563,0.1079136690647482,0.20626631853785904
1966-01-01,4.61,-0.0021645021645021467,0.035955056179775235,0.09501187648456066,0.110843373493976,0.17602040816326547
1966-02-01,4.83,0.04772234273318876,0.045454545454545414,0.14726840855106893,0.14454976303317535,0.2290076335877862
1966-03-01,4.87,0.008281573498964745,0.0563991323210411,0.1595238095238094,0.15130023640661938,0.22670025188916876
1966-04-01,4.75,-0.024640657084188944,-0.0165631469979296,0.12826603325415675,0.13095238095238093,0.20865139949109412
1966-05-01,4.78,0.006315789473684275,-0.01848049281314168,0.13539192399049882,0.1462829736211031,0.19799498746867172
1966-06-01,4.81,0.006276150627614996,0.012631578947368327,0.14523809523809517,0.14797136038186132,0.19651741293532332
1966-07-01,5.02,0.043659043659043606,0.05020920502092041,0.18117647058823527,0.1980906921241048,0.2549999999999999
1966-08-01,5.22,0.03984063745019917,0.08523908523908519,0.21678321678321666,0.24285714285714266,0.27941176470588225
1966-09-01,5.18,-0.007662835249042099,0.031872509960159334,0.19080459770114944,0.23627684964200468,0.2603406326034061
1966-10-01,5.01,-0.03281853281853275,-0.04022988505747127,0.12584269662921344,0.20722891566265034,0.21601941747572817
1966-11-01,5.16,0.029940119760479167,-0.0038610038610037423,0.11688311688311681,0.23444976076555046,0.24939467312348684
1966-12-01,4.84,-0.06201550387596899,-0.03393213572854292,0.049891540130151846,0.15513126491646756,0.1606714628297361
1967-01-01,4.58,-0.05371900826446274,-0.11240310077519378,-0.051759834368530044,0.0878859857482186,0.10361445783132517
1967-02-01,4.63,0.01091703056768556,-0.04338842975206614,-0.04928131416837789,0.09976247030878849,0.09715639810426535
1967-03-01,4.54,-0.01943844492440605,-0.008733624454148492,-0.04421052631578948,0.08095238095238089,0.07328605200945626
1967-04-01,4.59,0.011013215859030812,-0.008639308855291628,-0.03974895397489553,0.09026128266033262,0.09285714285714275
1967-05-01,4.85,0.05664488017429181,0.06828193832599116,0.008316008316008316,0.15201900237529675,0.16306954436450827
1967-06-01,5.02,0.035051546391752675,0.09368191721132901,0.0,0.195238095238095,0.1980906921241048
1967-07-01,5.16,0.02788844621513964,0.0639175257731961,-0.011494252873563093,0.21411764705882352,0.2315035799522671
1967-08-01,5.28,0.023255813953488413,0.05179282868525914,0.01930501930501949,0.23076923076923084,0.2571428571428571
1967-09-01,5.3,0.0037878787878786735,0.027131782945736482,0.05788423153692612,0.21839080459770122,0.26491646778042943
1967-10-01,5.48,0.03396226415094361,0.037878787878787845,0.0620155038759691,0.23146067415730331,0.3204819277108433
1967-11-01,5.75,0.0492700729927007,0.08490566037735858,0.18801652892561993,0.24458874458874447,0.37559808612440193
1967-12-01,5.7,-0.008695652173912993,0.04014598540145986,0.24454148471615733,0.2364425162689805,0.3603818615751788
1968-01-01,5.53,-0.029824561403508754,-0.03826086956521735,0.1943844492440605,0.14492753623188404,0.31353919239905004
1968-02-01,5.56,0.005424954792043302,-0.024561403508772006,0.22466960352422904,0.14168377823408607,0.3206650831353919
1968-03-01,5.74,0.03237410071942448,0.03797468354430378,0.25054466230936834,0.20842105263157906,0.3666666666666667
1968-04-01,5.64,-0.017421602787456525,0.014388489208633004,0.16288659793814442,0.17991631799163166,0.33966745843230406
1968-05-01,5.87,0.04078014184397172,0.022648083623693305,0.16932270916334669,0.2203742203742205,0.39429928741092635
1968-06-01,5.72,-0.02555366269165249,0.014184397163120588,0.10852713178294571,0.1394422310756973,0.36190476190476173
1968-07-01,5.5,-0.038461538461538436,-0.06303236797274281,0.04166666666666652,0.05363984674329503,0.2941176470588236
1968-08-01,5.42,-0.014545454545454528,-0.05244755244755239,0.02264150943396226,0.04633204633204646,0.2634032634032635
1968-09-01,5.46,0.007380073800737907,-0.0072727272727273196,-0.0036496350364964014,0.08982035928143706,0.2551724137931035
1968-10-01,5.58,0.0219780219780219,0.029520295202952074,-0.029565217391304355,0.08139534883720922,0.2539325842696629
1968-11-01,5.7,0.021505376344086002,0.04395604395604402,0.0,0.1776859504132231,0.23376623376623384
1968-12-01,6.03,0.05789473684210522,0.08064516129032251,0.0904159132007234,0.3165938864628821,0.3080260303687634
1969-01-01,6.04,0.0016583747927030323,0.05964912280701751,0.08633093525179869,0.3045356371490282,0.25051759834368537
1969-02-01,6.19,0.024834437086092676,0.026533996683250516,0.07839721254355414,0.36343612334801767,0.27104722792607805
1969-03-01,6.3,0.017770597738287375,0.043046357615893927,0.1170212765957448,0.37254901960784315,0.3263157894736841
1969-04-01,6.17,-0.020634920634920673,-0.003231017770597866,0.05110732538330498,0.2721649484536084,0.2907949790794979
1969-05-01,6.32,0.024311183144246407,0.0031746031746031633,0.104895104895105,0.25896414342629503,0.313929313929314
1969-06-01,6.57,0.039556962025316444,0.06482982171799034,0.19454545454545458,0.2732558139534884,0.308764940239044
1969-07-01,6.72,0.022831050228310446,0.06329113924050622,0.2398523985239851,0.2727272727272727,0.28735632183908044
1969-08-01,6.69,-0.004464285714285587,0.0182648401826484,0.22527472527472536,0.2622641509433963,0.2915057915057917
1969-09-01,7.16,0.07025411061285491,0.06547619047619047,0.2831541218637994,0.3065693430656933,0.4291417165668663
1969-10-01,7.1,-0.008379888268156499,0.061285500747384036,0.24561403508771917,0.23478260869565215,0.375968992248062
1969-11-01,7.14,0.005633802816901401,-0.0027932960893854997,0.1840796019900497,0.2526315789473683,0.475206611570248
1969-12-01,7.65,0.07142857142857162,0.07746478873239449,0.26655629139072845,0.383363471971067,0.6703056768558953
1970-01-01,7.79,0.018300653594771177,0.09103641456582645,0.25848142164781907,0.40107913669064765,0.6825053995680346
1970-02-01,7.24,-0.07060333761232351,-0.0535947712418301,0.14920634920634934,0.26132404181184676,0.5947136563876652
1970-03-01,7.07,-0.023480662983425438,-0.09242618741976893,0.14586709886547822,0.2535460992907803,0.5403050108932463
1970-04-01,7.39,0.04526166902404527,0.02071823204419876,0.16930379746835422,0.25894378194207834,0.5237113402061857
1970-05-01,7.91,0.07036535859269288,0.1188118811881187,0.2039573820395737,0.3828671328671329,0.5756972111553786
1970-06-01,7.84,-0.008849557522123908,0.06089309878213811,0.16666666666666674,0.42545454545454553,0.5193798449612403
1970-07-01,7.46,-0.04846938775510201,-0.05689001264222504,0.1150971599402093,0.3763837638376384,0.41287878787878785
1970-08-01,7.53,0.009383378016085908,-0.039540816326530615,0.0516759776536313,0.3791208791208791,0.4207547169811321
1970-09-01,7.39,-0.018592297476759723,-0.009383378016085797,0.04084507042253516,0.32437275985663083,0.3485401459854014
1970-10-01,7.33,-0.008119079837618393,-0.026560424966799445,0.02661064425770321,0.28596491228070176,0.2747826086956522
1970-11-01,6.84,-0.06684856753069579,-0.07442489851150202,-0.10588235294117654,0.13432835820895517,0.19999999999999996
1970-12-01,6.39,-0.06578947368421051,-0.12824010914051842,-0.17971758664955073,0.057947019867549576,0.1555153707052439
1971-01-01,6.24,-0.023474178403755763,-0.08771929824561397,-0.13812154696132595,0.008077544426494221,0.12230215827338142
1971-02-01,6.11,-0.02083333333333337,-0.04381846635367748,-0.1357850070721358,-0.03015873015873005,0.06445993031358888
1971-03-01,5.7,-0.06710310965630117,-0.08653846153846156,-0.2286874154262516,-0.07617504051863855,0.010638297872340496
1971-04-01,5.83,0.02280701754385972,-0.04582651391162029,-0.2629582806573957,-0.07753164556962033,-0.006814310051107331
1971-05-01,6.39,0.0960548885077186,0.1210526315789473,-0.18494897959183676,-0.027397260273972712,0.11713286713286708
1971-06-01,6.52,0.020344287949921824,0.11835334476843906,-0.126005361930295,-0.029761904761904767,0.18545454545454532
1971-07-01,6.73,0.03220858895705536,0.05320813771518007,-0.10624169986719789,0.005979073243647326,0.2416974169741699
1971-08-01,6.58,-0.022288261515601815,0.00920245398773023,-0.10960757780784836,-0.08100558659217882,0.20512820512820507
1971-09-01,6.14,-0.06686930091185417,-0.08766716196136715,-0.16234652114597548,-0.13521126760563384,0.10035842293906794
1971-10-01,5.93,-0.03420195439739415,-0.09878419452887544,-0.13304093567251463,-0.1694677871148459,0.04035087719298236
1971-11-01,5.81,-0.0202360876897133,-0.05374592833876224,-0.09076682316118934,-0.2405228758169935,-0.036484245439469376
1971-12-01,5.93,0.020654044750430423,0.0,-0.049679487179487225,-0.2387676508344031,-0.018211920529801362
1972-01-01,5.95,0.00337268128161905,0.024096385542168752,-0.026186579378068786,-0.17817679558011046,-0.03877221324717284
1972-02-01,6.08,0.02184873949579824,0.025295109612141653,0.06666666666666665,-0.1400282885431401,-0.03492063492063491
1972-03-01,6.07,-0.0016447368421051989,0.020168067226890685,0.04116638078902235,-0.17861975642760475,-0.01620745542949753
1972-04-01,6.19,0.01976935749588149,0.018092105263157965,-0.031298904538341055,-0.21744627054361565,-0.020569620253164556
1972-05-01,6.13,-0.009693053311793265,0.009884678747940523,-0.059815950920245387,-0.21811224489795922,-0.06697108066971091
1972-06-01,6.11,-0.0032626427406198255,-0.012924071082390909,-0.09212481426448738,-0.180965147453083,-0.09077380952380942
1972-07-01,6.11,0.0,-0.0032626427406198255,-0.0714285714285714,-0.18857901726427617,-0.0866965620328849
1972-08-01,6.21,0.016366612111292866,0.016366612111292866,0.01140065146579805,-0.1596752368064952,-0.13268156424581012
1972-09-01,6.55,0.054750402576489554,0.07201309328968897,0.10455311973018544,-0.106412005457026,-0.07746478873239437
1972-10-01,6.48,-0.010687022900763288,0.04347826086956519,0.11531841652323593,-0.05263157894736836,-0.09243697478991586
1972-11-01,6.28,-0.030864197530864224,-0.04122137404580151,0.0590219224283306,-0.017214397496087552,-0.17908496732026147
1972-12-01,6.36,0.01273885350318471,-0.01851851851851849,0.06890756302521006,0.019230769230769162,-0.183568677792041
1973-01-01,6.46,0.015723270440251458,0.028662420382165488,0.0625,0.057283142389525255,-0.10773480662983426
1973-02-01,6.64,0.02786377708978316,0.04402515723270439,0.09390444810543652,0.16491228070175423,-0.06082036775106092
1973-03-01,6.71,0.010542168674698926,0.03869969040247678,0.08400646203554119,0.15094339622641506,-0.09201623815967519
1973-04-01,6.67,-0.005961251862891204,0.004518072289156683,0.0880913539967374,0.04381846635367759,-0.156763590391909
1973-05-01,6.85,0.026986506746626615,0.02086438152011927,0.12111292962356779,0.05061349693251538,-0.12627551020408168
1973-06-01,6.9,0.007299270072992803,0.034482758620689724,0.12929623567921444,0.02526002971768193,-0.07506702412868627
1973-07-01,7.13,0.033333333333333215,0.04087591240875921,0.14814814814814814,0.08358662613981771,-0.053120849933599
1973-08-01,7.4,0.03786816269284721,0.07246376811594213,0.12977099236641232,0.2052117263843649,0.0013531799729364913
1973-09-01,7.09,-0.04189189189189191,-0.005610098176718092,0.09413580246913567,0.19561551433389557,-0.032742155525238736
1973-10-01,6.79,-0.042313117066290484,-0.08243243243243248,0.08121019108280247,0.16867469879518082,-0.007309941520467822
1973-11-01,6.73,-0.008836524300441795,-0.05077574047954858,0.05817610062893075,0.13490725126475556,0.05320813771518007
1973-12-01,6.74,0.0014858841010401136,-0.007363770250368162,0.04334365325077405,0.13277310924369745,0.08012820512820507
1974-01-01,6.99,0.0370919881305638,0.03863298662704295,0.052710843373493965,0.14967105263157898,0.14402618657937794
1974-02-01,6.96,-0.0042918454935623185,0.03264094955489605,0.037257824143070106,0.1466227347611202,0.2210526315789474
1974-03-01,7.21,0.03591954022988508,0.03147353361945626,0.08095952023988007,0.1647819063004845,0.23670668953687812
1974-04-01,7.51,0.04160887656033285,0.07902298850574718,0.09635036496350358,0.22512234910277318,0.17527386541471057
1974-05-01,7.58,0.009320905459387463,0.05131761442441052,0.09855072463768111,0.24058919803600642,0.1625766871165646
1974-06-01,7.54,-0.00527704485488123,0.003994673768308976,0.057503506311360475,0.23404255319148937,0.12035661218424965
1974-07-01,7.81,0.035809018567639184,0.03034300791556732,0.055405405405405395,0.25764895330112725,0.18693009118541015
1974-08-01,8.04,0.02944942381562088,0.06631299734748008,0.13399153737658653,0.22748091603053422,0.30944625407166115
1974-09-01,8.04,0.0,0.02944942381562088,0.1840942562592045,0.24074074074074048,0.35581787521079256
1974-10-01,7.9,-0.01741293532338295,-0.01741293532338295,0.17384843982169396,0.2579617834394905,0.3597246127366611
1974-11-01,7.68,-0.027848101265822822,-0.04477611940298498,0.1394658753709197,0.2075471698113207,0.29510961214165254
1974-12-01,7.43,-0.03255208333333337,-0.059493670886076044,0.06294706723891275,0.15015479876160986,0.24873949579831933
1975-01-01,7.5,0.009421265141319024,-0.0234375,0.07758620689655182,0.12951807228915668,0.23355263157894735
1975-02-01,7.39,-0.014666666666666717,-0.0053835800807536804,0.02496532593619971,0.10134128166915057,0.21746293245469506
1975-03-01,7.73,0.04600811907983782,0.03066666666666662,0.02929427430093212,0.15892053973013498,0.2487883683360259
1975-04-01,8.23,0.06468305304010347,0.11366711772665772,0.08575197889182062,0.20145985401459865,0.3425774877650898
1975-05-01,8.06,-0.020656136087484844,0.04269081500646821,0.06896551724137945,0.1681159420289855,0.31914893617021267
1975-06-01,7.86,-0.02481389578163773,-0.04495747266099637,0.006402048655569814,0.10238429172510521,0.2864157119476267
1975-07-01,8.06,0.025445292620865256,0.0,0.0024875621890549926,0.08918918918918917,0.29790660225442833
1975-08-01,8.4,0.042183622828784184,0.06870229007633588,0.044776119402985204,0.18476727785613556,0.2824427480916032
1975-09-01,8.43,0.0035714285714285587,0.0459057071960296,0.06708860759493662,0.2415316642120766,0.3009259259259258
1975-10-01,8.14,-0.03440094899169621,-0.030952380952380953,0.05989583333333348,0.20950965824665668,0.29617834394904463
1975-11-01,8.05,-0.011056511056511065,-0.04507710557532607,0.08344549125168244,0.1943620178041543,0.2657232704402517
1975-12-01,8.0,-0.006211180124223725,-0.017199017199017286,0.06666666666666665,0.14449213161659502,0.23839009287925705
1976-01-01,7.74,-0.03249999999999997,-0.03850931677018643,0.047361299052774086,0.11206896551724133,0.1656626506024097
1976-02-01,7.79,0.006459948320413522,-0.026249999999999996,0.0077619663648123005,0.08044382801664351,0.1609538002980626
1976-03-01,7.73,-0.007702182284980652,-0.0012919896640826156,-0.06075334143377886,0.02929427430093212,0.15892053973013498
1976-04-01,7.56,-0.02199223803363526,-0.029525032092426295,-0.062034739454094434,-0.0026385224274406704,0.10364963503649638
1976-05-01,7.9,0.04497354497354511,0.02199223803363526,0.0050890585241729624,0.04774535809018565,0.14492753623188404
1976-06-01,7.86,-0.005063291139240533,0.039682539682539764,-0.02481389578163773,0.006402048655569814,0.10238429172510521
1976-07-01,7.83,-0.003816793893129833,-0.008860759493670933,-0.06785714285714284,-0.026119402985074536,0.05810810810810807
1976-08-01,7.77,-0.00766283524904221,-0.011450381679389388,-0.07829181494661919,-0.033582089552238736,0.0959097320169251
1976-09-01,7.59,-0.02316602316602312,-0.03065134099616862,-0.06756756756756765,-0.03924050632911402,0.11782032400589104
1976-10-01,7.41,-0.02371541501976282,-0.04633204633204624,-0.07950310559006213,-0.03515625,0.10104011887072795
1976-11-01,7.29,-0.01619433198380571,-0.03952569169960474,-0.08875,-0.018842530282637937,0.08160237388724023
1976-12-01,6.87,-0.057613168724279795,-0.07287449392712553,-0.11240310077519378,-0.08399999999999996,-0.01716738197424894
1977-01-01,7.21,0.04949053857350805,-0.010973936899862813,-0.0744544287548139,-0.024357239512855178,0.03591954022988508
1977-02-01,7.39,0.02496532593619971,0.0756914119359533,-0.04398447606727052,-0.04398447606727052,0.02496532593619971
1977-03-01,7.46,0.009472259810554773,0.03467406380027738,-0.013227513227513144,-0.09356014580801952,-0.0066577896138482195
1977-04-01,7.37,-0.012064343163538882,-0.0027063599458727605,-0.06708860759493673,-0.08560794044665021,-0.02770448548812665
1977-05-01,7.46,0.012211668928086894,0.0,-0.05089058524173029,-0.05089058524173029,-0.010610079575596787
1977-06-01,7.28,-0.024128686327077764,-0.012211668928086783,-0.07024265644955296,-0.09677419354838712,-0.06786171574903965
1977-07-01,7.33,0.006868131868131844,-0.017426273458445052,-0.05662805662805659,-0.12738095238095237,-0.08830845771144269
1977-08-01,7.4,0.009549795361528002,0.016483516483516425,-0.025032938076416267,-0.12218268090154205,-0.0796019900497511
1977-09-01,7.34,-0.008108108108108136,0.0013642564802183177,-0.009446693657220062,-0.09828009828009832,-0.07088607594936713
1977-10-01,7.52,0.02452316076294281,0.01621621621621605,0.03155006858710552,-0.06583850931677038,-0.02083333333333337
1977-11-01,7.58,0.007978723404255428,0.032697547683923744,0.10334788937409023,-0.05249999999999999,0.020188425302826385
1977-12-01,7.69,0.014511873350923521,0.022606382978723527,0.06657420249653256,-0.006459948320413411,0.02533333333333343
1978-01-01,7.96,0.03511053315994794,0.05013192612137196,0.0771312584573749,0.021822849807445532,0.0771312584573749
1978-02-01,8.03,0.008793969849246075,0.04421326397919367,0.07640750670241281,0.03880983182406195,0.03880983182406195
1978-03-01,8.04,0.001245330012453305,0.010050251256281229,0.09090909090909083,0.06349206349206349,-0.023086269744836074
1978-04-01,8.15,0.013681592039801238,0.014943960149439661,0.09249329758713132,0.03164556962025311,0.011166253101736912
1978-05-01,8.35,0.024539877300613355,0.03855721393034828,0.1469780219780219,0.062340966921119456,0.062340966921119456
1978-06-01,8.46,0.013173652694610904,0.03803680981595092,0.1541609822646659,0.08045977011494254,0.04962779156327546
1978-07-01,8.64,0.02127659574468077,0.03473053892215572,0.16756756756756763,0.11196911196911219,0.028571428571428692
1978-08-01,8.41,-0.02662037037037046,-0.005910165484633634,0.1457765667574933,0.10803689064558641,-0.0023724792408066353
1978-09-01,8.42,0.0011890606420927874,-0.02546296296296302,0.11968085106382986,0.1363022941970311,0.03439803439803435
1978-10-01,8.64,0.026128266033254244,0.027348394768133222,0.13984168865435365,0.18518518518518534,0.0732919254658384
1978-11-01,8.81,0.01967592592592582,0.04631828978622332,0.14564369310793235,0.282387190684134,0.10125000000000006
1978-12-01,9.01,0.022701475595913623,0.04282407407407396,0.13190954773869334,0.24965325936199712,0.1640826873385013
1979-01-01,9.1,0.009988901220865598,0.03291713961407483,0.1332503113325032,0.23139377537212447,0.1681643132220796
1979-02-01,9.1,0.0,0.009988901220865598,0.13184079601990062,0.21983914209115274,0.1772315653298835
1979-03-01,9.12,0.00219780219780219,0.00219780219780219,0.11901840490797522,0.2374491180461329,0.20634920634920628
1979-04-01,9.18,0.006578947368421018,0.00879120879120876,0.09940119760479038,0.23056300268096508,0.16202531645569618
1979-05-01,9.25,0.007625272331154731,0.014254385964912464,0.09338061465721026,0.27060439560439553,0.17684478371501267
1979-06-01,8.91,-0.036756756756756714,-0.02941176470588236,0.03125,0.21555252387448842,0.13793103448275867
1979-07-01,8.95,0.004489337822671136,-0.032432432432432545,0.0642092746730083,0.2094594594594592,0.15186615186615193
1979-08-01,9.03,0.00893854748603351,0.013468013468013407,0.07244655581947734,0.23024523160762933,0.18972332015810278
1979-09-01,9.33,0.03322259136212624,0.042458100558659284,0.07986111111111094,0.24069148936170226,0.2591093117408907
1979-10-01,10.3,0.10396570203644173,0.14064230343300133,0.16912599318955723,0.3588390501319263,0.4128943758573389
1979-11-01,10.65,0.03398058252427183,0.1414790996784565,0.18201997780244183,0.3849154746423926,0.5502183406113537
1979-12-01,10.39,-0.024413145539906034,0.008737864077669855,0.14175824175824192,0.30527638190954787,0.44105409153952846
1980-01-01,10.8,0.039461020211742026,0.014084507042253502,0.18681318681318704,0.3449564134495644,0.46143437077131266
1980-02-01,12.41,0.14907407407407391,0.19441770933589986,0.36074561403508776,0.5435323383084578,0.6635388739946382
1980-03-01,12.75,0.02739726027397249,0.18055555555555558,0.38888888888888884,0.5644171779141103,0.7299864314789688
1980-04-01,11.47,-0.10039215686274505,-0.07574536663980658,0.24,0.37365269461077855,0.5375335120643432
1980-05-01,10.18,-0.11246730601569321,-0.20156862745098036,0.1425364758698091,0.20330969267139465,0.39835164835164827
1980-06-01,9.78,-0.03929273084479379,-0.14734088927637323,0.09273743016759783,0.1319444444444442,0.33424283765347873
1980-07-01,10.25,0.04805725971370145,0.006876227897838927,0.13510520487264688,0.21878715814506533,0.3851351351351351
1980-08-01,11.1,0.08292682926829276,0.13496932515337434,0.18971061093247577,0.31828978622327786,0.5122615803814714
1980-09-01,11.51,0.036936936936937004,0.12292682926829257,0.1174757281553398,0.3321759259259258,0.5305851063829787
1980-10-01,11.75,0.020851433536055675,0.05855855855855863,0.10328638497652576,0.33371169125993183,0.550131926121372
1980-11-01,12.68,0.07914893617021268,0.101650738488271,0.22040423484119342,0.4073251942286349,0.6488946684005201
1980-12-01,12.84,0.012618296529968376,0.09276595744680849,0.18888888888888888,0.4109890109890111,0.6130653266331658
1981-01-01,12.57,-0.02102803738317749,-0.008675078864353258,0.012892828364222453,0.3813186813186813,0.5653798256537985
1981-02-01,13.19,0.04932378679395377,0.027258566978193066,0.03450980392156855,0.44627192982456143,0.6405472636815921
1981-03-01,13.12,-0.005307050796057644,0.04375497215592672,0.14385353095030506,0.42919389978213496,0.6098159509202452
1981-04-01,13.68,0.04268292682926833,0.0371493555724034,0.343811394891945,0.4789189189189189,0.6383233532934132
1981-05-01,14.1,0.030701754385964897,0.07469512195121952,0.44171779141104306,0.5824915824915824,0.6666666666666665
1981-06-01,13.47,-0.044680851063829685,-0.015350877192982337,0.3141463414634147,0.505027932960894,0.5590277777777777
1981-07-01,14.28,0.060133630289532114,0.012765957446808418,0.28648648648648645,0.5813953488372094,0.6979785969084422
1981-08-01,14.94,0.04621848739495804,0.10913140311803993,0.29800173761946125,0.6012861736334405,0.7743467933491686
1981-09-01,15.32,0.025435073627844806,0.07282913165266103,0.3038297872340425,0.4873786407766989,0.7731481481481481
1981-10-01,15.15,-0.011096605744125299,0.014056224899598346,0.19479495268138813,0.4225352112676055,0.7196367763904654
1981-11-01,13.39,-0.1161716171617162,-0.12597911227154046,0.04283489096573212,0.2887391722810395,0.486126526082131
1981-12-01,13.72,0.0246452576549665,-0.0943894389438944,0.09148766905330152,0.27037037037037037,0.5076923076923079
1982-01-01,14.59,0.06341107871720109,0.08961911874533235,0.10614101592115244,0.17566478646253025,0.6032967032967034
1982-02-01,14.43,-0.010966415352981485,0.05174927113702621,0.09984756097560976,0.131764705882353,0.5822368421052633
1982-03-01,13.86,-0.03950103950103956,-0.05003427004797811,0.013157894736842035,0.20836965998256307,0.5098039215686274
1982-04-01,13.87,0.0007215007215006786,-0.03880803880803885,-0.01631205673758873,0.3624754420432219,0.49945945945945946
1982-05-01,13.62,-0.018024513338139925,-0.017316017316017285,0.011135857461024301,0.3926380368098159,0.5286195286195285
1982-06-01,14.3,0.04992657856093996,0.03100216294160063,0.0014005602240896309,0.3951219512195123,0.5977653631284918
1982-07-01,13.95,-0.02447552447552459,0.02422907488986792,-0.0662650602409639,0.2567567567567568,0.5448504983388704
1982-08-01,13.06,-0.06379928315412176,-0.08671328671328671,-0.14751958224543082,0.1346655082536925,0.39978563772776
1982-09-01,12.34,-0.05513016845329255,-0.11541218637992823,-0.18547854785478546,0.050212765957446726,0.19805825242718433
1982-10-01,10.91,-0.1158833063209076,-0.16462480857580397,-0.1852128454070202,-0.13958990536277605,0.024413145539906145
1982-11-01,10.55,-0.03299725022914757,-0.14505672609400322,-0.23104956268221577,-0.17834890965732075,0.015399422521655382
1982-12-01,10.54,-0.0009478672985783199,-0.033913840513290605,-0.2775873886223441,-0.16149562450278454,-0.024074074074074248
1983-01-01,10.46,-0.007590132827324347,-0.008530805687203769,-0.27512127512127504,-0.206974981046247,-0.15713134568896048
1983-02-01,10.72,0.0248565965583174,0.01707779886148031,-0.2265512265512265,-0.18292682926829262,-0.15921568627450977
1983-03-01,10.51,-0.019589552238806096,0.004780114722753304,-0.24224945926459984,-0.23172514619883045,-0.08369659982563216
1983-04-01,10.4,-0.010466222645099887,-0.02985074626865669,-0.23641703377386192,-0.26241134751773043,0.0216110019646365
1983-05-01,10.38,-0.0019230769230769162,-0.01236917221693612,-0.2741258741258741,-0.2293986636971047,0.06134969325153383
1983-06-01,10.85,0.045279383429672304,0.043269230769230616,-0.2222222222222222,-0.24019607843137258,0.05853658536585371
1983-07-01,11.38,0.04884792626728118,0.09633911368015413,-0.12863705972434913,-0.23828647925033464,0.02522522522522541
1983-08-01,11.85,0.041300527240773155,0.09216589861751157,-0.03970826580226905,-0.22650130548302871,0.02953953084274552
1983-09-01,11.65,-0.016877637130801593,0.023725834797891032,0.06782768102658121,-0.23102310231023104,-0.008510638297872353
1983-10-01,11.54,-0.009442060085837034,-0.026160337552742607,0.09383886255924145,-0.1381628080657208,-0.08990536277602523
1983-11-01,11.69,0.01299826689774708,0.0034334763948498104,0.1091081593927894,-0.1479591836734695,-0.08956386292834895
1983-12-01,11.83,0.011976047904191711,0.02512998266897748,0.13097514340344163,-0.18917066483893075,-0.0588703261734288
1984-01-01,11.67,-0.013524936601859716,-0.0017108639863130382,0.08861940298507465,-0.19126819126819128,-0.11523881728582253
1984-02-01,11.84,0.014567266495286946,0.0008453085376161074,0.12654614652711693,-0.14574314574314573,-0.09756097560975607
1984-03-01,12.32,0.04054054054054057,0.055698371893744714,0.18461538461538463,-0.11175198269646713,-0.09941520467836251
1984-04-01,12.63,0.025162337662337775,0.06672297297297303,0.2167630057803469,-0.07268722466960342,-0.10425531914893604
1984-05-01,13.41,0.061757719714964354,0.08847402597402598,0.2359447004608295,-0.06223776223776223,-0.0044543429844098315
1984-06-01,13.56,0.01118568232662187,0.07363420427553447,0.19156414762741658,-0.027956989247311714,-0.05042016806722682
1984-07-01,13.36,-0.014749262536873253,-0.0037285607755407346,0.12742616033755283,0.02297090352220521,-0.10575635876840694
1984-08-01,12.72,-0.0479041916167664,-0.06194690265486724,0.0918454935622317,0.030794165316045508,-0.16971279373368142
1984-09-01,12.52,-0.01572327044025168,-0.06287425149700598,0.08492201039861347,0.14757103574702102,-0.17359735973597368
1984-10-01,12.16,-0.02875399361022357,-0.04402515723270439,0.04020530367835762,0.15260663507108996,-0.09185959671396571
1984-11-01,11.57,-0.0485197368421052,-0.07587859424920118,-0.02197802197802201,0.09772296015180282,-0.15670553935860065
1984-12-01,11.5,-0.006050129645635338,-0.05427631578947367,-0.014567266495287057,0.0994263862332696,-0.2117888965044551
1985-01-01,11.38,-0.01043478260869557,-0.016421780466724267,-0.038851351351351315,0.06156716417910446,-0.21136521136521125
1985-02-01,11.51,0.011423550087873435,0.0008695652173913437,-0.06574675324675328,0.09514747859181738,-0.16955266955266957
1985-03-01,11.86,0.03040834057341435,0.04217926186291732,-0.06096595407759309,0.14038461538461533,-0.1449170872386446
1985-04-01,11.43,-0.036256323777403066,-0.0069504778453518545,-0.1476510067114094,0.10115606936416177,-0.16079295154185014
1985-05-01,10.85,-0.05074365704286965,-0.08516020236087685,-0.19985250737463134,0.0,-0.24125874125874136
1985-06-01,10.16,-0.06359447004608287,-0.11111111111111105,-0.23952095808383234,-0.10720562390158173,-0.27168458781362004
1985-07-01,10.31,0.014763779527559029,-0.049769585253456095,-0.1894654088050315,-0.12995780590717287,-0.2105666156202144
1985-08-01,10.33,0.0019398642095052043,0.0167322834645669,-0.17492012779552712,-0.11330472103004297,-0.16288492706645052
1985-09-01,10.37,0.0038722168441431837,0.005819592628515835,-0.14720394736842113,-0.10138648180242638,-0.04949587534372146
1985-10-01,10.24,-0.012536162005785778,-0.00871248789932233,-0.11495246326706998,-0.12403763900769882,-0.029383886255924252
1985-11-01,9.78,-0.04492187500000011,-0.0568948891031823,-0.14956521739130435,-0.1732882502113272,-0.07210626185958258
1985-12-01,9.26,-0.053169734151329195,-0.095703125,-0.18629173989455194,-0.20651242502142242,-0.1147227533460804
1986-01-01,9.19,-0.0075593952483801186,-0.06032719836400813,-0.20156385751520423,-0.22381756756756765,-0.14272388059701502
1986-02-01,8.7,-0.053318824809575616,-0.06047516198704106,-0.26644182124789206,-0.2938311688311689,-0.1722169362511894
1986-03-01,7.78,-0.10574712643678152,-0.15342763873775833,-0.3193350831146107,-0.384006334125099,-0.2519230769230769
1986-04-01,7.3,-0.06169665809768643,-0.16091954022988497,-0.3271889400921659,-0.4556301267710664,-0.2967244701348748
1986-05-01,7.71,0.05616438356164388,-0.00899742930591263,-0.24114173228346458,-0.4314159292035399,-0.2894009216589861
1986-06-01,7.8,0.011673151750972721,0.06849315068493156,-0.24345295829291957,-0.4161676646706587,-0.31458699472759233
1986-07-01,7.3,-0.0641025641025641,-0.05317769130998706,-0.2933204259438529,-0.4261006289308177,-0.38396624472573837
1986-08-01,7.17,-0.017808219178082174,-0.0807692307692307,-0.3085824493731919,-0.4273162939297125,-0.384549356223176
1986-09-01,7.45,0.03905160390516049,0.020547945205479534,-0.2724609375,-0.3873355263157895,-0.35441941074523386
1986-10-01,7.43,-0.0026845637583893245,0.036262203626220346,-0.24028629856850714,-0.3578219533275714,-0.3644140290846878
1986-11-01,7.25,-0.024226110363391617,-0.02684563758389269,-0.21706263498920086,-0.3695652173913043,-0.38715131022823335
1986-12-01,7.11,-0.0193103448275862,-0.043068640646029555,-0.22633297062023927,-0.37521968365553604,-0.390745501285347
1987-01-01,7.08,-0.0042194092827004814,-0.02344827586206899,-0.18620689655172407,-0.3848827106863597,-0.402027027027027
1987-02-01,7.25,0.024011299435028333,0.019690576652601877,-0.06812339331619544,-0.3887015177065767,-0.411525974025974
1987-03-01,7.25,0.0,0.024011299435028333,-0.006849315068493178,-0.3657042869641295,-0.4259699129057799
1987-04-01,8.02,0.106206896551724,0.106206896551724,0.04020752269779493,-0.26082949308755765,-0.40193885160328113
1987-05-01,8.61,0.07356608478802995,0.1875862068965517,0.1038461538461537,-0.1525590551181103,-0.3650442477876107
1987-06-01,8.4,-0.024390243902438935,0.04738154613466339,0.15068493150684947,-0.18525703200775945,-0.37125748502994005
1987-07-01,8.45,0.005952380952380931,-0.018583042973286945,0.1785216178521618,-0.18199419167473385,-0.33569182389937113
1987-08-01,8.76,0.03668639053254452,0.042857142857142705,0.1758389261744966,-0.1552555448408871,-0.3003194888178914
1987-09-01,9.42,0.07534246575342474,0.11479289940828408,0.2678331090174966,-0.080078125,-0.22532894736842102
1987-10-01,9.52,0.010615711252653925,0.08675799086757996,0.3131034482758621,-0.026584867075664653,-0.17718236819360422
1987-11-01,8.86,-0.06932773109243695,-0.059447983014862094,0.24613220815752457,-0.043196544276457916,-0.22956521739130442
1987-12-01,8.99,0.014672686230248422,-0.05567226890756294,0.2697740112994351,-0.02176278563656142,-0.21001757469244287
1988-01-01,8.67,-0.03559510567296997,-0.021444695259593582,0.19586206896551728,-0.0034482758620688614,-0.24674196350999134
1988-02-01,8.21,-0.053056516724336644,-0.08676307007786421,0.13241379310344836,0.055269922879177535,-0.30775716694772337
1988-03-01,8.37,0.019488428745432218,-0.03460207612456756,0.043640897755610863,0.14657534246575343,-0.26771653543307095
1988-04-01,8.72,0.04181600955794518,0.062119366626065764,0.012775842044134844,0.13099870298313876,-0.19631336405529942
1988-05-01,9.09,0.04243119266055029,0.08602150537634423,0.08214285714285707,0.16538461538461546,-0.1053149606299213
1988-06-01,8.92,-0.018701870187018743,0.022935779816513735,0.0556213017751479,0.22191780821917817,-0.1348205625606208
1988-07-01,9.06,0.015695067264574147,-0.0033003300330032292,0.03424657534246589,0.2635983263598327,-0.1229428848015488
1988-08-01,9.26,0.02207505518763786,0.03811659192825112,-0.01698513800424628,0.24295302013422804,-0.10703953712632586
1988-09-01,8.98,-0.030237580993520474,-0.008830022075055233,-0.05672268907563016,0.20861372812920598,-0.123046875
1988-10-01,8.8,-0.020044543429844075,-0.049676025917926414,-0.006772009029345272,0.21379310344827607,-0.10020449897750494
1988-11-01,8.96,0.0181818181818183,-0.00222717149220486,-0.0033370411568408587,0.2601969057665261,-0.03239740820734327
1988-12-01,9.11,0.016741071428571175,0.03522727272727266,0.05074971164936559,0.28672316384180774,-0.008705114254624613
1989-01-01,9.09,-0.002195389681668436,0.014508928571428381,0.10718635809987798,0.2537931034482759,0.04482758620689653
1989-02-01,9.17,0.008800880088008833,0.00658616904500553,0.09557945041816018,0.2648275862068965,0.17866323907455017
1989-03-01,9.36,0.02071973827699014,0.02970297029702973,0.07339449541284382,0.16708229426433907,0.28219178082191787
1989-04-01,9.18,-0.019230769230769162,0.0010905125408942062,0.00990099009900991,0.06620209059233462,0.19066147859922178
1989-05-01,8.86,-0.034858387799564294,-0.05341880341880345,-0.006726457399103158,0.05476190476190457,0.13589743589743586
1989-06-01,8.28,-0.06546275395033863,-0.0980392156862746,-0.08609271523178819,-0.020118343195266286,0.13424657534246576
1989-07-01,8.02,-0.03140096618357491,-0.09480812641083525,-0.13390928725701945,-0.08447488584474894,0.1185495118549511
1989-08-01,8.11,0.01122194513715713,-0.020531400966183555,-0.0968819599109132,-0.13906581740976653,0.0885906040268456
1989-09-01,8.19,0.009864364981504226,0.021197007481296826,-0.06931818181818195,-0.13970588235294124,0.10228802153432026
1989-10-01,8.01,-0.0219780219780219,-0.012330456226880337,-0.10602678571428581,-0.09593679458239279,0.10482758620689658
1989-11-01,7.87,-0.017478152309612915,-0.039072039072039044,-0.1361141602634467,-0.1245828698553949,0.10689170182841057
1989-12-01,7.84,-0.003811944091486663,-0.02122347066167285,-0.13751375137513755,-0.09573241061130333,0.10734463276836159
1990-01-01,8.21,0.04719387755102056,0.043202033036849,-0.10468920392584502,0.0,0.13241379310344836
1990-02-01,8.47,0.03166869671132755,0.08035714285714302,-0.09508547008546997,0.011947431302270273,0.1682758620689655
1990-03-01,8.59,0.01416765053128688,0.04628501827040177,-0.06427015250544665,-0.01490825688073405,0.07107231920199508
1990-04-01,8.79,0.023282887077997527,0.037780401416764864,-0.007900677200902928,-0.03300330033003307,0.020905923344947785
1990-05-01,8.76,-0.0034129692832763903,0.019790454016298087,0.05797101449275366,-0.017937219730941756,0.042857142857142705
1990-06-01,8.48,-0.031963470319634646,-0.03526734926052322,0.057356608478803084,-0.0640176600441501,0.0035502958579882726
1990-07-01,8.47,-0.001179245283018826,-0.0331050228310501,0.04438964241676957,-0.08531317494600421,-0.0331050228310501
1990-08-01,8.75,0.03305785123966931,0.03183962264150941,0.06837606837606836,-0.025612472160356448,-0.0711252653927813
1990-09-01,8.89,0.016000000000000014,0.04958677685950419,0.10986267166042452,0.010227272727272751,-0.06617647058823517
1990-10-01,8.72,-0.019122609673790758,-0.0034285714285713365,0.10800508259212216,-0.0267857142857143,-0.015801354401805745
1990-11-01,8.39,-0.037844036697247674,-0.05624296962879638,0.07015306122448983,-0.07903402854006569,-0.06674082313681862
1990-12-01,8.08,-0.03694874851013119,-0.07339449541284415,-0.015834348355663885,-0.11111111111111105,-0.06805074971164937
1991-01-01,8.09,0.0012376237623761277,-0.035756853396901156,-0.04486422668240864,-0.11777535441657583,-0.014616321559074441
1991-02-01,7.85,-0.02966625463535233,-0.02846534653465349,-0.08614668218859145,-0.1613247863247863,-0.06212664277180402
1991-03-01,8.11,0.03312101910828025,0.0024721878862792313,-0.07736063708759955,-0.1165577342047931,-0.06995412844036708
1991-04-01,8.04,-0.008631319358816336,0.02420382165605095,-0.08219178082191791,-0.09255079006772016,-0.11551155115511558
1991-05-01,8.07,0.003731343283582156,-0.004932182490752002,-0.048349056603773644,-0.0253623188405796,-0.0952914798206278
1991-06-01,8.28,0.026022304832713727,0.029850746268656803,-0.02243211334120443,0.032418952618453734,-0.08609271523178819
1991-07-01,8.27,-0.0012077294685990392,0.024783147459727317,-0.05485714285714294,0.019728729963008673,-0.10691144708423328
1991-08-01,7.9,-0.044740024183796745,-0.045893719806763156,-0.11136107986501687,-0.03540903540903528,-0.12026726057906456
1991-09-01,7.65,-0.03164556962025311,-0.07496977025392981,-0.1227064220183487,-0.04494382022471899,-0.13068181818181823
1991-10-01,7.53,-0.015686274509803977,-0.04683544303797471,-0.1025029797377831,-0.043202033036848775,-0.1595982142857143
1991-11-01,7.42,-0.014608233731739695,-0.030065359477124187,-0.08168316831683164,-0.0535714285714286,-0.18551042810098783
1991-12-01,7.09,-0.04447439353099736,-0.05843293492695889,-0.12360939431396789,-0.13641900121802686,-0.22002200220022006
1992-01-01,7.03,-0.008462623413258097,-0.052560646900269514,-0.10445859872611463,-0.17001180637544278,-0.23336968375136313
1992-02-01,7.34,0.04409672830725464,0.035260930888575404,-0.09494451294697903,-0.1455180442374855,-0.21581196581196582
1992-03-01,7.54,0.027247956403269713,0.0725462304409672,-0.06218905472636804,-0.14220705346985196,-0.17864923747276684
1992-04-01,7.48,-0.007957559681697535,0.019073569482289,-0.07311028500619576,-0.1461187214611871,-0.15575620767494347
1992-05-01,7.39,-0.012032085561497374,-0.019893899204244114,-0.10748792270531393,-0.1285377358490567,-0.10748792270531393
1992-06-01,7.26,-0.017591339648173165,-0.02941176470588247,-0.12212817412333732,-0.1428571428571429,-0.09476309226932667
1992-07-01,6.84,-0.05785123966942152,-0.07442489851150202,-0.13417721518987347,-0.2182857142857143,-0.15659679408138094
1992-08-01,6.59,-0.03654970760233922,-0.09228650137741046,-0.13856209150326804,-0.25871766029246346,-0.19536019536019533
1992-09-01,6.42,-0.025796661608497695,-0.06140350877192979,-0.14741035856573714,-0.2637614678899083,-0.19850187265917607
1992-10-01,6.59,0.026479750778816147,0.0,-0.11185983827493262,-0.2145411203814065,-0.1626429479034308
1992-11-01,6.87,0.04248861911987856,0.07009345794392519,-0.031029619181946355,-0.14975247524752477,-0.12372448979591832
1992-12-01,6.77,-0.01455604075691419,0.0273141122913505,-0.0369843527738265,-0.1631644004944376,-0.17539585870889174
1993-01-01,6.6,-0.025110782865583436,-0.039301310043668214,-0.10081743869209814,-0.15923566878980888,-0.22077922077922085
1993-02-01,6.26,-0.051515151515151514,-0.07533234859675031,-0.16976127320954915,-0.2281134401972873,-0.2712456344586729
1993-03-01,5.98,-0.04472843450479225,-0.09393939393939388,-0.2005347593582888,-0.2562189054726367,-0.31968145620022737
1993-04-01,5.97,-0.0016722408026756952,-0.04632587859424919,-0.19215155615696888,-0.2602230483271376,-0.31849315068493156
1993-05-01,6.04,0.011725293132328396,0.010033444816053505,-0.16804407713498615,-0.27053140096618356,-0.28773584905660377
1993-06-01,5.96,-0.013245033112582738,-0.0016750418760468344,-0.1286549707602339,-0.279322853688029,-0.2963400236127509
1993-07-01,5.81,-0.025167785234899376,-0.038079470198675525,-0.11836115326251906,-0.26455696202531653,-0.3360000000000001
1993-08-01,5.68,-0.022375215146299476,-0.046979865771812124,-0.11526479750778817,-0.25751633986928113,-0.36107986501687295
1993-09-01,5.36,-0.05633802816901401,-0.07745266781411353,-0.1866464339908952,-0.2881806108897742,-0.3853211009174312
1993-10-01,5.33,-0.005597014925373234,-0.06161971830985913,-0.22416302765647744,-0.28167115902964956,-0.364719904648391
1993-11-01,5.72,0.07317073170731692,0.06716417910447747,-0.15509601181683896,-0.19322990126939354,-0.2920792079207921
1993-12-01,5.77,0.00874125874125875,0.08255159474671658,-0.12575757575757573,-0.17923186344238984,-0.2867737948084055
1994-01-01,5.75,-0.0034662045060658286,0.005244755244755206,-0.08146964856230032,-0.21662125340599458,-0.2675159235668789
1994-02-01,5.97,0.03826086956521735,0.03466204506065851,-0.0016722408026756952,-0.20822281167108758,-0.2638717632552404
1994-03-01,6.48,0.085427135678392,0.1269565217391304,0.085427135678392,-0.1336898395721925,-0.19402985074626855
1994-04-01,6.97,0.07561728395061706,0.1675041876046901,0.15397350993377468,-0.05683355886332886,-0.1363073110285007
1994-05-01,7.18,0.03012912482065988,0.1080246913580245,0.2046979865771812,-0.011019283746556474,-0.13285024154589364
1994-06-01,7.1,-0.011142061281337101,0.01865136298421799,0.2220309810671257,0.03801169590643272,-0.14147521160822252
1994-07-01,7.3,0.028169014084507005,0.01671309192200554,0.28521126760563376,0.10773899848254942,-0.07594936708860767
1994-08-01,7.24,-0.008219178082191747,0.019718309859154903,0.35074626865671643,0.12772585669781944,-0.0535947712418301
1994-09-01,7.46,0.03038674033149169,0.021917808219177992,0.39962476547842396,0.1320182094081943,-0.009296148738379806
1994-10-01,7.74,0.03753351206434319,0.06906077348066297,0.35314685314685335,0.1266375545851528,0.043126684636118684
1994-11-01,7.96,0.028423772609819098,0.06702412868632712,0.37954939341421157,0.17577548005908428,0.12270803949224263
1994-12-01,7.81,-0.018844221105527637,0.009043927648578753,0.3582608695652174,0.18333333333333335,0.11095305832147928
1995-01-01,7.78,-0.003841229193341733,-0.022613065326633097,0.30318257956448913,0.24281150159744413,0.05994550408719346
1995-02-01,7.47,-0.0398457583547559,-0.04353393085787449,0.15277777777777768,0.24916387959866215,-0.009283819628647216
1995-03-01,7.2,-0.036144578313252906,-0.07455012853470433,0.03299856527977041,0.20603015075376896,-0.03743315508021394
1995-04-01,7.06,-0.019444444444444486,-0.05488621151271755,-0.01671309192200554,0.16887417218543033,-0.044654939106901215
1995-05-01,6.63,-0.06090651558073645,-0.07916666666666672,-0.06619718309859157,0.11241610738255026,-0.08677685950413216
1995-06-01,6.17,-0.06938159879336347,-0.1260623229461756,-0.15479452054794518,0.061962134251291046,-0.09795321637426901
1995-07-01,6.28,0.017828200972447306,-0.05279034690799389,-0.13259668508287292,0.10563380281690149,-0.047040971168436974
1995-08-01,6.49,0.03343949044585992,0.051863857374392364,-0.1300268096514745,0.21082089552238803,0.010903426791277315
1995-09-01,6.2,-0.044684129429892194,-0.01273885350318471,-0.1989664082687338,0.1632270168855534,-0.05918057663125942
1995-10-01,6.04,-0.02580645161290329,-0.06933744221879823,-0.24120603015075381,0.05594405594405605,-0.12081513828238721
1995-11-01,5.93,-0.018211920529801362,-0.04354838709677422,-0.24071702944942386,0.02772963604852685,-0.12407680945347122
1995-12-01,5.71,-0.03709949409780766,-0.054635761589403975,-0.2660668380462725,-0.006956521739130417,-0.13484848484848477
1996-01-01,5.65,-0.010507880910682998,-0.04721753794266437,-0.24364123159303874,-0.0536013400335007,-0.09744408945686889
1996-02-01,5.81,0.028318584070796238,0.017513134851138368,-0.19305555555555565,-0.10339506172839519,-0.028428093645485042
1996-03-01,6.27,0.0791738382099827,0.10973451327433614,-0.11189801699716717,-0.1004304160688666,0.05025125628140703
1996-04-01,6.51,0.038277511961722466,0.12048192771084332,-0.018099547511312264,-0.0933147632311978,0.07781456953642385
1996-05-01,6.74,0.03533026113671278,0.07496012759170667,0.0923824959481363,-0.05070422535211261,0.1308724832214765
1996-06-01,6.91,0.02522255192878342,0.06144393241167445,0.10031847133757954,-0.05342465753424652,0.18932874354561102
1996-07-01,6.87,-0.005788712011577379,0.01928783382789323,0.05855161787365182,-0.05110497237569067,0.20950704225352124
1996-08-01,6.64,-0.033478893740902516,-0.0390738060781477,0.07096774193548372,-0.10991957104557648,0.23880597014925353
1996-09-01,6.83,0.028614457831325435,-0.005822416302765698,0.13079470198675502,-0.11757105943152457,0.2814258911819887
1996-10-01,6.53,-0.04392386530014636,-0.016566265060240837,0.10118043844856661,-0.17964824120603007,0.14160839160839167
1996-11-01,6.2,-0.050535987748851485,-0.09224011713030744,0.08581436077057791,-0.20614596670934693,0.07452339688041598
1996-12-01,6.3,0.016129032258064502,-0.03522205206738138,0.11504424778761058,-0.19023136246786643,0.09565217391304337
1997-01-01,6.58,0.04444444444444451,0.06129032258064515,0.1325301204819278,-0.11914323962516726,0.102177554438861
1997-02-01,6.42,-0.024316109422492405,0.01904761904761898,0.02392344497607657,-0.10833333333333339,-0.0092592592592593
1997-03-01,6.69,0.0420560747663552,0.016717325227963542,0.02764976958525356,-0.052407932011331315,-0.04017216642754651
1997-04-01,6.89,0.029895366218235964,0.07320872274143309,0.022255192878338104,0.039215686274509665,-0.04038997214484685
1997-05-01,6.71,-0.0261248185776487,0.002989536621823552,-0.02894356005788712,0.08752025931928697,-0.05492957746478866
1997-06-01,6.49,-0.032786885245901565,-0.05805515239477499,-0.055312954876273634,0.03343949044585992,-0.11095890410958897
1997-07-01,6.22,-0.04160246533127898,-0.07302533532041733,-0.06325301204819278,-0.04160246533127898,-0.14088397790055252
1997-08-01,6.3,0.012861736334405238,-0.02927580893682591,-0.07759882869692536,0.016129032258064502,-0.1554959785522788
1997-09-01,6.21,-0.014285714285714235,-0.001607717041800627,-0.049004594180704464,0.0281456953642385,-0.19767441860465118
1997-10-01,6.03,-0.02898550724637672,-0.042857142857142816,-0.02741935483870972,0.016863406408094583,-0.24246231155778886
1997-11-01,5.88,-0.024875621890547372,-0.0531400966183575,-0.06666666666666665,0.02977232924693518,-0.24711907810499356
1997-12-01,5.81,-0.011904761904761973,-0.036484245439469376,-0.1170212765957448,0.028318584070796238,-0.2532133676092546
1998-01-01,5.54,-0.04647160068846812,-0.05782312925170063,-0.1370716510903427,-0.04647160068846812,-0.2583668005354752
1998-02-01,5.57,0.005415162454873723,-0.04130808950086051,-0.16741405082212257,-0.11164274322169043,-0.22638888888888886
1998-03-01,5.65,0.014362657091562037,0.019855595667870096,-0.17997097242380256,-0.1321044546850998,-0.19971671388101975
1998-04-01,5.64,-0.0017699115044248481,0.012567324955116588,-0.15946348733233984,-0.1632047477744808,-0.14932126696832582
1998-05-01,5.65,0.0017730496453902678,0.0,-0.1294298921417565,-0.18234442836468878,-0.08427876823338731
1998-06-01,5.5,-0.026548672566371723,-0.024822695035460973,-0.11575562700964626,-0.19941775836972342,-0.12420382165605104
1998-07-01,5.46,-0.0072727272727273196,-0.03362831858407089,-0.1333333333333333,-0.17771084337349397,-0.1587057010785825
1998-08-01,5.34,-0.02197802197802201,-0.029090909090909167,-0.140096618357488,-0.21815519765739388,-0.13870967741935492
1998-09-01,4.81,-0.09925093632958804,-0.11904761904761907,-0.2023217247097845,-0.26339969372128647,-0.20364238410596036
1998-10-01,4.53,-0.058212058212058104,-0.1516853932584269,-0.22959183673469385,-0.26935483870967736,-0.23608768971332206
1998-11-01,4.83,0.0662251655629138,0.004158004158004269,-0.1686746987951806,-0.23333333333333328,-0.15411558669001746
1998-12-01,4.65,-0.037267080745341574,0.026490066225165476,-0.1606498194945848,-0.29331306990881456,-0.17699115044247782
1999-01-01,4.72,0.015053763440860068,-0.022774327122153326,-0.15260323159784572,-0.264797507788162,-0.18760757314974186
1999-02-01,5.0,0.05932203389830515,0.07526881720430101,-0.11504424778761069,-0.2526158445440957,-0.20255183413078148
1999-03-01,5.23,0.04600000000000004,0.10805084745762716,-0.07269503546099276,-0.24092888243831634,-0.1966205837173578
1999-04-01,5.18,-0.00956022944550683,0.03600000000000003,-0.08318584070796475,-0.22801788375558874,-0.2314540059347182
1999-05-01,5.54,0.06949806949806958,0.05927342256214141,0.0072727272727273196,-0.14637904468412943,-0.19826338639652674
1999-06-01,5.9,0.06498194945848379,0.13899613899613916,0.08058608058608074,-0.05144694533762051,-0.14119359534206688
1999-07-01,5.79,-0.01864406779661021,0.045126353790613694,0.08426966292134841,-0.08095238095238089,-0.128012048192771
1999-08-01,5.94,0.02590673575129543,0.006779661016949268,0.2349272349272351,-0.04347826086956519,-0.13030746705710095
1999-09-01,5.92,-0.0033670033670034627,0.022452504317789224,0.3068432671081678,-0.018242122719734688,-0.09341500765696786
1999-10-01,6.11,0.03209459459459474,0.028619528619528545,0.26501035196687384,0.03911564625850339,-0.014516129032258074
1999-11-01,6.03,-0.013093289689034338,0.01858108108108114,0.29677419354838697,0.03786574870912229,-0.042857142857142816
1999-12-01,6.28,0.041459369817578695,0.02782324058919805,0.3305084745762714,0.13357400722021673,-0.045592705167173175
2000-01-01,6.66,0.060509554140127264,0.10447761194029859,0.3320000000000001,0.19569120287253128,0.03738317757009346
2000-02-01,6.52,-0.021021021021021102,0.03821656050955413,0.24665391969407247,0.15398230088495568,-0.025411061285500858
2000-03-01,6.26,-0.039877300613496924,-0.06006006006006015,0.20849420849420852,0.10992907801418439,-0.09143686502177062
2000-04-01,5.99,-0.04313099041533541,-0.08128834355828207,0.08122743682310474,0.060176991150442394,-0.10730253353204167
2000-05-01,6.44,0.07512520868113515,0.028753993610223683,0.09152542372881367,0.1709090909090909,-0.007704160246533087
2000-06-01,6.1,-0.052795031055900776,0.01836393989983298,0.05354058721934374,0.11721611721611724,-0.019292604501607746
2000-07-01,6.05,-0.008196721311475419,-0.060559006211180155,0.01851851851851838,0.13295880149812733,-0.03968253968253965
2000-08-01,5.83,-0.036363636363636376,-0.04426229508196711,-0.01520270270270263,0.21205821205821218,-0.06119162640901765
2000-09-01,5.8,-0.005145797598627877,-0.04132231404958675,-0.05073649754500831,0.2803532008830021,-0.03814262023217252
2000-10-01,5.74,-0.010344827586206806,-0.015437392795883298,-0.04809286898839138,0.18840579710144922,-0.023809523809523725
2000-11-01,5.72,-0.0034843205574913716,-0.01379310344827589,-0.08917197452229308,0.23010752688172031,-0.015490533562822706
2000-12-01,5.24,-0.08391608391608385,-0.08710801393728218,-0.21321321321321318,0.11016949152542388,-0.054151624548736454
2001-01-01,5.16,-0.01526717557251911,-0.0979020979020978,-0.20858895705521463,0.03200000000000003,-0.07360861759425497
2001-02-01,5.1,-0.011627906976744318,-0.026717557251908497,-0.18530351437699688,-0.024856596558317512,-0.09734513274336298
2001-03-01,4.89,-0.04117647058823526,-0.05232558139534893,-0.1836393989983306,-0.055984555984555984,-0.13297872340425532
2001-04-01,5.14,0.05112474437627812,0.007843137254901933,-0.20186335403726718,-0.07220216606498198,-0.09026548672566381
2001-05-01,5.39,0.048638132295719894,0.10224948875255624,-0.11639344262295082,-0.08644067796610178,-0.020000000000000018
2001-06-01,5.28,-0.020408163265306034,0.027237354085603238,-0.1272727272727272,-0.08808290155440412,-0.03296703296703296
2001-07-01,5.24,-0.007575757575757569,-0.027829313543599188,-0.10120068610634647,-0.11784511784511786,-0.01872659176029956
2001-08-01,4.97,-0.05152671755725202,-0.058712121212121327,-0.14310344827586208,-0.16047297297297303,0.033264033264033266
2001-09-01,4.73,-0.04828973843058337,-0.09732824427480913,-0.1759581881533101,-0.22585924713584282,0.04415011037527594
2001-10-01,4.57,-0.03382663847780132,-0.0804828973843057,-0.20104895104895093,-0.24212271973466004,-0.053830227743271175
2001-11-01,4.65,0.017505470459518557,-0.016913319238900604,-0.11259541984732824,-0.25955414012738853,0.0
2001-12-01,5.09,0.09462365591397837,0.11378555798687073,-0.013565891472868241,-0.2357357357357358,0.0783898305084747
2002-01-01,5.04,-0.00982318271119842,0.08387096774193536,-0.0117647058823529,-0.22699386503067476,0.008000000000000007
2002-02-01,4.91,-0.025793650793650813,-0.03536345776031424,0.004089979550102374,-0.2156549520766773,-0.06118546845124284
2002-03-01,5.28,0.07535641547861505,0.04761904761904767,0.027237354085603238,-0.11853088480801333,0.01930501930501949
2002-04-01,5.21,-0.013257575757575801,0.06109979633401208,-0.033395176252319025,-0.19099378881987583,-0.05956678700361007
2002-05-01,5.16,-0.009596928982725461,-0.022727272727272707,-0.022727272727272707,-0.15409836065573768,-0.12542372881355934
2002-06-01,4.93,-0.04457364341085279,-0.053742802303263004,-0.05916030534351158,-0.18512396694214883,-0.14853195164075994
2002-07-01,4.65,-0.05679513184584162,-0.09883720930232553,-0.06438631790744453,-0.20240137221269294,-0.21717171717171713
2002-08-01,4.26,-0.08387096774193559,-0.13590263691683568,-0.09936575052854135,-0.2655172413793103,-0.2804054054054055
2002-09-01,3.87,-0.09154929577464777,-0.16774193548387106,-0.15317286652078776,-0.32578397212543553,-0.36661211129296234
2002-10-01,3.94,0.018087855297157507,-0.07511737089201875,-0.15268817204301088,-0.31118881118881114,-0.34660033167495863
2002-11-01,4.05,0.027918781725888353,0.046511627906976605,-0.20432220039292737,-0.22709923664122145,-0.355095541401274
2002-12-01,4.03,-0.004938271604938205,0.022842639593908753,-0.20039682539682535,-0.21899224806201545,-0.3948948948948948
2003-01-01,4.05,0.004962779156327368,0.0,-0.17515274949083504,-0.2058823529411764,-0.3788343558282209
2003-02-01,3.9,-0.03703703703703698,-0.032258064516129115,-0.26136363636363646,-0.2024539877300613,-0.3769968051118211
2003-03-01,3.81,-0.023076923076922995,-0.059259259259259234,-0.2687140115163148,-0.25875486381322954,-0.3639398998330551
2003-04-01,3.96,0.03937007874015741,0.01538461538461533,-0.2325581395348838,-0.26530612244897955,-0.3850931677018634
2003-05-01,3.57,-0.09848484848484851,-0.06299212598425208,-0.27586206896551724,-0.32386363636363646,-0.4147540983606557
2003-06-01,3.33,-0.0672268907563025,-0.15909090909090906,-0.28387096774193554,-0.3645038167938931,-0.4495867768595041
2003-07-01,3.98,0.19519519519519513,0.11484593837535018,-0.06572769953051638,-0.19919517102615691,-0.31732418524871353
2003-08-01,4.45,0.11809045226130666,0.3363363363363363,0.14987080103359185,-0.059196617336152224,-0.23275862068965514
2003-09-01,4.27,-0.040449438202247334,0.07286432160804002,0.08375634517766484,-0.06564551422319487,-0.2560975609756099
2003-10-01,4.29,0.004683840749414525,-0.035955056179775347,0.059259259259259345,-0.07741935483870976,-0.25
2003-11-01,4.3,0.002331002331002363,0.007025761124121788,0.06699751861042169,-0.15520628683693516,-0.17938931297709926
2003-12-01,4.27,-0.006976744186046546,-0.004662004662004726,0.05432098765432092,-0.1527777777777779,-0.17248062015503884
2004-01-01,4.15,-0.02810304449648693,-0.0348837209302324,0.06410256410256432,-0.15478615071283086,-0.18627450980392146
2004-02-01,4.08,-0.01686746987951815,-0.04449648711943788,0.07086614173228356,-0.2272727272727273,-0.16564417177914104
2004-03-01,3.83,-0.06127450980392157,-0.07710843373493981,-0.03282828282828276,-0.2648752399232246,-0.25486381322957197
2004-04-01,4.35,0.13577023498694496,0.06617647058823528,0.21848739495798308,-0.15697674418604657,-0.19294990723562155
2004-05-01,4.72,0.08505747126436791,0.23237597911227148,0.4174174174174172,-0.04259634888438135,-0.10606060606060619
2004-06-01,4.73,0.0021186440677967155,0.08735632183908071,0.1884422110552766,0.017204301075268935,-0.09732824427480913
2004-07-01,4.5,-0.04862579281183943,-0.04661016949152541,0.011235955056179803,0.05633802816901423,-0.09456740442655931
2004-08-01,4.28,-0.04888888888888887,-0.09513742071881615,0.0023419203747074846,0.10594315245478048,-0.09513742071881615
2004-09-01,4.13,-0.035046728971962704,-0.0822222222222222,-0.037296037296037365,0.048223350253807196,-0.0962800875273524
2004-10-01,4.1,-0.007263922518159882,-0.04205607476635531,-0.04651162790697683,0.012345679012345734,-0.11827956989247324
2004-11-01,4.19,0.021951219512195363,0.014527845036319764,-0.01873536299765788,0.03970223325062028,-0.17681728880157166
2004-12-01,4.23,0.009546539379474916,0.03170731707317098,0.01927710843373487,0.04444444444444451,-0.1607142857142856
2005-01-01,4.22,-0.0023640661938535423,0.007159904534606021,0.034313725490195957,0.08205128205128198,-0.14052953156822823
2005-02-01,4.17,-0.011848341232227444,-0.014184397163120699,0.08877284595300261,0.09448818897637801,-0.21022727272727282
2005-03-01,4.5,0.07913669064748197,0.06635071090047395,0.034482758620689724,0.13636363636363646,-0.1362763915547025
2005-04-01,4.34,-0.03555555555555556,0.04076738609112707,-0.0805084745762712,0.21568627450980404,-0.1589147286821706
2005-05-01,4.14,-0.04608294930875578,-0.08000000000000007,-0.12473572938689237,0.2432432432432432,-0.1602434077079108
2005-06-01,4.0,-0.033816425120772875,-0.07834101382488479,-0.11111111111111116,0.005025125628140614,-0.13978494623655924
2005-07-01,4.18,0.04499999999999993,0.009661835748792313,-0.02336448598130858,-0.06067415730337089,-0.018779342723004744
2005-08-01,4.26,0.019138755980861344,0.06499999999999995,0.03147699757869238,-0.0023419203747072626,0.10077519379844957
2005-09-01,4.2,-0.014084507042253391,0.004784688995215447,0.024390243902439046,-0.020979020979020935,0.06598984771573613
2005-10-01,4.46,0.06190476190476191,0.04694835680751175,0.06443914081145574,0.037209302325581506,0.10123456790123453
2005-11-01,4.54,0.017937219730941756,0.08095238095238089,0.07328605200945626,0.06323185011709609,0.12655086848635233
2005-12-01,4.47,-0.01541850220264318,0.0022421524663676085,0.05924170616113744,0.0771084337349397,0.10370370370370363
2006-01-01,4.42,-0.01118568232662187,-0.026431718061673992,0.05995203836930463,0.08333333333333326,0.1333333333333333
2006-02-01,4.57,0.03393665158371051,0.022371364653243964,0.015555555555555545,0.19321148825065282,0.19947506561679806
2006-03-01,4.72,0.03282275711159732,0.0678733031674208,0.0875576036866359,0.08505747126436791,0.19191919191919182
2006-04-01,4.99,0.057203389830508655,0.09190371991247259,0.205314009661836,0.057203389830508655,0.3977591036414567
2006-05-01,5.11,0.024048096192384794,0.08262711864406791,0.2775000000000001,0.08033826638477803,0.5345345345345347
2006-06-01,5.11,0.0,0.024048096192384794,0.22248803827751207,0.13555555555555565,0.2839195979899498
2006-07-01,5.09,-0.00391389432485334,-0.00391389432485334,0.19483568075117375,0.18925233644859807,0.14382022471910094
2006-08-01,4.88,-0.04125736738703334,-0.045009784735812186,0.16190476190476177,0.18159806295399505,0.14285714285714302
2006-09-01,4.72,-0.032786885245901676,-0.07269155206286837,0.058295964125560484,0.15121951219512209,0.10023310023310006
2006-10-01,4.73,0.0021186440677967155,-0.030737704918032627,0.04185022026431717,0.1288782816229117,0.10000000000000009
2006-11-01,4.6,-0.02748414376321373,-0.025423728813559365,0.029082774049216997,0.08747044917257663,0.07728337236533966
2006-12-01,4.56,-0.008695652173913104,-0.03594080338266403,0.03167420814479627,0.08056872037914697,0.09879518072289128
2007-01-01,4.76,0.043859649122807154,0.034782608695652195,0.04157549234135649,0.14148681055155876,0.16666666666666652
2007-02-01,4.72,-0.008403361344537785,0.03508771929824572,0.0,0.04888888888888876,0.23237597911227148
2007-03-01,4.56,-0.03389830508474578,-0.04201680672268915,-0.08617234468937884,0.05069124423963123,0.048275862068965614
2007-04-01,4.69,0.028508771929824706,-0.0063559322033897026,-0.0821917808219178,0.13285024154589387,-0.0063559322033897026
2007-05-01,4.75,0.012793176972281328,0.04166666666666674,-0.07045009784735823,0.1875,0.004228329809724984
2007-06-01,5.1,0.0736842105263158,0.08742004264392311,0.0019646365422396617,0.22009569377990434,0.1333333333333333
2007-07-01,5.0,-0.019607843137254832,0.05263157894736836,0.024590163934426146,0.1737089201877935,0.16822429906542058
2007-08-01,4.67,-0.06600000000000006,-0.084313725490196,-0.010593220338983023,0.11190476190476195,0.13075060532687655
2007-09-01,4.52,-0.032119914346895206,-0.09600000000000009,-0.044397463002114335,0.013452914798206095,0.102439024390244
2007-10-01,4.53,0.0022123893805310324,-0.02997858672376863,-0.015217391304347738,-0.0022026431718060735,0.0811455847255369
2007-11-01,4.15,-0.08388520971302427,-0.08185840707964587,-0.08991228070175428,-0.07158836689038017,-0.01891252955082745
2007-12-01,4.1,-0.012048192771084487,-0.09492273730684342,-0.138655462184874,-0.07239819004524894,-0.028436018957346043
2008-01-01,3.74,-0.08780487804878034,-0.09879518072289162,-0.2076271186440677,-0.1816192560175055,-0.10311750599520375
2008-02-01,3.74,0.0,-0.08780487804878034,-0.17982456140350866,-0.2076271186440677,-0.16888888888888887
2008-03-01,3.51,-0.06149732620320869,-0.06149732620320869,-0.2515991471215353,-0.29659318637274557,-0.1912442396313364
2008-04-01,3.68,0.04843304843304863,-0.016042780748663166,-0.22526315789473683,-0.2798434442270059,-0.11111111111111105
2008-05-01,3.88,0.05434782608695654,0.10541310541310556,-0.23921568627450973,-0.24070450097847362,-0.030000000000000027
2008-06-01,4.1,0.05670103092783507,0.11413043478260865,-0.18000000000000005,-0.19449901768172895,-0.019138755980861233
2008-07-01,4.01,-0.02195121951219514,0.03350515463917514,-0.1413276231263384,-0.17827868852459017,-0.05868544600938963
2008-08-01,3.89,-0.029925187032418865,-0.051219512195121886,-0.13938053097345127,-0.17584745762711862,-0.07380952380952377
2008-09-01,3.69,-0.05141388174807204,-0.07980049875311712,-0.185430463576159,-0.2198731501057083,-0.17264573991031396
2008-10-01,3.81,0.03252032520325199,-0.020565552699228773,-0.08192771084337358,-0.1717391304347825,-0.16079295154185025
2008-11-01,3.53,-0.07349081364829402,-0.04336043360433606,-0.13902439024390245,-0.22587719298245612,-0.21029082774049213
2008-12-01,2.42,-0.31444759206798867,-0.3648293963254593,-0.3529411764705883,-0.4915966386554622,-0.4524886877828055
2009-01-01,2.52,0.04132231404958686,-0.2861189801699716,-0.3262032085561498,-0.4661016949152542,-0.4485776805251641
2009-02-01,2.87,0.13888888888888884,0.18595041322314065,-0.1823361823361822,-0.3706140350877192,-0.39194915254237284
2009-03-01,2.82,-0.017421602787456525,0.11904761904761907,-0.23369565217391308,-0.3987206823027719,-0.434869739478958
2009-04-01,2.93,0.03900709219858167,0.020905923344947785,-0.24484536082474218,-0.38315789473684203,-0.42661448140900193
2009-05-01,3.29,0.12286689419795227,0.16666666666666674,-0.19756097560975605,-0.3549019607843137,-0.3561643835616438
2009-06-01,3.72,0.1306990881458967,0.2696245733788396,-0.0723192019950124,-0.256,-0.26915520628683687
2009-07-01,3.56,-0.043010752688172116,0.0820668693009119,-0.08483290488431883,-0.23768736616702357,-0.2704918032786885
2009-08-01,3.59,0.008426966292134797,-0.034946236559139865,-0.027100271002710064,-0.20575221238938046,-0.23940677966101698
2009-09-01,3.4,-0.05292479108635095,-0.0449438202247191,-0.10761154855643051,-0.2494481236203091,-0.2811839323467231
2009-10-01,3.39,-0.002941176470588225,-0.05571030640668517,-0.03966005665722372,-0.18313253012048192,-0.2630434782608695
2009-11-01,3.4,0.002949852507374562,0.0,0.4049586776859504,-0.1707317073170731,-0.2543859649122806
2009-12-01,3.59,0.055882352941176494,0.05899705014749257,0.4246031746031744,-0.0401069518716578,-0.2457983193277311
2010-01-01,3.73,0.03899721448467974,0.09705882352941186,0.29965156794425085,-0.002673796791443861,-0.2097457627118644
2010-02-01,3.69,-0.01072386058981234,0.027855153203342642,0.3085106382978724,0.05128205128205132,-0.1907894736842105
2010-03-01,3.73,0.01084010840108407,0.0,0.2730375426621159,0.013586956521739024,-0.20469083155650325
2010-04-01,3.85,0.03217158176943702,0.04336043360433606,0.17021276595744683,-0.0077319587628865705,-0.18947368421052635
2010-05-01,3.42,-0.11168831168831173,-0.08310991957104563,-0.08064516129032262,-0.1658536585365853,-0.3294117647058823
2010-06-01,3.2,-0.0643274853801169,-0.16883116883116878,-0.10112359550561789,-0.2019950124688279,-0.36
2010-07-01,3.01,-0.05937500000000007,-0.11988304093567259,-0.1615598885793872,-0.22622107969151684,-0.3554603854389722
2010-08-01,2.7,-0.10299003322259126,-0.15625,-0.2058823529411764,-0.2682926829268292,-0.40265486725663713
2010-09-01,2.65,-0.0185185185185186,-0.11960132890365449,-0.2182890855457228,-0.3044619422572179,-0.41501103752759383
2010-10-01,2.54,-0.04150943396226414,-0.059259259259259345,-0.2529411764705882,-0.2804532577903682,-0.38795180722891576
2010-11-01,2.76,0.0866141732283463,0.04150943396226414,-0.2311977715877438,0.14049586776859502,-0.3268292682926829
2010-12-01,3.29,0.19202898550724656,0.295275590551181,-0.11796246648793562,0.3055555555555556,-0.1203208556149733
2011-01-01,3.39,0.03039513677811545,0.22826086956521752,-0.08130081300813008,0.1811846689895471,-0.0935828877005348
2011-02-01,3.58,0.05604719764011801,0.08814589665653494,-0.04021447721179627,0.26950354609929095,0.019943019943019946
2011-03-01,3.41,-0.04748603351955305,0.005899705014749346,-0.11428571428571432,0.16382252559726962,-0.07336956521739135
2011-04-01,3.46,0.014662756598240456,-0.033519553072625774,0.011695906432748648,0.05167173252279622,-0.10824742268041232
2011-05-01,3.17,-0.08381502890173409,-0.0703812316715543,-0.009375000000000022,-0.1478494623655915,-0.2268292682926829
2011-06-01,3.0,-0.05362776025236593,-0.1329479768786127,-0.0033222591362125353,-0.1573033707865169,-0.25187032418952615
2011-07-01,3.0,0.0,-0.05362776025236593,0.11111111111111094,-0.1643454038997214,-0.22879177377892035
2011-08-01,2.3,-0.2333333333333334,-0.2333333333333334,-0.1320754716981133,-0.32352941176470595,-0.3766937669376694
2011-09-01,1.98,-0.13913043478260867,-0.33999999999999997,-0.22047244094488194,-0.415929203539823,-0.4803149606299213
2011-10-01,2.15,0.08585858585858586,-0.06521739130434778,-0.22101449275362317,-0.36764705882352944,-0.3909348441926346
2011-11-01,2.01,-0.06511627906976747,0.015151515151515138,-0.3890577507598785,-0.4401114206128134,-0.1694214876033059
2011-12-01,1.98,-0.01492537313432829,-0.07906976744186045,-0.415929203539823,-0.4691689008042895,-0.2142857142857143
2012-01-01,1.97,-0.005050505050505083,-0.01990049751243772,-0.44972067039106145,-0.46612466124661245,-0.3135888501742161
2012-02-01,1.97,0.0,-0.005050505050505083,-0.4222873900293256,-0.4718498659517426,-0.301418439716312
2012-03-01,2.17,0.10152284263959399,0.10152284263959399,-0.3728323699421966,-0.4363636363636364,-0.2593856655290103
2012-04-01,2.05,-0.055299539170507006,0.04060913705583746,-0.35331230283911674,-0.4005847953216375,-0.37689969604863227
2012-05-01,1.8,-0.12195121951219501,-0.17050691244239624,-0.4,-0.4375,-0.5161290322580645
2012-06-01,1.62,-0.09999999999999998,-0.20975609756097546,-0.45999999999999996,-0.46179401993355473,-0.5449438202247191
2012-07-01,1.53,-0.05555555555555558,-0.15000000000000002,-0.33478260869565213,-0.43333333333333335,-0.5738161559888579
2012-08-01,1.68,0.09803921568627438,0.03703703703703698,-0.1515151515151515,-0.36603773584905663,-0.5058823529411764
2012-09-01,1.72,0.023809523809523725,0.12418300653594772,-0.19999999999999996,-0.3228346456692913,-0.4926253687315635
2012-10-01,1.75,0.01744186046511631,0.04166666666666674,-0.12935323383084563,-0.3659420289855072,-0.48529411764705876
2012-11-01,1.65,-0.05714285714285716,-0.04069767441860472,-0.16666666666666674,-0.4984802431610943,-0.5403899721448469
2012-12-01,1.72,0.042424242424242475,-0.017142857142857126,-0.12690355329949243,-0.4926253687315635,-0.5388739946380697
2013-01-01,1.91,0.11046511627906974,0.15757575757575748,-0.030456852791878153,-0.46648044692737434,-0.48238482384823844
2013-02-01,1.98,0.03664921465968596,0.15116279069767447,-0.0875576036866359,-0.4193548387096775,-0.4691689008042895
2013-03-01,1.96,-0.010101010101010055,0.02617801047120416,-0.04390243902439017,-0.4335260115606936,-0.49090909090909096
2013-04-01,1.76,-0.10204081632653061,-0.11111111111111105,-0.022222222222222254,-0.444794952681388,-0.48538011695906436
2013-05-01,1.93,0.09659090909090895,-0.015306122448979553,0.191358024691358,-0.3566666666666667,-0.3968750000000001
2013-06-01,2.3,0.1917098445595855,0.30681818181818166,0.5032679738562089,-0.2333333333333334,-0.23588039867109634
2013-07-01,2.58,0.1217391304347828,0.33678756476683946,0.5357142857142858,0.1217391304347828,-0.04444444444444451
2013-08-01,2.74,0.0620155038759691,0.19130434782608718,0.5930232558139537,0.38383838383838387,0.03396226415094361
2013-09-01,2.81,0.025547445255474477,0.08914728682170536,0.6057142857142856,0.3069767441860465,0.10629921259842523
2013-10-01,2.62,-0.06761565836298933,-0.04379562043795626,0.5878787878787881,0.3034825870646769,-0.05072463768115931
2013-11-01,2.72,0.03816793893129766,-0.03202846975088958,0.5813953488372094,0.3737373737373739,-0.17325227963525835
2013-12-01,2.9,0.06617647058823528,0.10687022900763354,0.5183246073298429,0.47208121827411165,-0.14454277286135697
2014-01-01,2.86,-0.01379310344827589,0.051470588235293935,0.4444444444444444,0.4517766497461928,-0.2011173184357542
2014-02-01,2.71,-0.05244755244755239,-0.06551724137931036,0.38265306122448983,0.24884792626728114,-0.2052785923753666
2014-03-01,2.72,0.0036900369003691758,-0.04895104895104885,0.5454545454545456,0.3268292682926832,-0.21387283236994215
2014-04-01,2.71,-0.003676470588235392,0.0,0.40414507772020736,0.5055555555555555,-0.1451104100946372
2014-05-01,2.56,-0.05535055350553497,-0.05882352941176472,0.11304347826086958,0.5802469135802468,-0.1466666666666666
2014-06-01,2.6,0.015625,-0.040590405904059046,0.007751937984496138,0.6993464052287581,-0.1333333333333333
2014-07-01,2.54,-0.023076923076923106,-0.0078125,-0.07299270072992703,0.5119047619047621,0.10434782608695659
2014-08-01,2.42,-0.047244094488189003,-0.06923076923076932,-0.1387900355871886,0.40697674418604657,0.2222222222222221
2014-09-01,2.53,0.045454545454545414,-0.003937007874015852,-0.03435114503816805,0.4457142857142855,0.17674418604651154
2014-10-01,2.3,-0.09090909090909094,-0.04958677685950419,-0.15441176470588247,0.3939393939393938,0.14427860696517425
2014-11-01,2.33,0.013043478260869712,-0.07905138339920936,-0.19655172413793098,0.35465116279069764,0.1767676767676769
2014-12-01,2.21,-0.05150214592274682,-0.03913043478260869,-0.2272727272727273,0.15706806282722519,0.12182741116751261
2015-01-01,1.88,-0.14932126696832582,-0.19313304721030045,-0.3062730627306274,-0.0505050505050505,-0.045685279187817285
2015-02-01,1.98,0.05319148936170226,-0.10407239819004521,-0.2720588235294118,0.010204081632652962,-0.0875576036866359
2015-03-01,2.04,0.030303030303030276,0.08510638297872353,-0.24723247232472323,0.15909090909090917,-0.004878048780487698
2015-04-01,1.94,-0.0490196078431373,-0.02020202020202022,-0.2421875,0.005181347150259086,0.07777777777777772
2015-05-01,2.2,0.13402061855670122,0.07843137254901977,-0.15384615384615385,-0.04347826086956508,0.3580246913580247
2015-06-01,2.36,0.07272727272727253,0.21649484536082464,-0.07086614173228356,-0.0852713178294574,0.5424836601307188
2015-07-01,2.32,-0.016949152542372947,0.05454545454545445,-0.04132231404958686,-0.15328467153284686,0.38095238095238093
2015-08-01,2.17,-0.06465517241379304,-0.0805084745762712,-0.14229249011857703,-0.22775800711743777,0.2616279069767442
2015-09-01,2.17,0.0,-0.06465517241379304,-0.05652173913043479,-0.1717557251908397,0.24
2015-10-01,2.07,-0.04608294930875578,-0.04608294930875578,-0.11158798283261817,-0.23897058823529427,0.2545454545454544
2015-11-01,2.26,0.09178743961352653,0.041474654377880116,0.02262443438914019,-0.2206896551724138,0.3139534883720929
2015-12-01,2.24,-0.008849557522123686,0.08212560386473444,0.19148936170212782,-0.21678321678321666,0.17277486910994777
2016-01-01,2.09,-0.06696428571428592,-0.0752212389380531,0.05555555555555558,-0.22878228782287824,0.05555555555555558
2016-02-01,1.78,-0.14832535885167453,-0.2053571428571429,-0.12745098039215685,-0.34558823529411764,-0.09183673469387754
2016-03-01,1.89,0.061797752808988804,-0.09569377990430616,-0.02577319587628868,-0.3025830258302583,0.07386363636363624
2016-04-01,1.81,-0.042328042328042215,0.016853932584269593,-0.17727272727272736,-0.29296875,-0.062176165803108696
2016-05-01,1.81,0.0,-0.042328042328042215,-0.23305084745762705,-0.3038461538461539,-0.21304347826086945
2016-06-01,1.64,-0.09392265193370175,-0.09392265193370175,-0.2931034482758621,-0.35433070866141736,-0.3643410852713179
2016-07-01,1.5,-0.08536585365853655,-0.1712707182320442,-0.3087557603686636,-0.3801652892561983,-0.45255474452554745
2016-08-01,1.56,0.040000000000000036,-0.04878048780487798,-0.28110599078341014,-0.3833992094861659,-0.44483985765124556
2016-09-01,1.63,0.04487179487179471,0.08666666666666667,-0.2125603864734299,-0.29130434782608694,-0.37786259541984735
2016-10-01,1.76,0.07975460122699385,0.1282051282051282,-0.22123893805309724,-0.24463519313304727,-0.3529411764705883
2016-11-01,2.14,0.21590909090909105,0.3128834355828223,-0.044642857142857206,-0.03167420814479627,-0.26206896551724135
2016-12-01,2.49,0.16355140186915884,0.4147727272727273,0.19138755980861255,0.32446808510638325,-0.12937062937062926
2017-01-01,2.43,-0.02409638554216864,0.13551401869158886,0.3651685393258428,0.2272727272727273,-0.10332103321033204
2017-02-01,2.42,-0.004115226337448652,-0.028112449799196915,0.28042328042328046,0.18627450980392157,-0.11029411764705888
2017-03-01,2.48,0.024793388429751984,0.020576131687242816,0.37016574585635365,0.27835051546391765,-0.08487084870848705
2017-04-01,2.3,-0.07258064516129037,-0.04958677685950419,0.27071823204419876,0.04545454545454519,-0.10156250000000011
2017-05-01,2.3,0.0,-0.07258064516129037,0.4024390243902438,-0.025423728813559365,-0.11538461538461553
2017-06-01,2.19,-0.047826086956521685,-0.047826086956521685,0.45999999999999996,-0.05603448275862066,-0.13779527559055127
2017-07-01,2.32,0.05936073059360725,0.008695652173912993,0.487179487179487,0.06912442396313367,-0.04132231404958686
2017-08-01,2.21,-0.047413793103448176,0.009132420091324311,0.35582822085889587,0.018433179723502224,-0.1264822134387351
2017-09-01,2.2,-0.004524886877827927,-0.051724137931034364,0.25,0.06280193236715004,-0.04347826086956508
2017-10-01,2.36,0.07272727272727253,0.0678733031674208,0.10280373831775691,0.04424778761061954,0.012875536480686511
2017-11-01,2.35,-0.004237288135593098,0.06818181818181812,-0.05622489959839361,0.049107142857142794,0.06334841628959276
2017-12-01,2.4,0.02127659574468077,0.016949152542372836,-0.012345679012345734,0.14832535885167464,0.27659574468085113
2018-01-01,2.58,0.07500000000000018,0.09787234042553195,0.06611570247933884,0.449438202247191,0.303030303030303
2018-02-01,2.86,0.10852713178294571,0.19166666666666665,0.15322580645161277,0.5132275132275133,0.4019607843137254
2018-03-01,2.84,-0.006993006993006978,0.10077519379844957,0.23478260869565215,0.5690607734806628,0.4639175257731958
2018-04-01,2.87,0.010563380281690238,0.0034965034965035446,0.24782608695652186,0.5856353591160222,0.30454545454545445
2018-05-01,2.98,0.03832752613240409,0.04929577464788748,0.36073059360730597,0.8170731707317074,0.2627118644067796
2018-06-01,2.91,-0.02348993288590595,0.013937282229965264,0.2543103448275863,0.9400000000000002,0.2543103448275863
2018-07-01,2.89,-0.0068728522336769515,-0.030201342281879096,0.3076923076923077,0.8525641025641026,0.3317972350230416
2018-08-01,2.89,0.0,-0.0068728522336769515,0.3136363636363635,0.7730061349693254,0.3317972350230416
2018-09-01,3.0,0.03806228373702414,0.03806228373702414,0.27118644067796627,0.7045454545454546,0.4492753623188408
2018-10-01,3.15,0.050000000000000044,0.08996539792387526,0.34042553191489344,0.4719626168224298,0.39380530973451333
2018-11-01,3.12,-0.00952380952380949,0.040000000000000036,0.30000000000000004,0.2530120481927711,0.3928571428571428
2018-12-01,2.83,-0.09294871794871795,-0.10158730158730156,0.0968992248062015,0.1646090534979423,0.3540669856459331
